"glass_type","removed_artifact","component_j","component_k","baseline_r","loao_r","change","absolute_change","sign_same"
"高钾","01",1,2,0.0542545006671742,0.0314893857306004,-0.0227651149365738,0.0227651149365738,TRUE
"高钾","01",1,3,-0.348127284217064,-0.334637136256198,0.0134901479608661,0.0134901479608661,TRUE
"高钾","01",1,4,-0.13460653030799,-0.117045517647331,0.0175610126606584,0.0175610126606584,TRUE
"高钾","01",1,5,-0.387328019149632,-0.37755451144276,0.0097735077068718,0.0097735077068718,TRUE
"高钾","01",1,6,0.0687541337706304,0.0249513773552098,-0.0438027564154206,0.0438027564154206,TRUE
"高钾","01",1,7,-0.432323535703655,-0.420706404360473,0.0116171313431814,0.0116171313431814,TRUE
"高钾","01",1,8,0.199745898402592,0.220647711459789,0.0209018130571967,0.0209018130571967,TRUE
"高钾","01",1,9,-0.18926376967667,-0.242665596860593,-0.0534018271839228,0.0534018271839228,TRUE
"高钾","01",1,10,-0.219991014302309,-0.259267390751219,-0.0392763764489107,0.0392763764489107,TRUE
"高钾","01",1,11,-0.00878393227919905,0.00397069683745508,0.0127546291166541,0.0127546291166541,FALSE
"高钾","01",1,12,0.458939349700947,0.441805058760348,-0.0171342909405989,0.0171342909405989,TRUE
"高钾","01",1,13,0.606688684740374,0.600111194536028,-0.00657749020434617,0.00657749020434617,TRUE
"高钾","01",1,14,0.278223114673677,0.385795700232372,0.107572585558695,0.107572585558695,TRUE
"高钾","01",2,3,0.216578091954458,0.247212285684576,0.0306341937301183,0.0306341937301183,TRUE
"高钾","01",2,4,0.299405217375534,0.331518254973227,0.0321130375976929,0.0321130375976929,TRUE
"高钾","01",2,5,-0.403818226434411,-0.392747417239982,0.0110708091944286,0.0110708091944286,TRUE
"高钾","01",2,6,0.245441560562435,0.20449046095396,-0.0409510996084743,0.0409510996084743,TRUE
"高钾","01",2,7,-0.174797003463307,-0.154348674420248,0.0204483290430587,0.0204483290430587,TRUE
"高钾","01",2,8,-0.113022092951,-0.0944174466037835,0.0186046463472164,0.0186046463472164,TRUE
"高钾","01",2,9,0.0676838238118794,0.0197309572680258,-0.0479528665438536,0.0479528665438536,TRUE
"高钾","01",2,10,-0.514622611172821,-0.573396250094081,-0.0587736389212598,0.0587736389212598,TRUE
"高钾","01",2,11,-0.549886513397414,-0.544563958253847,0.00532255514356683,0.00532255514356683,TRUE
"高钾","01",2,12,-0.295837117005418,-0.379446338391019,-0.0836092213856009,0.0836092213856009,TRUE
"高钾","01",2,13,0.00951632385933851,-0.010943697327399,-0.0204600211867375,0.0204600211867375,FALSE
"高钾","01",2,14,-0.272867653876907,-0.223782123806282,0.0490855300706253,0.0490855300706253,TRUE
"高钾","01",3,4,-0.127269858394648,-0.151127815448472,-0.0238579570538242,0.0238579570538242,TRUE
"高钾","01",3,5,-0.0294172026632152,-0.0467869241711911,-0.0173697215079759,0.0173697215079759,TRUE
"高钾","01",3,6,-0.0855233403558763,-0.0408586145737285,0.0446647257821478,0.0446647257821478,TRUE
"高钾","01",3,7,-0.198583206137642,-0.224173037817591,-0.0255898316799489,0.0255898316799489,TRUE
"高钾","01",3,8,-0.472577556731677,-0.499422952644729,-0.0268453959130521,0.0268453959130521,TRUE
"高钾","01",3,9,-0.188509899826847,-0.154444043839898,0.0340658559869498,0.0340658559869498,TRUE
"高钾","01",3,10,-0.400530681583611,-0.381937285934991,0.0185933956486199,0.0185933956486199,TRUE
"高钾","01",3,11,-0.219986211526801,-0.236706267116642,-0.0167200555898406,0.0167200555898406,TRUE
"高钾","01",3,12,0.0191472940340376,0.0728426471689502,0.0536953531349126,0.0536953531349126,TRUE
"高钾","01",3,13,0.0371771263800573,0.0556083520645277,0.0184312256844704,0.0184312256844704,TRUE
"高钾","01",3,14,0.0687387971484495,0.00368092454606895,-0.0650578726023806,0.0650578726023806,TRUE
"高钾","01",4,5,-0.301210361081584,-0.322839120550953,-0.0216287594693685,0.0216287594693685,TRUE
"高钾","01",4,6,-0.175966838097651,-0.13845742944534,0.0375094086523107,0.0375094086523107,TRUE
"高钾","01",4,7,0.232256551428754,0.21619071302123,-0.0160658384075244,0.0160658384075244,TRUE
"高钾","01",4,8,0.412120135965128,0.401751137000167,-0.0103689989649609,0.0103689989649609,TRUE
"高钾","01",4,9,-0.0115810785570119,0.0315999827632564,0.0431810613202683,0.0431810613202683,FALSE
"高钾","01",4,10,-0.388055762444658,-0.36950206944526,0.018553692999398,0.018553692999398,TRUE
"高钾","01",4,11,-0.414143562644822,-0.433325608001401,-0.0191820453565796,0.0191820453565796,TRUE
"高钾","01",4,12,-0.694205411766386,-0.693206736235661,0.00099867553072519,0.00099867553072519,TRUE
"高钾","01",4,13,-0.51823789140064,-0.509988971365763,0.00824892003487698,0.00824892003487698,TRUE
"高钾","01",4,14,0.193574593847427,0.146387090581128,-0.0471875032662984,0.0471875032662984,TRUE
"高钾","01",5,6,0.200231162947065,0.252613020311369,0.0523818573643044,0.0523818573643044,TRUE
"高钾","01",5,7,0.033860182225866,0.0177706669958228,-0.0160895152300432,0.0160895152300432,TRUE
"高钾","01",5,8,-0.519442538246898,-0.540986498510212,-0.0215439602633136,0.0215439602633136,TRUE
"高钾","01",5,9,-0.0072696725643517,0.0272657783350748,0.0345354508994265,0.0345354508994265,FALSE
"高钾","01",5,10,0.181178497348922,0.212615813144348,0.0314373157954262,0.0314373157954262,TRUE
"高钾","01",5,11,0.0900044269505306,0.0804859495627893,-0.00951847738774129,0.00951847738774129,TRUE
"高钾","01",5,12,0.0554660954996376,0.100095908120309,0.0446298126206715,0.0446298126206715,TRUE
"高钾","01",5,13,0.0652080406052985,0.0799789081222211,0.0147708675169226,0.0147708675169226,TRUE
"高钾","01",5,14,0.0684180096689679,0.0192502259692297,-0.0491677836997382,0.0491677836997382,TRUE
"高钾","01",6,7,-0.394551502915282,-0.37164307532598,0.0229084275893019,0.0229084275893019,TRUE
"高钾","01",6,8,-0.29333944556724,-0.270090362176752,0.0232490833904884,0.0232490833904884,TRUE
"高钾","01",6,9,0.083128245237789,-0.0128104607688398,-0.0959387060066288,0.0959387060066288,FALSE
"高钾","01",6,10,-0.189705168878086,-0.282733982582656,-0.0930288137045709,0.0930288137045709,TRUE
"高钾","01",6,11,0.218386677484859,0.263360599166737,0.0449739216818777,0.0449739216818777,TRUE
"高钾","01",6,12,0.0144112555249763,-0.106279590875844,-0.120690846400821,0.120690846400821,FALSE
"高钾","01",6,13,0.136752488441912,0.104092325271592,-0.0326601631703202,0.0326601631703202,TRUE
"高钾","01",6,14,-0.125007056637687,0.0255152976567457,0.150522354294433,0.150522354294433,FALSE
"高钾","01",7,8,0.557105971828866,0.549290867522869,-0.0078151043059963,0.0078151043059963,TRUE
"高钾","01",7,9,-0.23094309275942,-0.199719377242422,0.0312237155169986,0.0312237155169986,TRUE
"高钾","01",7,10,0.258089813400397,0.299847628005949,0.0417578146055523,0.0417578146055523,TRUE
"高钾","01",7,11,-0.00954360914671686,-0.0229641097572304,-0.0134205006105135,0.0134205006105135,TRUE
"高钾","01",7,12,-0.384810409971865,-0.361033483477936,0.0237769264939285,0.0237769264939285,TRUE
"高钾","01",7,13,-0.697216804121459,-0.692104775588794,0.00511202853266512,0.00511202853266512,TRUE
"高钾","01",7,14,0.0467817396483411,-0.0203567441844082,-0.0671384838327493,0.0671384838327493,FALSE
"高钾","01",8,9,-0.162605945975513,-0.133684506226917,0.0289214397485954,0.0289214397485954,TRUE
"高钾","01",8,10,0.112486645074102,0.143836157783722,0.0313495127096207,0.0313495127096207,TRUE
"高钾","01",8,11,0.00626362645999937,-0.00494811181269162,-0.011211738272691,0.011211738272691,FALSE
"高钾","01",8,12,-0.216559619721725,-0.187666664414518,0.0288929553072069,0.0288929553072069,TRUE
"高钾","01",8,13,-0.53227145016489,-0.525293775476699,0.00697767468819099,0.00697767468819099,TRUE
"高钾","01",8,14,0.223834993528003,0.190318469662158,-0.0335165238658453,0.0335165238658453,TRUE
"高钾","01",9,10,0.570338609203785,0.542735740201433,-0.0276028690023519,0.0276028690023519,TRUE
"高钾","01",9,11,-0.186379606755283,-0.167815614008742,0.018563992746541,0.018563992746541,TRUE
"高钾","01",9,12,-0.0741688235325984,-0.190605467310128,-0.11643664377753,0.11643664377753,TRUE
"高钾","01",9,13,-0.2155228520025,-0.263698859476767,-0.0481760074742665,0.0481760074742665,TRUE
"高钾","01",9,14,-0.700967345314575,-0.667143363930459,0.0338239813841161,0.0338239813841161,TRUE
"高钾","01",10,11,0.272281478933583,0.300695417058241,0.0284139381246581,0.0284139381246581,TRUE
"高钾","01",10,12,0.252091390829387,0.194429391169239,-0.0576619996601475,0.0576619996601475,TRUE
"高钾","01",10,13,-0.197337085388339,-0.230801867143577,-0.0334647817552379,0.0334647817552379,TRUE
"高钾","01",10,14,-0.593144553636386,-0.56774105429681,0.0254034993395765,0.0254034993395765,TRUE
"高钾","01",11,12,0.201942937429618,0.247778435392518,0.0458354979629003,0.0458354979629003,TRUE
"高钾","01",11,13,0.211948498815612,0.225426876739496,0.0134783779238838,0.0134783779238838,TRUE
"高钾","01",11,14,0.0547331571886193,0.0154449077824157,-0.0392882494062037,0.0392882494062037,TRUE
"高钾","01",12,13,0.60949498493502,0.608642804209182,-0.000852180725838814,0.000852180725838814,TRUE
"高钾","01",12,14,-0.122060330058343,0.0344585445653411,0.156518874623684,0.156518874623684,FALSE
"高钾","01",13,14,0.125254243167517,0.202289319609807,0.0770350764422894,0.0770350764422894,TRUE
"高钾","03",1,2,0.0542545006671742,-0.0255745211541008,-0.079829021821275,0.079829021821275,FALSE
"高钾","03",1,3,-0.348127284217064,-0.377578820692474,-0.0294515364754102,0.0294515364754102,TRUE
"高钾","03",1,4,-0.13460653030799,-0.148008856402236,-0.0134023260942457,0.0134023260942457,TRUE
"高钾","03",1,5,-0.387328019149632,-0.362625369254304,0.0247026498953276,0.0247026498953276,TRUE
"高钾","03",1,6,0.0687541337706304,-0.227396621558505,-0.296150755329135,0.296150755329135,FALSE
"高钾","03",1,7,-0.432323535703655,-0.427493890118342,0.00482964558531285,0.00482964558531285,TRUE
"高钾","03",1,8,0.199745898402592,0.240411912722316,0.0406660143197238,0.0406660143197238,TRUE
"高钾","03",1,9,-0.18926376967667,-0.14561601686213,0.0436477528145403,0.0436477528145403,TRUE
"高钾","03",1,10,-0.219991014302309,-0.0622752010329394,0.157715813269369,0.157715813269369,TRUE
"高钾","03",1,11,-0.00878393227919905,-0.0811958627069058,-0.0724119304277068,0.0724119304277068,TRUE
"高钾","03",1,12,0.458939349700947,0.516162903321419,0.0572235536204721,0.0572235536204721,TRUE
"高钾","03",1,13,0.606688684740374,0.582488553473991,-0.0242001312663825,0.0242001312663825,TRUE
"高钾","03",1,14,0.278223114673677,0.191940698271058,-0.0862824164026189,0.0862824164026189,TRUE
"高钾","03",2,3,0.216578091954458,0.266091991990076,0.0495139000356187,0.0495139000356187,TRUE
"高钾","03",2,4,0.299405217375534,0.329967682229773,0.0305624648542394,0.0305624648542394,TRUE
"高钾","03",2,5,-0.403818226434411,-0.452475197539652,-0.0486569711052414,0.0486569711052414,TRUE
"高钾","03",2,6,0.245441560562435,0.175358975986665,-0.0700825845757697,0.0700825845757697,TRUE
"高钾","03",2,7,-0.174797003463307,-0.24975294761923,-0.0749559441559228,0.0749559441559228,TRUE
"高钾","03",2,8,-0.113022092951,-0.104584290815519,0.00843780213548111,0.00843780213548111,TRUE
"高钾","03",2,9,0.0676838238118794,0.212288431950048,0.144604608138168,0.144604608138168,TRUE
"高钾","03",2,10,-0.514622611172821,-0.47010513597473,0.044517475198091,0.044517475198091,TRUE
"高钾","03",2,11,-0.549886513397414,-0.60285842411252,-0.0529719107151053,0.0529719107151053,TRUE
"高钾","03",2,12,-0.295837117005418,-0.290995959970864,0.00484115703455396,0.00484115703455396,TRUE
"高钾","03",2,13,0.00951632385933851,-0.0479056700799489,-0.0574219939392874,0.0574219939392874,FALSE
"高钾","03",2,14,-0.272867653876907,-0.391285281326338,-0.118417627449431,0.118417627449431,TRUE
"高钾","03",3,4,-0.127269858394648,-0.154725218280491,-0.0274553598858434,0.0274553598858434,TRUE
"高钾","03",3,5,-0.0294172026632152,0.0280419232899186,0.0574591259531338,0.0574591259531338,FALSE
"高钾","03",3,6,-0.0855233403558763,-0.119202110784798,-0.0336787704289221,0.0336787704289221,TRUE
"高钾","03",3,7,-0.198583206137642,-0.126640972645481,0.071942233492161,0.071942233492161,TRUE
"高钾","03",3,8,-0.472577556731677,-0.484744015821201,-0.0121664590895237,0.0121664590895237,TRUE
"高钾","03",3,9,-0.188509899826847,-0.333931250976469,-0.145421351149621,0.145421351149621,TRUE
"高钾","03",3,10,-0.400530681583611,-0.50497008312082,-0.104439401537208,0.104439401537208,TRUE
"高钾","03",3,11,-0.219986211526801,-0.242549819292699,-0.0225636077658984,0.0225636077658984,TRUE
"高钾","03",3,12,0.0191472940340376,0.0114101468324805,-0.00773714720155717,0.00773714720155717,TRUE
"高钾","03",3,13,0.0371771263800573,0.0572871194857139,0.0201099931056566,0.0201099931056566,TRUE
"高钾","03",3,14,0.0687387971484495,0.113968756455883,0.0452299593074339,0.0452299593074339,TRUE
"高钾","03",4,5,-0.301210361081584,-0.286871594864431,0.014338766217153,0.014338766217153,TRUE
"高钾","03",4,6,-0.175966838097651,-0.240392584154736,-0.0644257460570852,0.0644257460570852,TRUE
"高钾","03",4,7,0.232256551428754,0.364616957730732,0.132360406301978,0.132360406301978,TRUE
"高钾","03",4,8,0.412120135965128,0.415640864557501,0.00352072859237279,0.00352072859237279,TRUE
"高钾","03",4,9,-0.0115810785570119,-0.0734199671011088,-0.0618388885440969,0.0618388885440969,TRUE
"高钾","03",4,10,-0.388055762444658,-0.459050360491972,-0.0709945980473133,0.0709945980473133,TRUE
"高钾","03",4,11,-0.414143562644822,-0.434471041698932,-0.0203274790541108,0.0203274790541108,TRUE
"高钾","03",4,12,-0.694205411766386,-0.704018448598963,-0.00981303683257639,0.00981303683257639,TRUE
"高钾","03",4,13,-0.51823789140064,-0.528204416305596,-0.00996652490495631,0.00996652490495631,TRUE
"高钾","03",4,14,0.193574593847427,0.224643720431648,0.0310691265842214,0.0310691265842214,TRUE
"高钾","03",5,6,0.200231162947065,0.462362235984121,0.262131073037056,0.262131073037056,TRUE
"高钾","03",5,7,0.033860182225866,-0.224670123981833,-0.258530306207699,0.258530306207699,FALSE
"高钾","03",5,8,-0.519442538246898,-0.565925208996189,-0.0464826707492911,0.0464826707492911,TRUE
"高钾","03",5,9,-0.0072696725643517,0.107704129452456,0.114973802016808,0.114973802016808,FALSE
"高钾","03",5,10,0.181178497348922,0.16604016180698,-0.0151383355419414,0.0151383355419414,TRUE
"高钾","03",5,11,0.0900044269505306,0.157736858196994,0.0677324312464631,0.0677324312464631,TRUE
"高钾","03",5,12,0.0554660954996376,0.0606721195772101,0.00520602407757255,0.00520602407757255,TRUE
"高钾","03",5,13,0.0652080406052985,0.0945888777072898,0.0293808371019914,0.0293808371019914,TRUE
"高钾","03",5,14,0.0684180096689679,0.0890011018192575,0.0205830921502895,0.0205830921502895,TRUE
"高钾","03",6,7,-0.394551502915282,-0.26962252237974,0.124928980535542,0.124928980535542,TRUE
"高钾","03",6,8,-0.29333944556724,-0.32872894529167,-0.0353894997244304,0.0353894997244304,TRUE
"高钾","03",6,9,0.083128245237789,0.240827073180225,0.157698827942436,0.157698827942436,TRUE
"高钾","03",6,10,-0.189705168878086,0.105119829527767,0.294824998405853,0.294824998405853,FALSE
"高钾","03",6,11,0.218386677484859,0.138768897364983,-0.079617780119876,0.079617780119876,TRUE
"高钾","03",6,12,0.0144112555249763,0.0514702830271007,0.0370590275021244,0.0370590275021244,TRUE
"高钾","03",6,13,0.136752488441912,0.0126051627664234,-0.124147325675489,0.124147325675489,TRUE
"高钾","03",6,14,-0.125007056637687,-0.394491465187604,-0.269484408549916,0.269484408549916,TRUE
"高钾","03",7,8,0.557105971828866,0.671292631966771,0.114186660137905,0.114186660137905,TRUE
"高钾","03",7,9,-0.23094309275942,-0.0777829412670671,0.153160151492353,0.153160151492353,TRUE
"高钾","03",7,10,0.258089813400397,0.278963343392036,0.0208735299916386,0.0208735299916386,TRUE
"高钾","03",7,11,-0.00954360914671686,0.103450710265087,0.112994319411804,0.112994319411804,FALSE
"高钾","03",7,12,-0.384810409971865,-0.472735356144893,-0.0879249461730277,0.0879249461730277,TRUE
"高钾","03",7,13,-0.697216804121459,-0.850669378633416,-0.153452574511957,0.153452574511957,TRUE
"高钾","03",7,14,0.0467817396483411,0.0704160436682252,0.0236343040198841,0.0236343040198841,TRUE
"高钾","03",8,9,-0.162605945975513,-0.201032892311266,-0.038426946335753,0.038426946335753,TRUE
"高钾","03",8,10,0.112486645074102,0.0976920410396978,-0.0147946040344039,0.0147946040344039,TRUE
"高钾","03",8,11,0.00626362645999937,0.0165043974915659,0.0102407710315666,0.0102407710315666,TRUE
"高钾","03",8,12,-0.216559619721725,-0.220102847094673,-0.00354322737294777,0.00354322737294777,TRUE
"高钾","03",8,13,-0.53227145016489,-0.534289458107404,-0.00201800794251372,0.00201800794251372,TRUE
"高钾","03",8,14,0.223834993528003,0.255995655043579,0.0321606615155761,0.0321606615155761,TRUE
"高钾","03",9,10,0.570338609203785,0.546614008494768,-0.0237246007090168,0.0237246007090168,TRUE
"高钾","03",9,11,-0.186379606755283,-0.222582735533026,-0.0362031287777425,0.0362031287777425,TRUE
"高钾","03",9,12,-0.0741688235325984,-0.114541738128176,-0.0403729145955778,0.0403729145955778,TRUE
"高钾","03",9,13,-0.2155228520025,-0.168987246576473,0.0465356054260277,0.0465356054260277,TRUE
"高钾","03",9,14,-0.700967345314575,-0.699707534100445,0.00125981121413099,0.00125981121413099,TRUE
"高钾","03",10,11,0.272281478933583,0.3883241276799,0.116042648746318,0.116042648746318,TRUE
"高钾","03",10,12,0.252091390829387,0.256364110521241,0.00427271969185389,0.00427271969185389,TRUE
"高钾","03",10,13,-0.197337085388339,-0.106276411248827,0.0910606741395113,0.0910606741395113,TRUE
"高钾","03",10,14,-0.593144553636386,-0.528526776614426,0.0646177770219603,0.0646177770219603,TRUE
"高钾","03",11,12,0.201942937429618,0.211241044799189,0.00929810736957087,0.00929810736957087,TRUE
"高钾","03",11,13,0.211948498815612,0.188735540927289,-0.0232129578883229,0.0232129578883229,TRUE
"高钾","03",11,14,0.0547331571886193,0.0186734929213024,-0.0360596642673169,0.0360596642673169,TRUE
"高钾","03",12,13,0.60949498493502,0.639664757667877,0.0301697727328566,0.0301697727328566,TRUE
"高钾","03",12,14,-0.122060330058343,-0.109186247662582,0.0128740823957606,0.0128740823957606,TRUE
"高钾","03",13,14,0.125254243167517,0.0561751353362166,-0.0690791078313009,0.0690791078313009,TRUE
"高钾","04",1,2,0.0542545006671742,0.027923210700191,-0.0263312899669832,0.0263312899669832,TRUE
"高钾","04",1,3,-0.348127284217064,-0.333491418928847,0.014635865288217,0.014635865288217,TRUE
"高钾","04",1,4,-0.13460653030799,-0.112525694636203,0.0220808356717868,0.0220808356717868,TRUE
"高钾","04",1,5,-0.387328019149632,-0.367410048501534,0.0199179706480974,0.0199179706480974,TRUE
"高钾","04",1,6,0.0687541337706304,0.0753468657840836,0.00659273201345323,0.00659273201345323,TRUE
"高钾","04",1,7,-0.432323535703655,-0.416234880545831,0.0160886551578238,0.0160886551578238,TRUE
"高钾","04",1,8,0.199745898402592,0.202711202070477,0.002965303667885,0.002965303667885,TRUE
"高钾","04",1,9,-0.18926376967667,-0.249974727099613,-0.0607109574229427,0.0607109574229427,TRUE
"高钾","04",1,10,-0.219991014302309,-0.264946048118729,-0.0449550338164207,0.0449550338164207,TRUE
"高钾","04",1,11,-0.00878393227919905,-0.00670400119272887,0.00207993108647018,0.00207993108647018,TRUE
"高钾","04",1,12,0.458939349700947,0.436589350170196,-0.0223499995307512,0.0223499995307512,TRUE
"高钾","04",1,13,0.606688684740374,0.59914789537182,-0.00754078936855418,0.00754078936855418,TRUE
"高钾","04",1,14,0.278223114673677,0.388134912931476,0.109911798257799,0.109911798257799,TRUE
"高钾","04",2,3,0.216578091954458,0.246802414274857,0.0302243223203991,0.0302243223203991,TRUE
"高钾","04",2,4,0.299405217375534,0.335847157260982,0.0364419398854484,0.0364419398854484,TRUE
"高钾","04",2,5,-0.403818226434411,-0.38226495377693,0.0215532726574805,0.0215532726574805,TRUE
"高钾","04",2,6,0.245441560562435,0.255565191928617,0.0101236313661822,0.0101236313661822,TRUE
"高钾","04",2,7,-0.174797003463307,-0.148985239912365,0.025811763550942,0.025811763550942,TRUE
"高钾","04",2,8,-0.113022092951,-0.114246128291403,-0.00122403534040307,0.00122403534040307,TRUE
"高钾","04",2,9,0.0676838238118794,0.0177500290279469,-0.0499337947839325,0.0499337947839325,TRUE
"高钾","04",2,10,-0.514622611172821,-0.575934362841187,-0.061311751668366,0.061311751668366,TRUE
"高钾","04",2,11,-0.549886513397414,-0.55587808686846,-0.00599157347104595,0.00599157347104595,TRUE
"高钾","04",2,12,-0.295837117005418,-0.384492547015598,-0.0886554300101803,0.0886554300101803,TRUE
"高钾","04",2,13,0.00951632385933851,-0.0122508975937756,-0.0217672214531141,0.0217672214531141,FALSE
"高钾","04",2,14,-0.272867653876907,-0.223483227133807,0.0493844267431001,0.0493844267431001,TRUE
"高钾","04",3,4,-0.127269858394648,-0.152850985358257,-0.0255811269636096,0.0255811269636096,TRUE
"高钾","04",3,5,-0.0294172026632152,-0.0599102093778605,-0.0304930067146453,0.0304930067146453,TRUE
"高钾","04",3,6,-0.0855233403558763,-0.0914796248236418,-0.00595628446776549,0.00595628446776549,TRUE
"高钾","04",3,7,-0.198583206137642,-0.229056205349281,-0.0304729992116382,0.0304729992116382,TRUE
"高钾","04",3,8,-0.472577556731677,-0.477685401159017,-0.00510784442734019,0.00510784442734019,TRUE
"高钾","04",3,9,-0.188509899826847,-0.155473376182119,0.0330365236447288,0.0330365236447288,TRUE
"高钾","04",3,10,-0.400530681583611,-0.382599208750509,0.0179314728331021,0.0179314728331021,TRUE
"高钾","04",3,11,-0.219986211526801,-0.224146254440324,-0.00416004291352251,0.00416004291352251,TRUE
"高钾","04",3,12,0.0191472940340376,0.0727440955690749,0.0535968015350373,0.0535968015350373,TRUE
"高钾","04",3,13,0.0371771263800573,0.0556348028384556,0.0184576764583983,0.0184576764583983,TRUE
"高钾","04",3,14,0.0687387971484495,0.00940305031720155,-0.059335746831248,0.059335746831248,TRUE
"高钾","04",4,5,-0.301210361081584,-0.345105769644591,-0.0438954085630064,0.0438954085630064,TRUE
"高钾","04",4,6,-0.175966838097651,-0.184042073048181,-0.00807523495053084,0.00807523495053084,TRUE
"高钾","04",4,7,0.232256551428754,0.210292134113235,-0.0219644173155197,0.0219644173155197,TRUE
"高钾","04",4,8,0.412120135965128,0.416928013687215,0.00480787772208691,0.00480787772208691,TRUE
"高钾","04",4,9,-0.0115810785570119,0.0373649448177682,0.0489460233747801,0.0489460233747801,FALSE
"高钾","04",4,10,-0.388055762444658,-0.366503529294233,0.0215522331504252,0.0215522331504252,TRUE
"高钾","04",4,11,-0.414143562644822,-0.421670833163455,-0.00752727051863333,0.00752727051863333,TRUE
"高钾","04",4,12,-0.694205411766386,-0.690225854111762,0.00397955765462399,0.00397955765462399,TRUE
"高钾","04",4,13,-0.51823789140064,-0.508834769827941,0.00940312157269863,0.00940312157269863,TRUE
"高钾","04",4,14,0.193574593847427,0.140765026961942,-0.0528095668854848,0.0528095668854848,TRUE
"高钾","04",5,6,0.200231162947065,0.197229590070159,-0.00300157287690608,0.00300157287690608,TRUE
"高钾","04",5,7,0.033860182225866,-0.00222303866737742,-0.0360832208932434,0.0360832208932434,FALSE
"高钾","04",5,8,-0.519442538246898,-0.531243251786665,-0.0118007135397669,0.0118007135397669,TRUE
"高钾","04",5,9,-0.0072696725643517,0.0569436807959886,0.0642133533603403,0.0642133533603403,FALSE
"高钾","04",5,10,0.181178497348922,0.237654753776842,0.05647625642792,0.05647625642792,TRUE
"高钾","04",5,11,0.0900044269505306,0.0890811454522575,-0.000923281498273101,0.000923281498273101,TRUE
"高钾","04",5,12,0.0554660954996376,0.137345282580826,0.0818791870811882,0.0818791870811882,TRUE
"高钾","04",5,13,0.0652080406052985,0.0934028007078162,0.0281947601025177,0.0281947601025177,TRUE
"高钾","04",5,14,0.0684180096689679,-0.0222225589357462,-0.0906405686047141,0.0906405686047141,FALSE
"高钾","04",6,7,-0.394551502915282,-0.407451044392574,-0.0128995414772927,0.0128995414772927,TRUE
"高钾","04",6,8,-0.29333944556724,-0.293627612127741,-0.000288166560500458,0.000288166560500458,TRUE
"高钾","04",6,9,0.083128245237789,0.0981375146449122,0.0150092694071232,0.0150092694071232,TRUE
"高钾","04",6,10,-0.189705168878086,-0.186566848716214,0.00313832016187199,0.00313832016187199,TRUE
"高钾","04",6,11,0.218386677484859,0.218055307508653,-0.000331369976206142,0.000331369976206142,TRUE
"高钾","04",6,12,0.0144112555249763,0.0285142552499194,0.0141029997249431,0.0141029997249431,TRUE
"高钾","04",6,13,0.136752488441912,0.142403136999513,0.00565064855760095,0.00565064855760095,TRUE
"高钾","04",6,14,-0.125007056637687,-0.155620668107064,-0.030613611469377,0.030613611469377,TRUE
"高钾","04",7,8,0.557105971828866,0.565447259744797,0.00834128791593169,0.00834128791593169,TRUE
"高钾","04",7,9,-0.23094309275942,-0.190191809645189,0.0407512831142312,0.0407512831142312,TRUE
"高钾","04",7,10,0.258089813400397,0.309877317029181,0.051787503628784,0.051787503628784,TRUE
"高钾","04",7,11,-0.00954360914671686,-0.0121575354558246,-0.0026139263091077,0.0026139263091077,TRUE
"高钾","04",7,12,-0.384810409971865,-0.3507046832529,0.0341057267189648,0.0341057267189648,TRUE
"高钾","04",7,13,-0.697216804121459,-0.691369578645981,0.00584722547547767,0.00584722547547767,TRUE
"高钾","04",7,14,0.0467817396483411,-0.0326881337723032,-0.0794698734206443,0.0794698734206443,FALSE
"高钾","04",8,9,-0.162605945975513,-0.169361324167998,-0.00675537819248495,0.00675537819248495,TRUE
"高钾","04",8,10,0.112486645074102,0.116036068829993,0.00354942375589165,0.00354942375589165,TRUE
"高钾","04",8,11,0.00626362645999937,0.00622555172227603,-3.80747377233424e-05,3.80747377233424e-05,TRUE
"高钾","04",8,12,-0.216559619721725,-0.229754901094347,-0.0131952813726217,0.0131952813726217,TRUE
"高钾","04",8,13,-0.53227145016489,-0.536110619843055,-0.00383916967816489,0.00383916967816489,TRUE
"高钾","04",8,14,0.223834993528003,0.246667895940526,0.0228329024125233,0.0228329024125233,TRUE
"高钾","04",9,10,0.570338609203785,0.541633096467622,-0.0287055127361631,0.0287055127361631,TRUE
"高钾","04",9,11,-0.186379606755283,-0.190875076408272,-0.00449546965298855,0.00449546965298855,TRUE
"高钾","04",9,12,-0.0741688235325984,-0.196899354428344,-0.122730530895746,0.122730530895746,TRUE
"高钾","04",9,13,-0.2155228520025,-0.266361516219999,-0.0508386642174989,0.0508386642174989,TRUE
"高钾","04",9,14,-0.700967345314575,-0.665263085134128,0.0357042601804479,0.0357042601804479,TRUE
"高钾","04",10,11,0.272281478933583,0.282489679956954,0.0102082010233711,0.0102082010233711,TRUE
"高钾","04",10,12,0.252091390829387,0.191314480766227,-0.0607769100631597,0.0607769100631597,TRUE
"高钾","04",10,13,-0.197337085388339,-0.232790529147779,-0.03545344375944,0.03545344375944,TRUE
"高钾","04",10,14,-0.593144553636386,-0.565029480723098,0.0281150729132889,0.0281150729132889,TRUE
"高钾","04",11,12,0.201942937429618,0.220303261272587,0.0183603238429694,0.0183603238429694,TRUE
"高钾","04",11,13,0.211948498815612,0.215367631429247,0.00341913261363511,0.00341913261363511,TRUE
"高钾","04",11,14,0.0547331571886193,0.0540837611213455,-0.000649396067273877,0.000649396067273877,TRUE
"高钾","04",12,13,0.60949498493502,0.608336843184072,-0.00115814175094797,0.00115814175094797,TRUE
"高钾","04",12,14,-0.122060330058343,0.0316600316669573,0.1537203617253,0.1537203617253,FALSE
"高钾","04",13,14,0.125254243167517,0.19986372094998,0.0746094777824621,0.0746094777824621,TRUE
"高钾","05",1,2,0.0542545006671742,0.00941754794111806,-0.0448369527260561,0.0448369527260561,TRUE
"高钾","05",1,3,-0.348127284217064,-0.329298380070324,0.0188289041467398,0.0188289041467398,TRUE
"高钾","05",1,4,-0.13460653030799,-0.107239173870073,0.0273673564379168,0.0273673564379168,TRUE
"高钾","05",1,5,-0.387328019149632,-0.358834852824201,0.0284931663254306,0.0284931663254306,TRUE
"高钾","05",1,6,0.0687541337706304,0.073061906117435,0.00430777234680461,0.00430777234680461,TRUE
"高钾","05",1,7,-0.432323535703655,-0.407223222243461,0.0251003134601935,0.0251003134601935,TRUE
"高钾","05",1,8,0.199745898402592,0.216728645973031,0.0169827475704387,0.0169827475704387,TRUE
"高钾","05",1,9,-0.18926376967667,-0.287901333026519,-0.0986375633498485,0.0986375633498485,TRUE
"高钾","05",1,10,-0.219991014302309,-0.29485729434468,-0.0748662800423709,0.0748662800423709,TRUE
"高钾","05",1,11,-0.00878393227919905,-0.00634384120648191,0.00244009107271714,0.00244009107271714,TRUE
"高钾","05",1,12,0.458939349700947,0.47611952182586,0.0171801721249136,0.0171801721249136,TRUE
"高钾","05",1,13,0.606688684740374,0.593703267960408,-0.0129854167799655,0.0129854167799655,TRUE
"高钾","05",1,14,0.278223114673677,0.438077103251664,0.159853988577987,0.159853988577987,TRUE
"高钾","05",2,3,0.216578091954458,0.249770079844248,0.0331919878897906,0.0331919878897906,TRUE
"高钾","05",2,4,0.299405217375534,0.335802295190566,0.0363970778150316,0.0363970778150316,TRUE
"高钾","05",2,5,-0.403818226434411,-0.379998837570531,0.0238193888638798,0.0238193888638798,TRUE
"高钾","05",2,6,0.245441560562435,0.252418819240872,0.00697725867843701,0.00697725867843701,TRUE
"高钾","05",2,7,-0.174797003463307,-0.143208528388268,0.0315884750750395,0.0315884750750395,TRUE
"高钾","05",2,8,-0.113022092951,-0.105826048937994,0.00719604401300604,0.00719604401300604,TRUE
"高钾","05",2,9,0.0676838238118794,0.00324319770827009,-0.0644406261036093,0.0644406261036093,TRUE
"高钾","05",2,10,-0.514622611172821,-0.594545224034296,-0.0799226128614747,0.0799226128614747,TRUE
"高钾","05",2,11,-0.549886513397414,-0.558635531453416,-0.00874901805600226,0.00874901805600226,TRUE
"高钾","05",2,12,-0.295837117005418,-0.297990949434842,-0.00215383242942369,0.00215383242942369,TRUE
"高钾","05",2,13,0.00951632385933851,-0.0220661829170351,-0.0315825067763736,0.0315825067763736,FALSE
"高钾","05",2,14,-0.272867653876907,-0.210590711800942,0.0622769420759653,0.0622769420759653,TRUE
"高钾","05",3,4,-0.127269858394648,-0.147947961852947,-0.0206781034582993,0.0206781034582993,TRUE
"高钾","05",3,5,-0.0294172026632152,-0.0568590742544601,-0.0274418715912449,0.0274418715912449,TRUE
"高钾","05",3,6,-0.0855233403558763,-0.087658673285068,-0.00213533292919167,0.00213533292919167,TRUE
"高钾","05",3,7,-0.198583206137642,-0.229447712426704,-0.0308645062890619,0.0308645062890619,TRUE
"高钾","05",3,8,-0.472577556731677,-0.483713699174594,-0.0111361424429163,0.0111361424429163,TRUE
"高钾","05",3,9,-0.188509899826847,-0.154849469204774,0.0336604306220737,0.0336604306220737,TRUE
"高钾","05",3,10,-0.400530681583611,-0.382754365540756,0.0177763160428554,0.0177763160428554,TRUE
"高钾","05",3,11,-0.219986211526801,-0.223481288896052,-0.00349507736925095,0.00349507736925095,TRUE
"高钾","05",3,12,0.0191472940340376,0.0167805768461747,-0.00236671718786292,0.00236671718786292,TRUE
"高钾","05",3,13,0.0371771263800573,0.0592106180066892,0.0220334916266319,0.0220334916266319,TRUE
"高钾","05",3,14,0.0687387971484495,0.0105120851620056,-0.0582267119864439,0.0582267119864439,TRUE
"高钾","05",4,5,-0.301210361081584,-0.337229629861673,-0.0360192687800892,0.0360192687800892,TRUE
"高钾","05",4,6,-0.175966838097651,-0.179024277728327,-0.00305743963067606,0.00305743963067606,TRUE
"高钾","05",4,7,0.232256551428754,0.212527585339969,-0.0197289660887856,0.0197289660887856,TRUE
"高钾","05",4,8,0.412120135965128,0.4099083438345,-0.00221179213062772,0.00221179213062772,TRUE
"高钾","05",4,9,-0.0115810785570119,0.0352647037309302,0.0468457822879421,0.0468457822879421,FALSE
"高钾","05",4,10,-0.388055762444658,-0.36907317848177,0.0189825839628883,0.0189825839628883,TRUE
"高钾","05",4,11,-0.414143562644822,-0.419601762499624,-0.00545819985480228,0.00545819985480228,TRUE
"高钾","05",4,12,-0.694205411766386,-0.703428044838007,-0.00922263307162052,0.00922263307162052,TRUE
"高钾","05",4,13,-0.51823789140064,-0.507875563065685,0.010362328334955,0.010362328334955,TRUE
"高钾","05",4,14,0.193574593847427,0.149841916252224,-0.0437326775952025,0.0437326775952025,TRUE
"高钾","05",5,6,0.200231162947065,0.20212651260414,0.00189534965707563,0.00189534965707563,TRUE
"高钾","05",5,7,0.033860182225866,-0.00272952383448144,-0.0365897060603474,0.0365897060603474,FALSE
"高钾","05",5,8,-0.519442538246898,-0.539691973103966,-0.0202494348570676,0.0202494348570676,TRUE
"高钾","05",5,9,-0.0072696725643517,0.0612354254528878,0.0685050980172395,0.0685050980172395,FALSE
"高钾","05",5,10,0.181178497348922,0.242495109063411,0.0613166117144891,0.0613166117144891,TRUE
"高钾","05",5,11,0.0900044269505306,0.0895128039752979,-0.000491622975232683,0.000491622975232683,TRUE
"高钾","05",5,12,0.0554660954996376,0.0527866418117596,-0.00267945368787798,0.00267945368787798,TRUE
"高钾","05",5,13,0.0652080406052985,0.0988623622435479,0.0336543216382494,0.0336543216382494,TRUE
"高钾","05",5,14,0.0684180096689679,-0.021609231469518,-0.0900272411384859,0.0900272411384859,FALSE
"高钾","05",6,7,-0.394551502915282,-0.403617784526412,-0.00906628161113027,0.00906628161113027,TRUE
"高钾","05",6,8,-0.29333944556724,-0.294176293719868,-0.000836848152628078,0.000836848152628078,TRUE
"高钾","05",6,9,0.083128245237789,0.0915637815450765,0.00843553630728752,0.00843553630728752,TRUE
"高钾","05",6,10,-0.189705168878086,-0.193354397298499,-0.00364922842041396,0.00364922842041396,TRUE
"高钾","05",6,11,0.218386677484859,0.21829597447784,-9.07030070194381e-05,9.07030070194381e-05,TRUE
"高钾","05",6,12,0.0144112555249763,0.0142203630046023,-0.000190892520373975,0.000190892520373975,TRUE
"高钾","05",6,13,0.136752488441912,0.140094124491112,0.0033416360491996,0.0033416360491996,TRUE
"高钾","05",6,14,-0.125007056637687,-0.144964043389752,-0.019956986752065,0.019956986752065,TRUE
"高钾","05",7,8,0.557105971828866,0.558683231011757,0.00157725918289098,0.00157725918289098,TRUE
"高钾","05",7,9,-0.23094309275942,-0.182682503893578,0.0482605888658422,0.0482605888658422,TRUE
"高钾","05",7,10,0.258089813400397,0.320941556228586,0.0628517428281892,0.0628517428281892,TRUE
"高钾","05",7,11,-0.00954360914671686,-0.0118805795699938,-0.0023369704232769,0.0023369704232769,TRUE
"高钾","05",7,12,-0.384810409971865,-0.395420114796245,-0.0106097048243803,0.0106097048243803,TRUE
"高钾","05",7,13,-0.697216804121459,-0.688405529044715,0.00881127507674384,0.00881127507674384,TRUE
"高钾","05",7,14,0.0467817396483411,-0.0422178559179982,-0.0889995955663393,0.0889995955663393,FALSE
"高钾","05",8,9,-0.162605945975513,-0.155763583697663,0.00684236227785015,0.00684236227785015,TRUE
"高钾","05",8,10,0.112486645074102,0.128743467691206,0.0162568226171047,0.0162568226171047,TRUE
"高钾","05",8,11,0.00626362645999937,0.0057291552075565,-0.000534471252442872,0.000534471252442872,TRUE
"高钾","05",8,12,-0.216559619721725,-0.217750778620303,-0.00119115889857782,0.00119115889857782,TRUE
"高钾","05",8,13,-0.53227145016489,-0.531974778030719,0.000296672134171616,0.000296672134171616,TRUE
"高钾","05",8,14,0.223834993528003,0.226752640892483,0.00291764736447975,0.00291764736447975,TRUE
"高钾","05",9,10,0.570338609203785,0.53356271695373,-0.0367758922500548,0.0367758922500548,TRUE
"高钾","05",9,11,-0.186379606755283,-0.193376857976991,-0.00699725122170741,0.00699725122170741,TRUE
"高钾","05",9,12,-0.0741688235325984,-0.0719347116019946,0.00223411193060385,0.00223411193060385,TRUE
"高钾","05",9,13,-0.2155228520025,-0.286165791228721,-0.0706429392262206,0.0706429392262206,TRUE
"高钾","05",9,14,-0.700967345314575,-0.65590568454285,0.0450616607717254,0.0450616607717254,TRUE
"高钾","05",10,11,0.272281478933583,0.28428800418805,0.0120065252544673,0.0120065252544673,TRUE
"高钾","05",10,12,0.252091390829387,0.265437947845172,0.0133465570157857,0.0133465570157857,TRUE
"高钾","05",10,13,-0.197337085388339,-0.247660193809037,-0.050323108420698,0.050323108420698,TRUE
"高钾","05",10,14,-0.593144553636386,-0.55529856844921,0.0378459851871766,0.0378459851871766,TRUE
"高钾","05",11,12,0.201942937429618,0.201776616942439,-0.000166320487178878,0.000166320487178878,TRUE
"高钾","05",11,13,0.211948498815612,0.216417498727903,0.00446899991229122,0.00446899991229122,TRUE
"高钾","05",11,14,0.0547331571886193,0.0555322229424001,0.000799065753780734,0.000799065753780734,TRUE
"高钾","05",12,13,0.60949498493502,0.620246181887564,0.0107511969525431,0.0107511969525431,TRUE
"高钾","05",12,14,-0.122060330058343,-0.146076085626468,-0.0240157555681249,0.0240157555681249,TRUE
"高钾","05",13,14,0.125254243167517,0.221395982397356,0.0961417392298383,0.0961417392298383,TRUE
"高钾","06",1,2,0.0542545006671742,-0.0932765557154543,-0.147531056382628,0.147531056382628,FALSE
"高钾","06",1,3,-0.348127284217064,-0.348266446010664,-0.00013916179360024,0.00013916179360024,TRUE
"高钾","06",1,4,-0.13460653030799,-0.43797116216552,-0.30336463185753,0.30336463185753,TRUE
"高钾","06",1,5,-0.387328019149632,-0.3353369113688,0.0519911077808319,0.0519911077808319,TRUE
"高钾","06",1,6,0.0687541337706304,0.12524755387257,0.0564934201019393,0.0564934201019393,TRUE
"高钾","06",1,7,-0.432323535703655,-0.342916147391819,0.0894073883118358,0.0894073883118358,TRUE
"高钾","06",1,8,0.199745898402592,0.171178080342979,-0.0285678180596128,0.0285678180596128,TRUE
"高钾","06",1,9,-0.18926376967667,-0.142714015098189,0.0465497545784811,0.0465497545784811,TRUE
"高钾","06",1,10,-0.219991014302309,-0.0260085777825683,0.19398243651974,0.19398243651974,TRUE
"高钾","06",1,11,-0.00878393227919905,0.169819577797782,0.178603510076981,0.178603510076981,FALSE
"高钾","06",1,12,0.458939349700947,0.647209053936366,0.188269704235419,0.188269704235419,TRUE
"高钾","06",1,13,0.606688684740374,0.562396526239741,-0.0442921585006325,0.0442921585006325,TRUE
"高钾","06",1,14,0.278223114673677,0.126033188138229,-0.152189926535448,0.152189926535448,TRUE
"高钾","06",2,3,0.216578091954458,0.260176912936835,0.0435988209823774,0.0435988209823774,TRUE
"高钾","06",2,4,0.299405217375534,0.243551863973467,-0.0558533534020665,0.0558533534020665,TRUE
"高钾","06",2,5,-0.403818226434411,-0.357159006413784,0.0466592200206266,0.0466592200206266,TRUE
"高钾","06",2,6,0.245441560562435,0.325772807845468,0.0803312472830335,0.0803312472830335,TRUE
"高钾","06",2,7,-0.174797003463307,-0.0755640430667007,0.0992329603966065,0.0992329603966065,TRUE
"高钾","06",2,8,-0.113022092951,-0.154687289194921,-0.0416651962439213,0.0416651962439213,TRUE
"高钾","06",2,9,0.0676838238118794,0.123829711914682,0.0561458881028022,0.0561458881028022,TRUE
"高钾","06",2,10,-0.514622611172821,-0.436961679747552,0.0776609314252693,0.0776609314252693,TRUE
"高钾","06",2,11,-0.549886513397414,-0.490900537947468,0.0589859754499467,0.0589859754499467,TRUE
"高钾","06",2,12,-0.295837117005418,-0.232212861680097,0.063624255325321,0.063624255325321,TRUE
"高钾","06",2,13,0.00951632385933851,-0.088509879745082,-0.0980262036044205,0.0980262036044205,FALSE
"高钾","06",2,14,-0.272867653876907,-0.47560693312353,-0.202739279246623,0.202739279246623,TRUE
"高钾","06",3,4,-0.127269858394648,-0.0907452161589465,0.0365246422357012,0.0365246422357012,TRUE
"高钾","06",3,5,-0.0294172026632152,-0.0570161989222034,-0.0275989962589882,0.0275989962589882,TRUE
"高钾","06",3,6,-0.0855233403558763,-0.119707337889855,-0.0341839975339792,0.0341839975339792,TRUE
"高钾","06",3,7,-0.198583206137642,-0.241304767371056,-0.0427215612334134,0.0427215612334134,TRUE
"高钾","06",3,8,-0.472577556731677,-0.473146791204802,-0.000569234473124791,0.000569234473124791,TRUE
"高钾","06",3,9,-0.188509899826847,-0.205132132238211,-0.0166222324113637,0.0166222324113637,TRUE
"高钾","06",3,10,-0.400530681583611,-0.534931190647328,-0.134400509063717,0.134400509063717,TRUE
"高钾","06",3,11,-0.219986211526801,-0.281595029713078,-0.0616088181862769,0.0616088181862769,TRUE
"高钾","06",3,12,0.0191472940340376,-0.0109319361694309,-0.0300792302034685,0.0300792302034685,FALSE
"高钾","06",3,13,0.0371771263800573,0.063335779490083,0.0261586531100257,0.0261586531100257,TRUE
"高钾","06",3,14,0.0687387971484495,0.115865709016646,0.047126911868196,0.047126911868196,TRUE
"高钾","06",4,5,-0.301210361081584,-0.212550439409101,0.0886599216724835,0.0886599216724835,TRUE
"高钾","06",4,6,-0.175966838097651,0.093248535209227,0.269215373306878,0.269215373306878,FALSE
"高钾","06",4,7,0.232256551428754,0.54894163626043,0.316685084831676,0.316685084831676,TRUE
"高钾","06",4,8,0.412120135965128,0.59345405150251,0.181333915537382,0.181333915537382,TRUE
"高钾","06",4,9,-0.0115810785570119,0.0816721773774911,0.093253255934503,0.093253255934503,FALSE
"高钾","06",4,10,-0.388055762444658,-0.139470310613245,0.248585451831413,0.248585451831413,TRUE
"高钾","06",4,11,-0.414143562644822,-0.301823436065639,0.112320126579183,0.112320126579183,TRUE
"高钾","06",4,12,-0.694205411766386,-0.755298139935985,-0.0610927281695991,0.0610927281695991,TRUE
"高钾","06",4,13,-0.51823789140064,-0.933949097500198,-0.415711206099558,0.415711206099558,TRUE
"高钾","06",4,14,0.193574593847427,0.0350781159315906,-0.158496477915836,0.158496477915836,TRUE
"高钾","06",5,6,0.200231162947065,0.151108153791068,-0.0491230091559965,0.0491230091559965,TRUE
"高钾","06",5,7,0.033860182225866,-0.047219946712298,-0.081080128938164,0.081080128938164,FALSE
"高钾","06",5,8,-0.519442538246898,-0.524257774624627,-0.00481523637772885,0.00481523637772885,TRUE
"高钾","06",5,9,-0.0072696725643517,-0.0454838248381203,-0.0382141522737686,0.0382141522737686,TRUE
"高钾","06",5,10,0.181178497348922,0.0555518067005059,-0.125626690648416,0.125626690648416,TRUE
"高钾","06",5,11,0.0900044269505306,-0.011426658786259,-0.10143108573679,0.10143108573679,FALSE
"高钾","06",5,12,0.0554660954996376,-0.022815732532913,-0.0782818280325506,0.0782818280325506,FALSE
"高钾","06",5,13,0.0652080406052985,0.139598973581582,0.0743909329762831,0.0743909329762831,TRUE
"高钾","06",5,14,0.0684180096689679,0.19032806856771,0.121910058898742,0.121910058898742,TRUE
"高钾","06",6,7,-0.394551502915282,-0.488186438196653,-0.0936349352813713,0.0936349352813713,TRUE
"高钾","06",6,8,-0.29333944556724,-0.323616945993403,-0.0302775004261625,0.0302775004261625,TRUE
"高钾","06",6,9,0.083128245237789,0.0649258037131383,-0.0182024415246507,0.0182024415246507,TRUE
"高钾","06",6,10,-0.189705168878086,-0.384806513276306,-0.19510134439822,0.19510134439822,TRUE
"高钾","06",6,11,0.218386677484859,0.155836525859402,-0.0625501516254569,0.0625501516254569,TRUE
"高钾","06",6,12,0.0144112555249763,-0.0711637518984009,-0.0855750074233772,0.0855750074233772,FALSE
"高钾","06",6,13,0.136752488441912,0.186923906392722,0.0501714179508096,0.0501714179508096,TRUE
"高钾","06",6,14,-0.125007056637687,-0.0840550209330124,0.0409520357046748,0.0409520357046748,TRUE
"高钾","06",7,8,0.557105971828866,0.631892692281366,0.0747867204524999,0.0747867204524999,TRUE
"高钾","06",7,9,-0.23094309275942,-0.300127307007853,-0.0691842142484325,0.0691842142484325,TRUE
"高钾","06",7,10,0.258089813400397,0.117750254595877,-0.14033955880452,0.14033955880452,TRUE
"高钾","06",7,11,-0.00954360914671686,-0.152739887928509,-0.143196278781792,0.143196278781792,TRUE
"高钾","06",7,12,-0.384810409971865,-0.521801086763619,-0.136990676791755,0.136990676791755,TRUE
"高钾","06",7,13,-0.697216804121459,-0.66760554005273,0.0296112640687295,0.0296112640687295,TRUE
"高钾","06",7,14,0.0467817396483411,0.216772448157456,0.169990708509115,0.169990708509115,TRUE
"高钾","06",8,9,-0.162605945975513,-0.151214719560078,0.0113912264154347,0.0113912264154347,TRUE
"高钾","06",8,10,0.112486645074102,0.179704498984354,0.0672178539102523,0.0672178539102523,TRUE
"高钾","06",8,11,0.00626362645999937,0.039965332348955,0.0337017058889557,0.0337017058889557,TRUE
"高钾","06",8,12,-0.216559619721725,-0.210966119765533,0.00559349995619199,0.00559349995619199,TRUE
"高钾","06",8,13,-0.53227145016489,-0.58868150828269,-0.0564100581178001,0.0564100581178001,TRUE
"高钾","06",8,14,0.223834993528003,0.20116674692379,-0.0226682466042131,0.0226682466042131,TRUE
"高钾","06",9,10,0.570338609203785,0.588563249462734,0.0182246402589497,0.0182246402589497,TRUE
"高钾","06",9,11,-0.186379606755283,-0.267451933020308,-0.0810723262650246,0.0810723262650246,TRUE
"高钾","06",9,12,-0.0741688235325984,-0.121481652614359,-0.0473128290817606,0.0473128290817606,TRUE
"高钾","06",9,13,-0.2155228520025,-0.183666355873192,0.0318564961293086,0.0318564961293086,TRUE
"高钾","06",9,14,-0.700967345314575,-0.71147689369684,-0.0105095483822645,0.0105095483822645,TRUE
"高钾","06",10,11,0.272281478933583,0.0837906773970813,-0.188490801536501,0.188490801536501,TRUE
"高钾","06",10,12,0.252091390829387,0.119611294431521,-0.132480096397866,0.132480096397866,TRUE
"高钾","06",10,13,-0.197337085388339,-0.0738569269796075,0.123480158408731,0.123480158408731,TRUE
"高钾","06",10,14,-0.593144553636386,-0.497942867922719,0.0952016857136671,0.0952016857136671,TRUE
"高钾","06",11,12,0.201942937429618,0.0998431874290685,-0.102099750000549,0.102099750000549,TRUE
"高钾","06",11,13,0.211948498815612,0.356353158032596,0.144404659216984,0.144404659216984,TRUE
"高钾","06",11,14,0.0547331571886193,0.253351276675387,0.198618119486767,0.198618119486767,TRUE
"高钾","06",12,13,0.60949498493502,0.742327724294969,0.132832739359948,0.132832739359948,TRUE
"高钾","06",12,14,-0.122060330058343,-0.0145750236979869,0.107485306360356,0.107485306360356,TRUE
"高钾","06",13,14,0.125254243167517,0.0101781217805887,-0.115076121386929,0.115076121386929,TRUE
"高钾","07",1,2,0.0542545006671742,0.0534211176066858,-0.000833383060488406,0.000833383060488406,TRUE
"高钾","07",1,3,-0.348127284217064,-0.244461495427518,0.103665788789546,0.103665788789546,TRUE
"高钾","07",1,4,-0.13460653030799,-0.166477581127283,-0.031871050819293,0.031871050819293,TRUE
"高钾","07",1,5,-0.387328019149632,-0.32923762523816,0.0580903939114717,0.0580903939114717,TRUE
"高钾","07",1,6,0.0687541337706304,0.028708377076485,-0.0400457566941455,0.0400457566941455,TRUE
"高钾","07",1,7,-0.432323535703655,-0.434290135176942,-0.00196659947328748,0.00196659947328748,TRUE
"高钾","07",1,8,0.199745898402592,0.100472209350944,-0.099273689051648,0.099273689051648,TRUE
"高钾","07",1,9,-0.18926376967667,-0.180882117118809,0.00838165255786089,0.00838165255786089,TRUE
"高钾","07",1,10,-0.219991014302309,-0.227593935454297,-0.00760292115198838,0.00760292115198838,TRUE
"高钾","07",1,11,-0.00878393227919905,-0.0821897902796945,-0.0734058580004955,0.0734058580004955,TRUE
"高钾","07",1,12,0.458939349700947,0.433279709165353,-0.0256596405355936,0.0256596405355936,TRUE
"高钾","07",1,13,0.606688684740374,0.605731428131717,-0.000957256608656865,0.000957256608656865,TRUE
"高钾","07",1,14,0.278223114673677,0.265419169210031,-0.0128039454636459,0.0128039454636459,TRUE
"高钾","07",2,3,0.216578091954458,0.247913340364802,0.0313352484103437,0.0313352484103437,TRUE
"高钾","07",2,4,0.299405217375534,0.299404686283673,-5.31091861433186e-07,5.31091861433186e-07,TRUE
"高钾","07",2,5,-0.403818226434411,-0.41705187045949,-0.013233644025079,0.013233644025079,TRUE
"高钾","07",2,6,0.245441560562435,0.246145042661198,0.000703482098763281,0.000703482098763281,TRUE
"高钾","07",2,7,-0.174797003463307,-0.174445019576682,0.000351983886625662,0.000351983886625662,TRUE
"高钾","07",2,8,-0.113022092951,-0.124989778573497,-0.0119676856224971,0.0119676856224971,TRUE
"高钾","07",2,9,0.0676838238118794,0.0684371604118293,0.000753336599949819,0.000753336599949819,TRUE
"高钾","07",2,10,-0.514622611172821,-0.514554775583305,6.78355895166183e-05,6.78355895166183e-05,TRUE
"高钾","07",2,11,-0.549886513397414,-0.565548304818353,-0.0156617914209385,0.0156617914209385,TRUE
"高钾","07",2,12,-0.295837117005418,-0.302218891121101,-0.00638177411568269,0.00638177411568269,TRUE
"高钾","07",2,13,0.00951632385933851,0.00830598312937907,-0.00121034072995944,0.00121034072995944,TRUE
"高钾","07",2,14,-0.272867653876907,-0.274891271702754,-0.00202361782584665,0.00202361782584665,TRUE
"高钾","07",3,4,-0.127269858394648,-0.105866360877035,0.0214034975176128,0.0214034975176128,TRUE
"高钾","07",3,5,-0.0294172026632152,-0.178762898463795,-0.14934569580058,0.14934569580058,TRUE
"高钾","07",3,6,-0.0855233403558763,-0.0292783335794207,0.0562450067764556,0.0562450067764556,TRUE
"高钾","07",3,7,-0.198583206137642,-0.256051197923128,-0.0574679917854858,0.0574679917854858,TRUE
"高钾","07",3,8,-0.472577556731677,-0.376311842003349,0.0962657147283287,0.0962657147283287,TRUE
"高钾","07",3,9,-0.188509899826847,-0.23965987043264,-0.0511499706057926,0.0511499706057926,TRUE
"高钾","07",3,10,-0.400530681583611,-0.454295796125693,-0.0537651145420816,0.0537651145420816,TRUE
"高钾","07",3,11,-0.219986211526801,-0.141707792470224,0.0782784190565773,0.0782784190565773,TRUE
"高钾","07",3,12,0.0191472940340376,0.108587920058078,0.0894406260240408,0.0894406260240408,TRUE
"高钾","07",3,13,0.0371771263800573,0.098395319781207,0.0612181934011498,0.0612181934011498,TRUE
"高钾","07",3,14,0.0687387971484495,0.120707907515805,0.0519691103673552,0.0519691103673552,TRUE
"高钾","07",4,5,-0.301210361081584,-0.293112612974289,0.00809774810729463,0.00809774810729463,TRUE
"高钾","07",4,6,-0.175966838097651,-0.187896899774054,-0.0119300616764029,0.0119300616764029,TRUE
"高钾","07",4,7,0.232256551428754,0.238311379530102,0.00605482810134744,0.00605482810134744,TRUE
"高钾","07",4,8,0.412120135965128,0.413810105149088,0.00168996918396008,0.00168996918396008,TRUE
"高钾","07",4,9,-0.0115810785570119,-0.00745167484270913,0.00412940371430274,0.00412940371430274,TRUE
"高钾","07",4,10,-0.388055762444658,-0.388217390948805,-0.000161628504146361,0.000161628504146361,TRUE
"高钾","07",4,11,-0.414143562644822,-0.441378833281497,-0.0272352706366756,0.0272352706366756,TRUE
"高钾","07",4,12,-0.694205411766386,-0.71921149352837,-0.0250060817619834,0.0250060817619834,TRUE
"高钾","07",4,13,-0.51823789140064,-0.531239705468581,-0.0130018140679414,0.0130018140679414,TRUE
"高钾","07",4,14,0.193574593847427,0.188437029503479,-0.00513756434394758,0.00513756434394758,TRUE
"高钾","07",5,6,0.200231162947065,0.248952129055806,0.0487209661087408,0.0487209661087408,TRUE
"高钾","07",5,7,0.033860182225866,0.0160787757186229,-0.0177814065072431,0.0177814065072431,TRUE
"高钾","07",5,8,-0.519442538246898,-0.469134370155209,0.0503081680916889,0.0503081680916889,TRUE
"高钾","07",5,9,-0.0072696725643517,-0.0239577200158213,-0.0166880474514696,0.0166880474514696,TRUE
"高钾","07",5,10,0.181178497348922,0.184979539658945,0.00380104231002354,0.00380104231002354,TRUE
"高钾","07",5,11,0.0900044269505306,0.159349625885794,0.0693451989352638,0.0693451989352638,TRUE
"高钾","07",5,12,0.0554660954996376,0.108566095065505,0.0530999995658677,0.0530999995658677,TRUE
"高钾","07",5,13,0.0652080406052985,0.100836405700652,0.0356283650953539,0.0356283650953539,TRUE
"高钾","07",5,14,0.0684180096689679,0.0965244665190639,0.028106456850096,0.028106456850096,TRUE
"高钾","07",6,7,-0.394551502915282,-0.390020531508507,0.00453097140677416,0.00453097140677416,TRUE
"高钾","07",6,8,-0.29333944556724,-0.366640858386616,-0.0733014128193759,0.0733014128193759,TRUE
"高钾","07",6,9,0.083128245237789,0.0916293933130627,0.00850114807527373,0.00850114807527373,TRUE
"高钾","07",6,10,-0.189705168878086,-0.189746551870184,-4.13829920982989e-05,4.13829920982989e-05,TRUE
"高钾","07",6,11,0.218386677484859,0.196096102179365,-0.0222905753054946,0.0222905753054946,TRUE
"高钾","07",6,12,0.0144112555249763,-0.00849687922691834,-0.0229081347518946,0.0229081347518946,FALSE
"高钾","07",6,13,0.136752488441912,0.12371340377551,-0.0130390846664024,0.0130390846664024,TRUE
"高钾","07",6,14,-0.125007056637687,-0.138257478629157,-0.0132504219914698,0.0132504219914698,TRUE
"高钾","07",7,8,0.557105971828866,0.621585229017444,0.0644792571885777,0.0644792571885777,TRUE
"高钾","07",7,9,-0.23094309275942,-0.235618910212442,-0.00467581745302154,0.00467581745302154,TRUE
"高钾","07",7,10,0.258089813400397,0.2578515470646,-0.000238266335797488,0.000238266335797488,TRUE
"高钾","07",7,11,-0.00954360914671686,0.00488261849078241,0.0144262276374993,0.0144262276374993,FALSE
"高钾","07",7,12,-0.384810409971865,-0.379852457539108,0.00495795243275721,0.00495795243275721,TRUE
"高钾","07",7,13,-0.697216804121459,-0.695673073046984,0.00154373107447514,0.00154373107447514,TRUE
"高钾","07",7,14,0.0467817396483411,0.0528575830213584,0.00607584337301728,0.00607584337301728,TRUE
"高钾","07",8,9,-0.162605945975513,-0.152644097836941,0.00996184813857212,0.00996184813857212,TRUE
"高钾","07",8,10,0.112486645074102,0.12487276286282,0.0123861177887181,0.0123861177887181,TRUE
"高钾","07",8,11,0.00626362645999937,-0.0758535063441937,-0.0821171328041931,0.0821171328041931,FALSE
"高钾","07",8,12,-0.216559619721725,-0.299967294345959,-0.0834076746242339,0.0834076746242339,TRUE
"高钾","07",8,13,-0.53227145016489,-0.614679603395829,-0.0824081532309389,0.0824081532309389,TRUE
"高钾","07",8,14,0.223834993528003,0.20737405271991,-0.0164609408080931,0.0164609408080931,TRUE
"高钾","07",9,10,0.570338609203785,0.570593847545217,0.00025523834143204,0.00025523834143204,TRUE
"高钾","07",9,11,-0.186379606755283,-0.178648937794497,0.00773066896078609,0.00773066896078609,TRUE
"高钾","07",9,12,-0.0741688235325984,-0.0655520360503634,0.00861678748223504,0.00861678748223504,TRUE
"高钾","07",9,13,-0.2155228520025,-0.210831098621817,0.00469175338068345,0.00469175338068345,TRUE
"高钾","07",9,14,-0.700967345314575,-0.699807183263663,0.00116016205091229,0.00116016205091229,TRUE
"高钾","07",10,11,0.272281478933583,0.281557044366416,0.00927556543283375,0.00927556543283375,TRUE
"高钾","07",10,12,0.252091390829387,0.258030866592597,0.00593947576320997,0.00593947576320997,TRUE
"高钾","07",10,13,-0.197337085388339,-0.19719745346591,0.000139631922428607,0.000139631922428607,TRUE
"高钾","07",10,14,-0.593144553636386,-0.594341011697869,-0.00119645806148228,0.00119645806148228,TRUE
"高钾","07",11,12,0.201942937429618,0.171729111188926,-0.0302138262406918,0.0302138262406918,TRUE
"高钾","07",11,13,0.211948498815612,0.193571224084461,-0.0183772747311513,0.0183772747311513,TRUE
"高钾","07",11,14,0.0547331571886193,0.0371443293873277,-0.0175888278012916,0.0175888278012916,TRUE
"高钾","07",12,13,0.60949498493502,0.602950342029584,-0.00654464290543622,0.00654464290543622,TRUE
"高钾","07",12,14,-0.122060330058343,-0.139400938911953,-0.0173406088536101,0.0173406088536101,TRUE
"高钾","07",13,14,0.125254243167517,0.116722074051699,-0.00853216911581881,0.00853216911581881,TRUE
"高钾","09",1,2,0.0542545006671742,0.0584340417730802,0.00417954110590602,0.00417954110590602,TRUE
"高钾","09",1,3,-0.348127284217064,-0.347352823344308,0.000774460872755622,0.000774460872755622,TRUE
"高钾","09",1,4,-0.13460653030799,-0.133231920798366,0.00137460950962426,0.00137460950962426,TRUE
"高钾","09",1,5,-0.387328019149632,-0.330770483114271,0.056557536035361,0.056557536035361,TRUE
"高钾","09",1,6,0.0687541337706304,0.156422021435608,0.0876678876649775,0.0876678876649775,TRUE
"高钾","09",1,7,-0.432323535703655,-0.462095005733416,-0.0297714700297609,0.0297714700297609,TRUE
"高钾","09",1,8,0.199745898402592,0.158984938328,-0.0407609600745914,0.0407609600745914,TRUE
"高钾","09",1,9,-0.18926376967667,-0.17438834043175,0.0148754292449201,0.0148754292449201,TRUE
"高钾","09",1,10,-0.219991014302309,-0.21993481461471,5.61996875991233e-05,5.61996875991233e-05,TRUE
"高钾","09",1,11,-0.00878393227919905,-0.0341724436695302,-0.0253885113903311,0.0253885113903311,TRUE
"高钾","09",1,12,0.458939349700947,0.445947734671815,-0.0129916150291315,0.0129916150291315,TRUE
"高钾","09",1,13,0.606688684740374,0.608692636516682,0.00200395177630786,0.00200395177630786,TRUE
"高钾","09",1,14,0.278223114673677,0.273282037760755,-0.00494107691292234,0.00494107691292234,TRUE
"高钾","09",2,3,0.216578091954458,0.216568011621649,-1.0080332809026e-05,1.0080332809026e-05,TRUE
"高钾","09",2,4,0.299405217375534,0.299348470395267,-5.67469802674192e-05,5.67469802674192e-05,TRUE
"高钾","09",2,5,-0.403818226434411,-0.424892237728536,-0.0210740112941257,0.0210740112941257,TRUE
"高钾","09",2,6,0.245441560562435,0.2529394919453,0.00749793138286581,0.00749793138286581,TRUE
"高钾","09",2,7,-0.174797003463307,-0.174690091912892,0.000106911550415478,0.000106911550415478,TRUE
"高钾","09",2,8,-0.113022092951,-0.113687005159396,-0.000664912208396221,0.000664912208396221,TRUE
"高钾","09",2,9,0.0676838238118794,0.0674047140138333,-0.000279109798046129,0.000279109798046129,TRUE
"高钾","09",2,10,-0.514622611172821,-0.515106952451479,-0.000484341278657818,0.000484341278657818,TRUE
"高钾","09",2,11,-0.549886513397414,-0.551320475233121,-0.00143396183570654,0.00143396183570654,TRUE
"高钾","09",2,12,-0.295837117005418,-0.297293203141535,-0.00145608613611697,0.00145608613611697,TRUE
"高钾","09",2,13,0.00951632385933851,0.0101134733427915,0.000597149483453021,0.000597149483453021,TRUE
"高钾","09",2,14,-0.272867653876907,-0.272978408636692,-0.000110754759784892,0.000110754759784892,TRUE
"高钾","09",3,4,-0.127269858394648,-0.128837337366699,-0.00156747897205159,0.00156747897205159,TRUE
"高钾","09",3,5,-0.0294172026632152,-0.0479874594738745,-0.0185702568106593,0.0185702568106593,TRUE
"高钾","09",3,6,-0.0855233403558763,-0.104075590041766,-0.0185522496858897,0.0185522496858897,TRUE
"高钾","09",3,7,-0.198583206137642,-0.197003831043855,0.00157937509378706,0.00157937509378706,TRUE
"高钾","09",3,8,-0.472577556731677,-0.47092394141164,0.00165361532003755,0.00165361532003755,TRUE
"高钾","09",3,9,-0.188509899826847,-0.193780054134184,-0.0052701543073366,0.0052701543073366,TRUE
"高钾","09",3,10,-0.400530681583611,-0.40313791657436,-0.00260723499074883,0.00260723499074883,TRUE
"高钾","09",3,11,-0.219986211526801,-0.216466736215397,0.00351947531140445,0.00351947531140445,TRUE
"高钾","09",3,12,0.0191472940340376,0.0260568017889761,0.00690950775493848,0.00690950775493848,TRUE
"高钾","09",3,13,0.0371771263800573,0.042329991065207,0.00515286468514969,0.00515286468514969,TRUE
"高钾","09",3,14,0.0687387971484495,0.0721919761534941,0.00345317900504455,0.00345317900504455,TRUE
"高钾","09",4,5,-0.301210361081584,-0.323147067464743,-0.0219367063831586,0.0219367063831586,TRUE
"高钾","09",4,6,-0.175966838097651,-0.189347921774972,-0.013381083677321,0.013381083677321,TRUE
"高钾","09",4,7,0.232256551428754,0.233370475475696,0.00111392404694222,0.00111392404694222,TRUE
"高钾","09",4,8,0.412120135965128,0.422991118172971,0.0108709822078427,0.0108709822078427,TRUE
"高钾","09",4,9,-0.0115810785570119,-0.013560292100799,-0.0019792135437871,0.0019792135437871,TRUE
"高钾","09",4,10,-0.388055762444658,-0.389167052102777,-0.00111128965811841,0.00111128965811841,TRUE
"高钾","09",4,11,-0.414143562644822,-0.413684581611593,0.000458981033228278,0.000458981033228278,TRUE
"高钾","09",4,12,-0.694205411766386,-0.696622196857366,-0.00241678509097953,0.00241678509097953,TRUE
"高钾","09",4,13,-0.51823789140064,-0.518296356312591,-5.84649119513836e-05,5.84649119513836e-05,TRUE
"高钾","09",4,14,0.193574593847427,0.195393801442244,0.00181920759481746,0.00181920759481746,TRUE
"高钾","09",5,6,0.200231162947065,0.131468486967721,-0.0687626759793434,0.0687626759793434,TRUE
"高钾","09",5,7,0.033860182225866,0.0468844878389964,0.0130243056131304,0.0130243056131304,TRUE
"高钾","09",5,8,-0.519442538246898,-0.497298666219571,0.0221438720273273,0.0221438720273273,TRUE
"高钾","09",5,9,-0.0072696725643517,-0.0324733184745,-0.0252036459101483,0.0252036459101483,TRUE
"高钾","09",5,10,0.181178497348922,0.179729153363671,-0.00144934398525118,0.00144934398525118,TRUE
"高钾","09",5,11,0.0900044269505306,0.12082948520477,0.0308250582542397,0.0308250582542397,TRUE
"高钾","09",5,12,0.0554660954996376,0.0966772808187676,0.04121118531913,0.04121118531913,TRUE
"高钾","09",5,13,0.0652080406052985,0.096581723293602,0.0313736826883035,0.0313736826883035,TRUE
"高钾","09",5,14,0.0684180096689679,0.0900761624869592,0.0216581528179913,0.0216581528179913,TRUE
"高钾","09",6,7,-0.394551502915282,-0.399513166233796,-0.00496166331851389,0.00496166331851389,TRUE
"高钾","09",6,8,-0.29333944556724,-0.260048088564508,0.0332913570027321,0.0332913570027321,TRUE
"高钾","09",6,9,0.083128245237789,0.0644718024188319,-0.0186564428189571,0.0186564428189571,TRUE
"高钾","09",6,10,-0.189705168878086,-0.205925050772687,-0.0162198818946018,0.0162198818946018,TRUE
"高钾","09",6,11,0.218386677484859,0.250669619859962,0.0322829423751028,0.0322829423751028,TRUE
"高钾","09",6,12,0.0144112555249763,0.0489343781013615,0.0345231225763852,0.0345231225763852,TRUE
"高钾","09",6,13,0.136752488441912,0.167324269073787,0.0305717806318745,0.0305717806318745,TRUE
"高钾","09",6,14,-0.125007056637687,-0.113680041791855,0.0113270148458326,0.0113270148458326,TRUE
"高钾","09",7,8,0.557105971828866,0.559690898222075,0.00258492639320917,0.00258492639320917,TRUE
"高钾","09",7,9,-0.23094309275942,-0.228913322780135,0.00202976997928539,0.00202976997928539,TRUE
"高钾","09",7,10,0.258089813400397,0.259589796139067,0.00149998273866997,0.00149998273866997,TRUE
"高钾","09",7,11,-0.00954360914671686,-0.0126652855012981,-0.0031216763545812,0.0031216763545812,TRUE
"高钾","09",7,12,-0.384810409971865,-0.392428204322278,-0.00761779435041265,0.00761779435041265,TRUE
"高钾","09",7,13,-0.697216804121459,-0.703789869057418,-0.00657306493595911,0.00657306493595911,TRUE
"高钾","09",7,14,0.0467817396483411,0.0447444305601101,-0.00203730908823102,0.00203730908823102,TRUE
"高钾","09",8,9,-0.162605945975513,-0.151523428897425,0.0110825170780882,0.0110825170780882,TRUE
"高钾","09",8,10,0.112486645074102,0.120074833003539,0.00758818792943732,0.00758818792943732,TRUE
"高钾","09",8,11,0.00626362645999937,-0.00855430983751508,-0.0148179362975145,0.0148179362975145,FALSE
"高钾","09",8,12,-0.216559619721725,-0.243312883825137,-0.0267532641034119,0.0267532641034119,TRUE
"高钾","09",8,13,-0.53227145016489,-0.558715538999161,-0.0264440888342706,0.0264440888342706,TRUE
"高钾","09",8,14,0.223834993528003,0.217301956894319,-0.00653303663368415,0.00653303663368415,TRUE
"高钾","09",9,10,0.570338609203785,0.569857289460378,-0.000481319743407038,0.000481319743407038,TRUE
"高钾","09",9,11,-0.186379606755283,-0.18091784341454,0.00546176334074325,0.00546176334074325,TRUE
"高钾","09",9,12,-0.0741688235325984,-0.0651927180113991,0.00897610552119933,0.00897610552119933,TRUE
"高钾","09",9,13,-0.2155228520025,-0.209908240091335,0.00561461191116497,0.00561461191116497,TRUE
"高钾","09",9,14,-0.700967345314575,-0.699720642362099,0.00124670295247609,0.00124670295247609,TRUE
"高钾","09",10,11,0.272281478933583,0.276129803368633,0.0038483244350509,0.0038483244350509,TRUE
"高钾","09",10,12,0.252091390829387,0.2580954099442,0.00600401911481313,0.00600401911481313,TRUE
"高钾","09",10,13,-0.197337085388339,-0.195312248623246,0.00202483676509285,0.00202483676509285,TRUE
"高钾","09",10,14,-0.593144553636386,-0.592570169590174,0.000574384046212462,0.000574384046212462,TRUE
"高钾","09",11,12,0.201942937429618,0.193857200520537,-0.00808573690908088,0.00808573690908088,TRUE
"高钾","09",11,13,0.211948498815612,0.205983775732494,-0.00596472308311807,0.00596472308311807,TRUE
"高钾","09",11,14,0.0547331571886193,0.0500752214477884,-0.00465793574083093,0.00465793574083093,TRUE
"高钾","09",12,13,0.60949498493502,0.60551270635542,-0.0039822785796001,0.0039822785796001,TRUE
"高钾","09",12,14,-0.122060330058343,-0.130379313481148,-0.00831898342280525,0.00831898342280525,TRUE
"高钾","09",13,14,0.125254243167517,0.120694180252787,-0.00456006291473086,0.00456006291473086,TRUE
"高钾","10",1,2,0.0542545006671742,0.0418934789116646,-0.0123610217555095,0.0123610217555095,TRUE
"高钾","10",1,3,-0.348127284217064,-0.394677077295926,-0.046549793078862,0.046549793078862,TRUE
"高钾","10",1,4,-0.13460653030799,-0.0915307901569537,0.0430757401510361,0.0430757401510361,TRUE
"高钾","10",1,5,-0.387328019149632,-0.327790843306619,0.059537175843013,0.059537175843013,TRUE
"高钾","10",1,6,0.0687541337706304,0.250874892228987,0.182120758458357,0.182120758458357,TRUE
"高钾","10",1,7,-0.432323535703655,-0.496818490548104,-0.0644949548444497,0.0644949548444497,TRUE
"高钾","10",1,8,0.199745898402592,0.167756577381997,-0.0319893210205945,0.0319893210205945,TRUE
"高钾","10",1,9,-0.18926376967667,-0.197468987193266,-0.00820521751659545,0.00820521751659545,TRUE
"高钾","10",1,10,-0.219991014302309,-0.247474521158749,-0.0274835068564401,0.0274835068564401,TRUE
"高钾","10",1,11,-0.00878393227919905,0.171975119590635,0.180759051869834,0.180759051869834,FALSE
"高钾","10",1,12,0.458939349700947,0.404724525937653,-0.0542148237632935,0.0542148237632935,TRUE
"高钾","10",1,13,0.606688684740374,0.601900471510169,-0.00478821323020462,0.00478821323020462,TRUE
"高钾","10",1,14,0.278223114673677,0.248062219466922,-0.0301608952067551,0.0301608952067551,TRUE
"高钾","10",2,3,0.216578091954458,0.215309536181814,-0.00126855577264345,0.00126855577264345,TRUE
"高钾","10",2,4,0.299405217375534,0.307652329125662,0.00824711175012821,0.00824711175012821,TRUE
"高钾","10",2,5,-0.403818226434411,-0.40651231923779,-0.0026940928033799,0.0026940928033799,TRUE
"高钾","10",2,6,0.245441560562435,0.281521123368437,0.0360795628060022,0.0360795628060022,TRUE
"高钾","10",2,7,-0.174797003463307,-0.177898860901044,-0.00310185743773719,0.00310185743773719,TRUE
"高钾","10",2,8,-0.113022092951,-0.118790430067484,-0.0057683371164845,0.0057683371164845,TRUE
"高钾","10",2,9,0.0676838238118794,0.0685069169189287,0.000823093107049297,0.000823093107049297,TRUE
"高钾","10",2,10,-0.514622611172821,-0.516007984384324,-0.00138537321150223,0.00138537321150223,TRUE
"高钾","10",2,11,-0.549886513397414,-0.582410538057932,-0.0325240246605178,0.0325240246605178,TRUE
"高钾","10",2,12,-0.295837117005418,-0.316606384945338,-0.0207692679399194,0.0207692679399194,TRUE
"高钾","10",2,13,0.00951632385933851,0.00350021954587735,-0.00601610431346116,0.00601610431346116,TRUE
"高钾","10",2,14,-0.272867653876907,-0.28098117504822,-0.00811352117131237,0.00811352117131237,TRUE
"高钾","10",3,4,-0.127269858394648,-0.123178915791555,0.00409094260309224,0.00409094260309224,TRUE
"高钾","10",3,5,-0.0294172026632152,-0.0203205847624978,0.00909661790071738,0.00909661790071738,TRUE
"高钾","10",3,6,-0.0855233403558763,-0.0761379229883564,0.00938541736751991,0.00938541736751991,TRUE
"高钾","10",3,7,-0.198583206137642,-0.201719068878319,-0.00313586274067643,0.00313586274067643,TRUE
"高钾","10",3,8,-0.472577556731677,-0.481160831832101,-0.008583275100424,0.008583275100424,TRUE
"高钾","10",3,9,-0.188509899826847,-0.187946613079242,0.000563286747605807,0.000563286747605807,TRUE
"高钾","10",3,10,-0.400530681583611,-0.40177970538018,-0.00124902379656877,0.00124902379656877,TRUE
"高钾","10",3,11,-0.219986211526801,-0.222654156206966,-0.00266794468016465,0.00266794468016465,TRUE
"高钾","10",3,12,0.0191472940340376,0.00935076088621407,-0.00979653314782356,0.00979653314782356,TRUE
"高钾","10",3,13,0.0371771263800573,0.0315711839364309,-0.00560594244362635,0.00560594244362635,TRUE
"高钾","10",3,14,0.0687387971484495,0.0640383678975614,-0.00470042925088809,0.00470042925088809,TRUE
"高钾","10",4,5,-0.301210361081584,-0.346551167711289,-0.0453408066297053,0.0453408066297053,TRUE
"高钾","10",4,6,-0.175966838097651,-0.245431716224165,-0.069464878126514,0.069464878126514,TRUE
"高钾","10",4,7,0.232256551428754,0.243297618668325,0.0110410672395705,0.0110410672395705,TRUE
"高钾","10",4,8,0.412120135965128,0.434669562452853,0.022549426487725,0.022549426487725,TRUE
"高钾","10",4,9,-0.0115810785570119,-0.014163333248896,-0.00258225469188416,0.00258225469188416,TRUE
"高钾","10",4,10,-0.388055762444658,-0.388757760682844,-0.000701998238185453,0.000701998238185453,TRUE
"高钾","10",4,11,-0.414143562644822,-0.513114418964246,-0.0989708563194248,0.0989708563194248,TRUE
"高钾","10",4,12,-0.694205411766386,-0.689125025136949,0.00508038662943688,0.00508038662943688,TRUE
"高钾","10",4,13,-0.51823789140064,-0.508638888634936,0.00959900276570369,0.00959900276570369,TRUE
"高钾","10",4,14,0.193574593847427,0.214856908249888,0.0212823144024612,0.0212823144024612,TRUE
"高钾","10",5,6,0.200231162947065,0.121018083276304,-0.0792130796707605,0.0792130796707605,TRUE
"高钾","10",5,7,0.033860182225866,0.0510795188128884,0.0172193365870225,0.0172193365870225,TRUE
"高钾","10",5,8,-0.519442538246898,-0.509252779713278,0.0101897585336195,0.0101897585336195,TRUE
"高钾","10",5,9,-0.0072696725643517,-0.012178779399033,-0.00490910683468127,0.00490910683468127,TRUE
"高钾","10",5,10,0.181178497348922,0.192097894560503,0.0109193972115811,0.0109193972115811,TRUE
"高钾","10",5,11,0.0900044269505306,-0.00774162760787763,-0.0977460545584082,0.0977460545584082,FALSE
"高钾","10",5,12,0.0554660954996376,0.124652770979462,0.0691866754798245,0.0691866754798245,TRUE
"高钾","10",5,13,0.0652080406052985,0.105987062375544,0.040779021770246,0.040779021770246,TRUE
"高钾","10",5,14,0.0684180096689679,0.104856019397938,0.0364380097289699,0.0364380097289699,TRUE
"高钾","10",6,7,-0.394551502915282,-0.400624209658633,-0.00607270674335131,0.00607270674335131,TRUE
"高钾","10",6,8,-0.29333944556724,-0.270101832744964,0.023237612822276,0.023237612822276,TRUE
"高钾","10",6,9,0.083128245237789,0.0821501242306666,-0.000978121007122412,0.000978121007122412,TRUE
"高钾","10",6,10,-0.189705168878086,-0.196249841428155,-0.0065446725500693,0.0065446725500693,TRUE
"高钾","10",6,11,0.218386677484859,0.0807311121609621,-0.137655565323897,0.137655565323897,TRUE
"高钾","10",6,12,0.0144112555249763,0.122134936452972,0.107723680927996,0.107723680927996,TRUE
"高钾","10",6,13,0.136752488441912,0.210740133163379,0.0739876447214673,0.0739876447214673,TRUE
"高钾","10",6,14,-0.125007056637687,-0.0816127917472404,0.0433942648904467,0.0433942648904467,TRUE
"高钾","10",7,8,0.557105971828866,0.554554633480072,-0.00255133834879395,0.00255133834879395,TRUE
"高钾","10",7,9,-0.23094309275942,-0.23026012590887,0.000682966850549888,0.000682966850549888,TRUE
"高钾","10",7,10,0.258089813400397,0.257329660406412,-0.000760152993984575,0.000760152993984575,TRUE
"高钾","10",7,11,-0.00954360914671686,0.017451529754254,0.0269951389009709,0.0269951389009709,FALSE
"高钾","10",7,12,-0.384810409971865,-0.415335586617948,-0.030525176646083,0.030525176646083,TRUE
"高钾","10",7,13,-0.697216804121459,-0.716349394212219,-0.0191325900907601,0.0191325900907601,TRUE
"高钾","10",7,14,0.0467817396483411,0.0386761113796918,-0.00810562826864925,0.00810562826864925,TRUE
"高钾","10",8,9,-0.162605945975513,-0.161560473453577,0.00104547252193629,0.00104547252193629,TRUE
"高钾","10",8,10,0.112486645074102,0.110797043498014,-0.00168960157608788,0.00168960157608788,TRUE
"高钾","10",8,11,0.00626362645999937,0.0590432006257623,0.0527795741657629,0.0527795741657629,TRUE
"高钾","10",8,12,-0.216559619721725,-0.256841381993387,-0.0402817622716618,0.0402817622716618,TRUE
"高钾","10",8,13,-0.53227145016489,-0.560413620632518,-0.0281421704676278,0.0281421704676278,TRUE
"高钾","10",8,14,0.223834993528003,0.211333396065756,-0.0125015974622468,0.0125015974622468,TRUE
"高钾","10",9,10,0.570338609203785,0.570956083958743,0.000617474754958436,0.000617474754958436,TRUE
"高钾","10",9,11,-0.186379606755283,-0.21133931125213,-0.0249597044968464,0.0249597044968464,TRUE
"高钾","10",9,12,-0.0741688235325984,-0.0717933294875157,0.00237549404508271,0.00237549404508271,TRUE
"高钾","10",9,13,-0.2155228520025,-0.215191279878616,0.000331572123884682,0.000331572123884682,TRUE
"高钾","10",9,14,-0.700967345314575,-0.704877942617964,-0.00391059730338839,0.00391059730338839,TRUE
"高钾","10",10,11,0.272281478933583,0.30603467827944,0.0337531993458577,0.0337531993458577,TRUE
"高钾","10",10,12,0.252091390829387,0.255127369620169,0.00303597879078232,0.00303597879078232,TRUE
"高钾","10",10,13,-0.197337085388339,-0.202815125648805,-0.00547804026046636,0.00547804026046636,TRUE
"高钾","10",10,14,-0.593144553636386,-0.601425198164732,-0.00828064452834543,0.00828064452834543,TRUE
"高钾","10",11,12,0.201942937429618,0.341064481730017,0.139121544300399,0.139121544300399,TRUE
"高钾","10",11,13,0.211948498815612,0.299497221878677,0.0875487230630652,0.0875487230630652,TRUE
"高钾","10",11,14,0.0547331571886193,0.118539002022376,0.0638058448337571,0.0638058448337571,TRUE
"高钾","10",12,13,0.60949498493502,0.597561211815078,-0.0119337731199427,0.0119337731199427,TRUE
"高钾","10",12,14,-0.122060330058343,-0.162402831116824,-0.0403425010584815,0.0403425010584815,TRUE
"高钾","10",13,14,0.125254243167517,0.107471556181249,-0.0177826869862684,0.0177826869862684,TRUE
"高钾","12",1,2,0.0542545006671742,0.0581813763511742,0.00392687568400005,0.00392687568400005,TRUE
"高钾","12",1,3,-0.348127284217064,-0.36641828531474,-0.0182910010976765,0.0182910010976765,TRUE
"高钾","12",1,4,-0.13460653030799,-0.13998356238457,-0.00537703207658041,0.00537703207658041,TRUE
"高钾","12",1,5,-0.387328019149632,-0.330933166706129,0.0563948524435031,0.0563948524435031,TRUE
"高钾","12",1,6,0.0687541337706304,0.128816788918713,0.0600626551480826,0.0600626551480826,TRUE
"高钾","12",1,7,-0.432323535703655,-0.456420069907819,-0.0240965342041642,0.0240965342041642,TRUE
"高钾","12",1,8,0.199745898402592,0.155009373846176,-0.0447365245564159,0.0447365245564159,TRUE
"高钾","12",1,9,-0.18926376967667,-0.174703244099136,0.0145605255775346,0.0145605255775346,TRUE
"高钾","12",1,10,-0.219991014302309,-0.220228994383984,-0.00023798008167511,0.00023798008167511,TRUE
"高钾","12",1,11,-0.00878393227919905,0.0136110868581495,0.0223950191373486,0.0223950191373486,FALSE
"高钾","12",1,12,0.458939349700947,0.445356471717606,-0.0135828779833405,0.0135828779833405,TRUE
"高钾","12",1,13,0.606688684740374,0.608438990580018,0.00175030583964386,0.00175030583964386,TRUE
"高钾","12",1,14,0.278223114673677,0.272897908837643,-0.00532520583603446,0.00532520583603446,TRUE
"高钾","12",2,3,0.216578091954458,0.216652896629365,7.48046749073639e-05,7.48046749073639e-05,TRUE
"高钾","12",2,4,0.299405217375534,0.2994021076935,-3.10968203354189e-06,3.10968203354189e-06,TRUE
"高钾","12",2,5,-0.403818226434411,-0.424476175539417,-0.0206579491050068,0.0206579491050068,TRUE
"高钾","12",2,6,0.245441560562435,0.248745133598334,0.00330357303589923,0.00330357303589923,TRUE
"高钾","12",2,7,-0.174797003463307,-0.174731322490618,6.56809726896079e-05,6.56809726896079e-05,TRUE
"高钾","12",2,8,-0.113022092951,-0.114072153021359,-0.00105006007035877,0.00105006007035877,TRUE
"高钾","12",2,9,0.0676838238118794,0.0674734045437125,-0.000210419268166992,0.000210419268166992,TRUE
"高钾","12",2,10,-0.514622611172821,-0.515054508762868,-0.000431897590046137,0.000431897590046137,TRUE
"高钾","12",2,11,-0.549886513397414,-0.551925040727473,-0.00203852733005894,0.00203852733005894,TRUE
"高钾","12",2,12,-0.295837117005418,-0.297474955723168,-0.0016378387177502,0.0016378387177502,TRUE
"高钾","12",2,13,0.00951632385933851,0.0100425933190929,0.000526269459754428,0.000526269459754428,TRUE
"高钾","12",2,14,-0.272867653876907,-0.273042950170226,-0.000175296293318694,0.000175296293318694,TRUE
"高钾","12",3,4,-0.127269858394648,-0.127261850569256,8.00782539178702e-06,8.00782539178702e-06,TRUE
"高钾","12",3,5,-0.0294172026632152,-0.0273971211199838,0.00202008154323141,0.00202008154323141,TRUE
"高钾","12",3,6,-0.0855233403558763,-0.0849640838652074,0.000559256490668916,0.000559256490668916,TRUE
"高钾","12",3,7,-0.198583206137642,-0.198826740936252,-0.000243534798609918,0.000243534798609918,TRUE
"高钾","12",3,8,-0.472577556731677,-0.483410325621976,-0.0108327688902983,0.0108327688902983,TRUE
"高钾","12",3,9,-0.188509899826847,-0.188240043503855,0.000269856322992285,0.000269856322992285,TRUE
"高钾","12",3,10,-0.400530681583611,-0.400407826755253,0.000122854828357721,0.000122854828357721,TRUE
"高钾","12",3,11,-0.219986211526801,-0.219804508608282,0.000181702918519128,0.000181702918519128,TRUE
"高钾","12",3,12,0.0191472940340376,0.0179256917953782,-0.0012216022386594,0.0012216022386594,TRUE
"高钾","12",3,13,0.0371771263800573,0.0363337571036415,-0.000843369276415769,0.000843369276415769,TRUE
"高钾","12",3,14,0.0687387971484495,0.0682071786720147,-0.000531618476434806,0.000531618476434806,TRUE
"高钾","12",4,5,-0.301210361081584,-0.315824736463958,-0.0146143753823738,0.0146143753823738,TRUE
"高钾","12",4,6,-0.175966838097651,-0.179324799174321,-0.00335796107667011,0.00335796107667011,TRUE
"高钾","12",4,7,0.232256551428754,0.232321050861938,6.44994331842896e-05,6.44994331842896e-05,TRUE
"高钾","12",4,8,0.412120135965128,0.419975763885047,0.00785562791991878,0.00785562791991878,TRUE
"高钾","12",4,9,-0.0115810785570119,-0.011730002432188,-0.00014892387517609,0.00014892387517609,TRUE
"高钾","12",4,10,-0.388055762444658,-0.388294580098173,-0.000238817653514745,0.000238817653514745,TRUE
"高钾","12",4,11,-0.414143562644822,-0.415474732769678,-0.00133117012485634,0.00133117012485634,TRUE
"高钾","12",4,12,-0.694205411766386,-0.699427169434306,-0.00522175766791988,0.00522175766791988,TRUE
"高钾","12",4,13,-0.51823789140064,-0.520251580500408,-0.00201368909976807,0.00201368909976807,TRUE
"高钾","12",4,14,0.193574593847427,0.194010963534183,0.000436369686755728,0.000436369686755728,TRUE
"高钾","12",5,6,0.200231162947065,0.154951942583225,-0.0452792203638395,0.0452792203638395,TRUE
"高钾","12",5,7,0.033860182225866,0.0410832377238905,0.00722305549802448,0.00722305549802448,TRUE
"高钾","12",5,8,-0.519442538246898,-0.494097948038785,0.0253445902081126,0.0253445902081126,TRUE
"高钾","12",5,9,-0.0072696725643517,-0.0320248077617826,-0.0247551351974309,0.0247551351974309,TRUE
"高钾","12",5,10,0.181178497348922,0.180007150317984,-0.00117134703093805,0.00117134703093805,TRUE
"高钾","12",5,11,0.0900044269505306,0.0706795320970549,-0.0193248948534757,0.0193248948534757,TRUE
"高钾","12",5,12,0.0554660954996376,0.0973079632319841,0.0418418677323465,0.0418418677323465,TRUE
"高钾","12",5,13,0.0652080406052985,0.0968135172493386,0.0316054766440401,0.0316054766440401,TRUE
"高钾","12",5,14,0.0684180096689679,0.0904219914381995,0.0220039817692315,0.0220039817692315,TRUE
"高钾","12",6,7,-0.394551502915282,-0.398128600219683,-0.00357709730440176,0.00357709730440176,TRUE
"高钾","12",6,8,-0.29333944556724,-0.267731329332979,0.025608116234261,0.025608116234261,TRUE
"高钾","12",6,9,0.083128245237789,0.0700600083051886,-0.0130682369326004,0.0130682369326004,TRUE
"高钾","12",6,10,-0.189705168878086,-0.199063033400831,-0.00935786452274523,0.00935786452274523,TRUE
"高钾","12",6,11,0.218386677484859,0.208420797037614,-0.00996588044724503,0.00996588044724503,TRUE
"高钾","12",6,12,0.0144112555249763,0.03829105550589,0.0238797999809136,0.0238797999809136,TRUE
"高钾","12",6,13,0.136752488441912,0.156858680052481,0.0201061916105686,0.0201061916105686,TRUE
"高钾","12",6,14,-0.125007056637687,-0.116118250257556,0.00888880638013094,0.00888880638013094,TRUE
"高钾","12",7,8,0.557105971828866,0.563950751971273,0.0068447801424073,0.0068447801424073,TRUE
"高钾","12",7,9,-0.23094309275942,-0.230268650131782,0.000674442627638744,0.000674442627638744,TRUE
"高钾","12",7,10,0.258089813400397,0.258832355315976,0.000742541915579209,0.000742541915579209,TRUE
"高钾","12",7,11,-0.00954360914671686,-0.00818083002743064,0.00136277911928622,0.00136277911928622,TRUE
"高钾","12",7,12,-0.384810409971865,-0.390133561572333,-0.00532315160046759,0.00532315160046759,TRUE
"高钾","12",7,13,-0.697216804121459,-0.701867339592241,-0.00465053547078198,0.00465053547078198,TRUE
"高钾","12",7,14,0.0467817396483411,0.0457840205574996,-0.00099771909084153,0.00099771909084153,TRUE
"高钾","12",8,9,-0.162605945975513,-0.150964071446439,0.0116418745290733,0.0116418745290733,TRUE
"高钾","12",8,10,0.112486645074102,0.120688448198804,0.00820180312470266,0.00820180312470266,TRUE
"高钾","12",8,11,0.00626362645999937,0.0211962199074358,0.0149325934474364,0.0149325934474364,TRUE
"高钾","12",8,12,-0.216559619721725,-0.246334989998888,-0.0297753702771636,0.0297753702771636,TRUE
"高钾","12",8,13,-0.53227145016489,-0.561844228451545,-0.0295727782866544,0.0295727782866544,TRUE
"高钾","12",8,14,0.223834993528003,0.216779295171973,-0.00705569835603023,0.00705569835603023,TRUE
"高钾","12",9,10,0.570338609203785,0.569902997858442,-0.000435611345342535,0.000435611345342535,TRUE
"高钾","12",9,11,-0.186379606755283,-0.193543334596203,-0.00716372784091965,0.00716372784091965,TRUE
"高钾","12",9,12,-0.0741688235325984,-0.0651524039822012,0.0090164195503972,0.0090164195503972,TRUE
"高钾","12",9,13,-0.2155228520025,-0.209924359395872,0.0055984926066289,0.0055984926066289,TRUE
"高钾","12",9,14,-0.700967345314575,-0.699673171997836,0.00129417331673953,0.00129417331673953,TRUE
"高钾","12",10,11,0.272281478933583,0.270796470033474,-0.00148500890010855,0.00148500890010855,TRUE
"高钾","12",10,12,0.252091390829387,0.258121297665327,0.00602990683594035,0.00602990683594035,TRUE
"高钾","12",10,13,-0.197337085388339,-0.195379822796075,0.00195726259226414,0.00195726259226414,TRUE
"高钾","12",10,14,-0.593144553636386,-0.592614749447136,0.000529804189250416,0.000529804189250416,TRUE
"高钾","12",11,12,0.201942937429618,0.21371456066822,0.0117716232386019,0.0117716232386019,TRUE
"高钾","12",11,13,0.211948498815612,0.220447683976454,0.0084991851608415,0.0084991851608415,TRUE
"高钾","12",11,14,0.0547331571886193,0.0596122827122237,0.00487912552360441,0.00487912552360441,TRUE
"高钾","12",12,13,0.60949498493502,0.605397130085817,-0.00409785484920344,0.00409785484920344,TRUE
"高钾","12",12,14,-0.122060330058343,-0.130746878550242,-0.00868654849189922,0.00868654849189922,TRUE
"高钾","12",13,14,0.125254243167517,0.120524396563062,-0.00472984660445591,0.00472984660445591,TRUE
"高钾","13",1,2,0.0542545006671742,0.174888422472427,0.120633921805252,0.120633921805252,TRUE
"高钾","13",1,3,-0.348127284217064,-0.32676047503055,0.0213668091865139,0.0213668091865139,TRUE
"高钾","13",1,4,-0.13460653030799,-0.10345993844233,0.0311465918656595,0.0311465918656595,TRUE
"高钾","13",1,5,-0.387328019149632,-0.552330970769574,-0.165002951619942,0.165002951619942,TRUE
"高钾","13",1,6,0.0687541337706304,0.0734076945249909,0.00465356075436051,0.00465356075436051,TRUE
"高钾","13",1,7,-0.432323535703655,-0.406275774422777,0.0260477612808778,0.0260477612808778,TRUE
"高钾","13",1,8,0.199745898402592,0.237211674411671,0.0374657760090795,0.0374657760090795,TRUE
"高钾","13",1,9,-0.18926376967667,-0.256903308145192,-0.0676395384685214,0.0676395384685214,TRUE
"高钾","13",1,10,-0.219991014302309,-0.270276039448668,-0.0502850251463595,0.0502850251463595,TRUE
"高钾","13",1,11,-0.00878393227919905,0.0113178501666145,0.0201017824458135,0.0201017824458135,FALSE
"高钾","13",1,12,0.458939349700947,0.42962604529302,-0.0293133044079266,0.0293133044079266,TRUE
"高钾","13",1,13,0.606688684740374,0.599437041496207,-0.00725164324416683,0.00725164324416683,TRUE
"高钾","13",1,14,0.278223114673677,0.251327413492094,-0.0268957011815828,0.0268957011815828,TRUE
"高钾","13",2,3,0.216578091954458,0.150709656396707,-0.0658684355577507,0.0658684355577507,TRUE
"高钾","13",2,4,0.299405217375534,0.239453145880435,-0.0599520714950989,0.0599520714950989,TRUE
"高钾","13",2,5,-0.403818226434411,-0.208036120325465,0.195782106108946,0.195782106108946,TRUE
"高钾","13",2,6,0.245441560562435,0.274657714110358,0.0292161535479231,0.0292161535479231,TRUE
"高钾","13",2,7,-0.174797003463307,-0.363473605170665,-0.188676601707358,0.188676601707358,TRUE
"高钾","13",2,8,-0.113022092951,-0.233641475108872,-0.120619382157872,0.120619382157872,TRUE
"高钾","13",2,9,0.0676838238118794,0.261739686508151,0.194055862696271,0.194055862696271,TRUE
"高钾","13",2,10,-0.514622611172821,-0.481620267436905,0.0330023437359164,0.0330023437359164,TRUE
"高钾","13",2,11,-0.549886513397414,-0.709210010022564,-0.15932349662515,0.15932349662515,TRUE
"高钾","13",2,12,-0.295837117005418,-0.156980078138454,0.138857038866964,0.138857038866964,TRUE
"高钾","13",2,13,0.00951632385933851,0.0814598454607358,0.0719435216013973,0.0719435216013973,TRUE
"高钾","13",2,14,-0.272867653876907,-0.204207519508752,0.068660134368155,0.068660134368155,TRUE
"高钾","13",3,4,-0.127269858394648,-0.165918492038306,-0.0386486336436579,0.0386486336436579,TRUE
"高钾","13",3,5,-0.0294172026632152,0.0633738997167498,0.092791102379965,0.092791102379965,FALSE
"高钾","13",3,6,-0.0855233403558763,-0.0901640874763106,-0.00464074712043432,0.00464074712043432,TRUE
"高钾","13",3,7,-0.198583206137642,-0.253681469775323,-0.055098263637681,0.055098263637681,TRUE
"高钾","13",3,8,-0.472577556731677,-0.516338746715165,-0.0437611899834873,0.0437611899834873,TRUE
"高钾","13",3,9,-0.188509899826847,-0.146722994466806,0.0417869053600413,0.0417869053600413,TRUE
"高钾","13",3,10,-0.400530681583611,-0.377457281634183,0.023073399949428,0.023073399949428,TRUE
"高钾","13",3,11,-0.219986211526801,-0.244057664011015,-0.0240714524842142,0.0240714524842142,TRUE
"高钾","13",3,12,0.0191472940340376,0.0821723342537806,0.063025040219743,0.063025040219743,TRUE
"高钾","13",3,13,0.0371771263800573,0.0588544352858852,0.0216773089058279,0.0216773089058279,TRUE
"高钾","13",3,14,0.0687387971484495,0.106716529033436,0.0379777318849869,0.0379777318849869,TRUE
"高钾","13",4,5,-0.301210361081584,-0.243424208680444,0.0577861524011397,0.0577861524011397,TRUE
"高钾","13",4,6,-0.175966838097651,-0.182899220902002,-0.00693238280435152,0.00693238280435152,TRUE
"高钾","13",4,7,0.232256551428754,0.194397582383339,-0.0378589690454157,0.0378589690454157,TRUE
"高钾","13",4,8,0.412120135965128,0.393086700024069,-0.0190334359410586,0.0190334359410586,TRUE
"高钾","13",4,9,-0.0115810785570119,0.0460601879040968,0.0576412664611086,0.0576412664611086,FALSE
"高钾","13",4,10,-0.388055762444658,-0.361913908212467,0.0261418542321914,0.0261418542321914,TRUE
"高钾","13",4,11,-0.414143562644822,-0.445592316601963,-0.0314487539571419,0.0314487539571419,TRUE
"高钾","13",4,12,-0.694205411766386,-0.681265109193665,0.0129403025727211,0.0129403025727211,TRUE
"高钾","13",4,13,-0.51823789140064,-0.508680206358199,0.00955768504244081,0.00955768504244081,TRUE
"高钾","13",4,14,0.193574593847427,0.240105064750289,0.0465304709028626,0.0465304709028626,TRUE
"高钾","13",5,6,0.200231162947065,0.239030494320718,0.038799331373653,0.038799331373653,TRUE
"高钾","13",5,7,0.033860182225866,0.181860224355175,0.148000042129309,0.148000042129309,TRUE
"高钾","13",5,8,-0.519442538246898,-0.508830617137806,0.0106119211090918,0.0106119211090918,TRUE
"高钾","13",5,9,-0.0072696725643517,-0.174756131553767,-0.167486458989415,0.167486458989415,TRUE
"高钾","13",5,10,0.181178497348922,0.0897506544610941,-0.0914278428878276,0.0914278428878276,TRUE
"高钾","13",5,11,0.0900044269505306,0.163764370096194,0.0737599431456635,0.0737599431456635,TRUE
"高钾","13",5,12,0.0554660954996376,-0.125192858528672,-0.180658954028309,0.180658954028309,FALSE
"高钾","13",5,13,0.0652080406052985,0.00992206413413303,-0.0552859764711655,0.0552859764711655,TRUE
"高钾","13",5,14,0.0684180096689679,-0.0311917587127909,-0.0996097683817588,0.0996097683817588,FALSE
"高钾","13",6,7,-0.394551502915282,-0.412273396470502,-0.0177218935552202,0.0177218935552202,TRUE
"高钾","13",6,8,-0.29333944556724,-0.300647745368817,-0.00730829980157732,0.00730829980157732,TRUE
"高钾","13",6,9,0.083128245237789,0.0924511408337813,0.00932289559599234,0.00932289559599234,TRUE
"高钾","13",6,10,-0.189705168878086,-0.190198802658257,-0.000493633780171226,0.000493633780171226,TRUE
"高钾","13",6,11,0.218386677484859,0.217684461420951,-0.000702216063908051,0.000702216063908051,TRUE
"高钾","13",6,12,0.0144112555249763,0.0217737072072977,0.00736245168232137,0.00736245168232137,TRUE
"高钾","13",6,13,0.136752488441912,0.139927208978409,0.00317472053649737,0.00317472053649737,TRUE
"高钾","13",6,14,-0.125007056637687,-0.123774975398891,0.00123208123879599,0.00123208123879599,TRUE
"高钾","13",7,8,0.557105971828866,0.540070040213472,-0.0170359316153942,0.0170359316153942,TRUE
"高钾","13",7,9,-0.23094309275942,-0.171593934845091,0.0593491579143298,0.0593491579143298,TRUE
"高钾","13",7,10,0.258089813400397,0.329920510705752,0.0718306973053551,0.0718306973053551,TRUE
"高钾","13",7,11,-0.00954360914671686,-0.0380548050897296,-0.0285111959430128,0.0285111959430128,TRUE
"高钾","13",7,12,-0.384810409971865,-0.331126134090347,0.0536842758815181,0.0536842758815181,TRUE
"高钾","13",7,13,-0.697216804121459,-0.694567357829172,0.00264944629228714,0.00264944629228714,TRUE
"高钾","13",7,14,0.0467817396483411,0.100976459098228,0.0541947194498873,0.0541947194498873,TRUE
"高钾","13",8,9,-0.162605945975513,-0.121590182959348,0.0410157630161652,0.0410157630161652,TRUE
"高钾","13",8,10,0.112486645074102,0.154059632110315,0.0415729870362131,0.0415729870362131,TRUE
"高钾","13",8,11,0.00626362645999937,-0.0120013434453457,-0.018264969905345,0.018264969905345,FALSE
"高钾","13",8,12,-0.216559619721725,-0.173964678802751,0.0425949409189741,0.0425949409189741,TRUE
"高钾","13",8,13,-0.53227145016489,-0.523654655565001,0.0086167945998894,0.0086167945998894,TRUE
"高钾","13",8,14,0.223834993528003,0.265305250981167,0.0414702574531645,0.0414702574531645,TRUE
"高钾","13",9,10,0.570338609203785,0.543384378194356,-0.0269542310094291,0.0269542310094291,TRUE
"高钾","13",9,11,-0.186379606755283,-0.16287107265048,0.0235085341048031,0.0235085341048031,TRUE
"高钾","13",9,12,-0.0741688235325984,-0.186934447637116,-0.112765624104518,0.112765624104518,TRUE
"高钾","13",9,13,-0.2155228520025,-0.262138289699494,-0.0466154376969932,0.0466154376969932,TRUE
"高钾","13",9,14,-0.700967345314575,-0.807185234486686,-0.10621788917211,0.10621788917211,TRUE
"高钾","13",10,11,0.272281478933583,0.304769908957442,0.0324884300238595,0.0324884300238595,TRUE
"高钾","13",10,12,0.252091390829387,0.19624911916461,-0.0558422716647762,0.0558422716647762,TRUE
"高钾","13",10,13,-0.197337085388339,-0.229637946582189,-0.0323008611938507,0.0323008611938507,TRUE
"高钾","13",10,14,-0.593144553636386,-0.664180084583538,-0.0710355309471514,0.0710355309471514,TRUE
"高钾","13",11,12,0.201942937429618,0.253255537440758,0.0513126000111399,0.0513126000111399,TRUE
"高钾","13",11,13,0.211948498815612,0.227592381892644,0.0156438830770322,0.0156438830770322,TRUE
"高钾","13",11,14,0.0547331571886193,0.0781491019751881,0.0234159447865687,0.0234159447865687,TRUE
"高钾","13",12,13,0.60949498493502,0.608819573743854,-0.000675411191166653,0.000675411191166653,TRUE
"高钾","13",12,14,-0.122060330058343,-0.20189315078065,-0.0798328207223071,0.0798328207223071,TRUE
"高钾","13",13,14,0.125254243167517,0.104939984836407,-0.02031425833111,0.02031425833111,TRUE
"高钾","14",1,2,0.0542545006671742,0.195600743980932,0.141346243313758,0.141346243313758,TRUE
"高钾","14",1,3,-0.348127284217064,-0.326980415162754,0.0211468690543097,0.0211468690543097,TRUE
"高钾","14",1,4,-0.13460653030799,-0.104448149584796,0.0301583807231938,0.0301583807231938,TRUE
"高钾","14",1,5,-0.387328019149632,-0.387046181519052,0.000281837630579762,0.000281837630579762,TRUE
"高钾","14",1,6,0.0687541337706304,0.115222371503278,0.0464682377326473,0.0464682377326473,TRUE
"高钾","14",1,7,-0.432323535703655,-0.479369010862705,-0.04704547515905,0.04704547515905,TRUE
"高钾","14",1,8,0.199745898402592,0.137691161952309,-0.0620547364502828,0.0620547364502828,TRUE
"高钾","14",1,9,-0.18926376967667,-0.103396439697425,0.0858673299792448,0.0858673299792448,TRUE
"高钾","14",1,10,-0.219991014302309,-0.286842287187989,-0.0668512728856805,0.0668512728856805,TRUE
"高钾","14",1,11,-0.00878393227919905,-0.0838005960861316,-0.0750166638069326,0.0750166638069326,TRUE
"高钾","14",1,12,0.458939349700947,0.417126848260786,-0.0418125014401603,0.0418125014401603,TRUE
"高钾","14",1,13,0.606688684740374,0.595518570668555,-0.0111701140718192,0.0111701140718192,TRUE
"高钾","14",1,14,0.278223114673677,0.240375122001254,-0.0378479926724234,0.0378479926724234,TRUE
"高钾","14",2,3,0.216578091954458,0.164002902797794,-0.0525751891566641,0.0525751891566641,TRUE
"高钾","14",2,4,0.299405217375534,0.257779521238011,-0.041625696137523,0.041625696137523,TRUE
"高钾","14",2,5,-0.403818226434411,-0.497392404673458,-0.0935741782390473,0.0935741782390473,TRUE
"高钾","14",2,6,0.245441560562435,0.173492269487513,-0.0719492910749212,0.0719492910749212,TRUE
"高钾","14",2,7,-0.174797003463307,-0.118822979138032,0.0559740243252756,0.0559740243252756,TRUE
"高钾","14",2,8,-0.113022092951,0.0764391284831134,0.189461221434113,0.189461221434113,FALSE
"高钾","14",2,9,0.0676838238118794,-0.223756222625475,-0.291440046437354,0.291440046437354,FALSE
"高钾","14",2,10,-0.514622611172821,-0.469031635218073,0.0455909759547483,0.0455909759547483,TRUE
"高钾","14",2,11,-0.549886513397414,-0.474329448260199,0.0755570651372152,0.0755570651372152,TRUE
"高钾","14",2,12,-0.295837117005418,-0.121079410677901,0.174757706327517,0.174757706327517,TRUE
"高钾","14",2,13,0.00951632385933851,0.0988031256940566,0.0892868018347181,0.0892868018347181,TRUE
"高钾","14",2,14,-0.272867653876907,-0.184336431577426,0.0885312222994808,0.0885312222994808,TRUE
"高钾","14",3,4,-0.127269858394648,-0.15478374863934,-0.0275138902446921,0.0275138902446921,TRUE
"高钾","14",3,5,-0.0294172026632152,-0.036697031907186,-0.00727982924397079,0.00727982924397079,TRUE
"高钾","14",3,6,-0.0855233403558763,-0.118391540241346,-0.03286819988547,0.03286819988547,TRUE
"高钾","14",3,7,-0.198583206137642,-0.180744587669605,0.0178386184680372,0.0178386184680372,TRUE
"高钾","14",3,8,-0.472577556731677,-0.453121594075452,0.0194559626562252,0.0194559626562252,TRUE
"高钾","14",3,9,-0.188509899826847,-0.29564746969839,-0.107137569871543,0.107137569871543,TRUE
"高钾","14",3,10,-0.400530681583611,-0.37951098602977,0.0210196955538411,0.0210196955538411,TRUE
"高钾","14",3,11,-0.219986211526801,-0.183267234404915,0.036718977121886,0.036718977121886,TRUE
"高钾","14",3,12,0.0191472940340376,0.0859758238728335,0.0668285298387959,0.0668285298387959,TRUE
"高钾","14",3,13,0.0371771263800573,0.060494456012287,0.0233173296322298,0.0233173296322298,TRUE
"高钾","14",3,14,0.0687387971484495,0.107973670612124,0.0392348734636749,0.0392348734636749,TRUE
"高钾","14",4,5,-0.301210361081584,-0.31255971527271,-0.0113493541911256,0.0113493541911256,TRUE
"高钾","14",4,6,-0.175966838097651,-0.213211672383372,-0.0372448342857214,0.0372448342857214,TRUE
"高钾","14",4,7,0.232256551428754,0.260955421188246,0.0286988697594921,0.0286988697594921,TRUE
"高钾","14",4,8,0.412120135965128,0.502087023485639,0.0899668875205109,0.0899668875205109,TRUE
"高钾","14",4,9,-0.0115810785570119,-0.0971254338416551,-0.0855443552846433,0.0855443552846433,TRUE
"高钾","14",4,10,-0.388055762444658,-0.365213566179302,0.0228421962653562,0.0228421962653562,TRUE
"高钾","14",4,11,-0.414143562644822,-0.388720346853623,0.0254232157911986,0.0254232157911986,TRUE
"高钾","14",4,12,-0.694205411766386,-0.695972622015136,-0.00176721024874926,0.00176721024874926,TRUE
"高钾","14",4,13,-0.51823789140064,-0.506957867427618,0.0112800239730223,0.0112800239730223,TRUE
"高钾","14",4,14,0.193574593847427,0.239669664234744,0.0460950703873175,0.0460950703873175,TRUE
"高钾","14",5,6,0.200231162947065,0.195377871107731,-0.00485329183933361,0.00485329183933361,TRUE
"高钾","14",5,7,0.033860182225866,0.0408398830052758,0.00697970077940979,0.00697970077940979,TRUE
"高钾","14",5,8,-0.519442538246898,-0.536814352159087,-0.0173718139121887,0.0173718139121887,TRUE
"高钾","14",5,9,-0.0072696725643517,-0.0319620504230089,-0.0246923778586572,0.0246923778586572,TRUE
"高钾","14",5,10,0.181178497348922,0.198145696686744,0.0169671993378223,0.0169671993378223,TRUE
"高钾","14",5,11,0.0900044269505306,0.110377351078484,0.0203729241279537,0.0203729241279537,TRUE
"高钾","14",5,12,0.0554660954996376,0.0795373340103956,0.024071238510758,0.024071238510758,TRUE
"高钾","14",5,13,0.0652080406052985,0.0726283984260276,0.00742035782072907,0.00742035782072907,TRUE
"高钾","14",5,14,0.0684180096689679,0.0812063955438492,0.0127883858748813,0.0127883858748813,TRUE
"高钾","14",6,7,-0.394551502915282,-0.377631995505417,0.0169195074098647,0.0169195074098647,TRUE
"高钾","14",6,8,-0.29333944556724,-0.24631974123339,0.0470197043338498,0.0470197043338498,TRUE
"高钾","14",6,9,0.083128245237789,-0.00809071506946506,-0.0912189603072541,0.0912189603072541,FALSE
"高钾","14",6,10,-0.189705168878086,-0.150085985804354,0.0396191830737314,0.0396191830737314,TRUE
"高钾","14",6,11,0.218386677484859,0.301765299151898,0.0833786216670389,0.0833786216670389,TRUE
"高钾","14",6,12,0.0144112555249763,0.0999472290310442,0.0855359735060679,0.0855359735060679,TRUE
"高钾","14",6,13,0.136752488441912,0.169977337393417,0.0332248489515055,0.0332248489515055,TRUE
"高钾","14",6,14,-0.125007056637687,-0.0838173305657319,0.0411897260719553,0.0411897260719553,TRUE
"高钾","14",7,8,0.557105971828866,0.546060138543355,-0.0110458332855103,0.0110458332855103,TRUE
"高钾","14",7,9,-0.23094309275942,-0.187085863663888,0.043857229095532,0.043857229095532,TRUE
"高钾","14",7,10,0.258089813400397,0.232509084641407,-0.0255807287589898,0.0255807287589898,TRUE
"高钾","14",7,11,-0.00954360914671686,-0.0594166275708679,-0.0498730184241511,0.0498730184241511,TRUE
"高钾","14",7,12,-0.384810409971865,-0.48444029177115,-0.0996298817992851,0.0996298817992851,TRUE
"高钾","14",7,13,-0.697216804121459,-0.733600752583172,-0.0363839484617124,0.0363839484617124,TRUE
"高钾","14",7,14,0.0467817396483411,0.0138160723831992,-0.0329656672651419,0.0329656672651419,TRUE
"高钾","14",8,9,-0.162605945975513,-0.00456537570136734,0.158040570274145,0.158040570274145,TRUE
"高钾","14",8,10,0.112486645074102,0.0328977426806329,-0.0795889023934688,0.0795889023934688,TRUE
"高钾","14",8,11,0.00626362645999937,-0.115763278585371,-0.122026905045371,0.122026905045371,FALSE
"高钾","14",8,12,-0.216559619721725,-0.404773658985563,-0.188214039263839,0.188214039263839,TRUE
"高钾","14",8,13,-0.53227145016489,-0.625889450848506,-0.0936180006836163,0.0936180006836163,TRUE
"高钾","14",8,14,0.223834993528003,0.158086866446803,-0.0657481270811995,0.0657481270811995,TRUE
"高钾","14",9,10,0.570338609203785,0.79455474866758,0.224216139463795,0.224216139463795,TRUE
"高钾","14",9,11,-0.186379606755283,-0.0447491579478682,0.141630448807415,0.141630448807415,TRUE
"高钾","14",9,12,-0.0741688235325984,0.132137169138921,0.206305992671519,0.206305992671519,FALSE
"高钾","14",9,13,-0.2155228520025,-0.168791901032162,0.0467309509703389,0.0467309509703389,TRUE
"高钾","14",9,14,-0.700967345314575,-0.688621544941435,0.0123458003731403,0.0123458003731403,TRUE
"高钾","14",10,11,0.272281478933583,0.212080019162208,-0.0602014597713741,0.0602014597713741,TRUE
"高钾","14",10,12,0.252091390829387,0.176514171374933,-0.0755772194544538,0.0755772194544538,TRUE
"高钾","14",10,13,-0.197337085388339,-0.24215791335797,-0.0448208279696317,0.0448208279696317,TRUE
"高钾","14",10,14,-0.593144553636386,-0.687831685416374,-0.0946871317799874,0.0946871317799874,TRUE
"高钾","14",11,12,0.201942937429618,0.0880207511417955,-0.113922186287822,0.113922186287822,TRUE
"高钾","14",11,13,0.211948498815612,0.176416084133709,-0.0355324146819029,0.0355324146819029,TRUE
"高钾","14",11,14,0.0547331571886193,-0.021279860439933,-0.0760130176285523,0.0760130176285523,FALSE
"高钾","14",12,13,0.60949498493502,0.606850984622464,-0.00264400031255629,0.00264400031255629,TRUE
"高钾","14",12,14,-0.122060330058343,-0.237802142485333,-0.11574181242699,0.11574181242699,TRUE
"高钾","14",13,14,0.125254243167517,0.0950349717627221,-0.0302192714047954,0.0302192714047954,TRUE
"高钾","16",1,2,0.0542545006671742,0.126911177528831,0.0726566768616567,0.0726566768616567,TRUE
"高钾","16",1,3,-0.348127284217064,-0.333826961720978,0.0143003224960856,0.0143003224960856,TRUE
"高钾","16",1,4,-0.13460653030799,-0.114559138144573,0.0200473921634164,0.0200473921634164,TRUE
"高钾","16",1,5,-0.387328019149632,-0.383990959611217,0.00333705953841512,0.00333705953841512,TRUE
"高钾","16",1,6,0.0687541337706304,0.08437326354928,0.0156191297786496,0.0156191297786496,TRUE
"高钾","16",1,7,-0.432323535703655,-0.451542717688357,-0.0192191819847022,0.0192191819847022,TRUE
"高钾","16",1,8,0.199745898402592,0.189634410439189,-0.0101114879634029,0.0101114879634029,TRUE
"高钾","16",1,9,-0.18926376967667,-0.185791156284985,0.00347261339168556,0.00347261339168556,TRUE
"高钾","16",1,10,-0.219991014302309,-0.2483693836781,-0.0283783693757909,0.0283783693757909,TRUE
"高钾","16",1,11,-0.00878393227919905,-0.112892685353815,-0.104108753074616,0.104108753074616,TRUE
"高钾","16",1,12,0.458939349700947,0.461640531736556,0.00270118203560954,0.00270118203560954,TRUE
"高钾","16",1,13,0.606688684740374,0.602673815942497,-0.00401486879787638,0.00401486879787638,TRUE
"高钾","16",1,14,0.278223114673677,0.264691729986727,-0.01353138468695,0.01353138468695,TRUE
"高钾","16",2,3,0.216578091954458,0.134172080011097,-0.0824060119433611,0.0824060119433611,TRUE
"高钾","16",2,4,0.299405217375534,0.234075567441208,-0.0653296499343256,0.0653296499343256,TRUE
"高钾","16",2,5,-0.403818226434411,-0.495530564100357,-0.0917123376659464,0.0917123376659464,TRUE
"高钾","16",2,6,0.245441560562435,0.212218983726485,-0.0332225768359496,0.0332225768359496,TRUE
"高钾","16",2,7,-0.174797003463307,-0.136145282668981,0.0386517207943258,0.0386517207943258,TRUE
"高钾","16",2,8,-0.113022092951,-0.0685492197865215,0.0444728731644784,0.0444728731644784,TRUE
"高钾","16",2,9,0.0676838238118794,0.0537747349687135,-0.0139090888431659,0.0139090888431659,TRUE
"高钾","16",2,10,-0.514622611172821,-0.490617168148175,0.0240054430246462,0.0240054430246462,TRUE
"高钾","16",2,11,-0.549886513397414,-0.346022211923237,0.203864301474178,0.203864301474178,TRUE
"高钾","16",2,12,-0.295837117005418,-0.337684982376623,-0.0418478653712049,0.0418478653712049,TRUE
"高钾","16",2,13,0.00951632385933851,0.0627469032360326,0.0532305793766941,0.0532305793766941,TRUE
"高钾","16",2,14,-0.272867653876907,-0.222888110938193,0.0499795429387143,0.0499795429387143,TRUE
"高钾","16",3,4,-0.127269858394648,-0.177281036545702,-0.0500111781510546,0.0500111781510546,TRUE
"高钾","16",3,5,-0.0294172026632152,-0.0422337987412406,-0.0128165960780254,0.0128165960780254,TRUE
"高钾","16",3,6,-0.0855233403558763,-0.11536278837378,-0.0298394480179032,0.0298394480179032,TRUE
"高钾","16",3,7,-0.198583206137642,-0.179459018389794,0.0191241877478488,0.0191241877478488,TRUE
"高钾","16",3,8,-0.472577556731677,-0.462621255418396,0.00995630131328135,0.00995630131328135,TRUE
"高钾","16",3,9,-0.188509899826847,-0.202030731578,-0.0135208317511521,0.0135208317511521,TRUE
"高钾","16",3,10,-0.400530681583611,-0.375288507181634,0.0252421744019768,0.0252421744019768,TRUE
"高钾","16",3,11,-0.219986211526801,-0.111639861411904,0.108346350114897,0.108346350114897,TRUE
"高钾","16",3,12,0.0191472940340376,0.0201505587795301,0.00100326474549248,0.00100326474549248,TRUE
"高钾","16",3,13,0.0371771263800573,0.0578926389753198,0.0207155125952626,0.0207155125952626,TRUE
"高钾","16",3,14,0.0687387971484495,0.107197693911953,0.038458896763503,0.038458896763503,TRUE
"高钾","16",4,5,-0.301210361081584,-0.319919677286093,-0.0187093162045087,0.0187093162045087,TRUE
"高钾","16",4,6,-0.175966838097651,-0.207655597535544,-0.0316887594378932,0.0316887594378932,TRUE
"高钾","16",4,7,0.232256551428754,0.263153347759464,0.0308967963307099,0.0308967963307099,TRUE
"高钾","16",4,8,0.412120135965128,0.446376465844128,0.0342563298790003,0.0342563298790003,TRUE
"高钾","16",4,9,-0.0115810785570119,-0.0206931487988709,-0.00911207024185905,0.00911207024185905,TRUE
"高钾","16",4,10,-0.388055762444658,-0.362948862850253,0.0251068995944052,0.0251068995944052,TRUE
"高钾","16",4,11,-0.414143562644822,-0.380728654250549,0.0334149083942723,0.0334149083942723,TRUE
"高钾","16",4,12,-0.694205411766386,-0.70847974563227,-0.0142743338658838,0.0142743338658838,TRUE
"高钾","16",4,13,-0.51823789140064,-0.512371159792354,0.00586673160828644,0.00586673160828644,TRUE
"高钾","16",4,14,0.193574593847427,0.235448803381248,0.0418742095338209,0.0418742095338209,TRUE
"高钾","16",5,6,0.200231162947065,0.194949611014692,-0.0052815519323729,0.0052815519323729,TRUE
"高钾","16",5,7,0.033860182225866,0.0407813424958089,0.00692116026994297,0.00692116026994297,TRUE
"高钾","16",5,8,-0.519442538246898,-0.51717819516733,0.00226434307956769,0.00226434307956769,TRUE
"高钾","16",5,9,-0.0072696725643517,-0.00970392458723833,-0.00243425202288663,0.00243425202288663,TRUE
"高钾","16",5,10,0.181178497348922,0.196182380301448,0.0150038829525262,0.0150038829525262,TRUE
"高钾","16",5,11,0.0900044269505306,0.170193831149677,0.0801894041991469,0.0801894041991469,TRUE
"高钾","16",5,12,0.0554660954996376,0.0557071936446144,0.00024109814497681,0.00024109814497681,TRUE
"高钾","16",5,13,0.0652080406052985,0.0708265577186191,0.00561851711332062,0.00561851711332062,TRUE
"高钾","16",5,14,0.0684180096689679,0.079030728824755,0.010612719155787,0.010612719155787,TRUE
"高钾","16",6,7,-0.394551502915282,-0.385544098604125,0.00900740431115615,0.00900740431115615,TRUE
"高钾","16",6,8,-0.29333944556724,-0.28345679972078,0.00988264584646009,0.00988264584646009,TRUE
"高钾","16",6,9,0.083128245237789,0.0784468891290592,-0.00468135610872976,0.00468135610872976,TRUE
"高钾","16",6,10,-0.189705168878086,-0.169757834859356,0.0199473340187294,0.0199473340187294,TRUE
"高钾","16",6,11,0.218386677484859,0.405892623258188,0.187505945773329,0.187505945773329,TRUE
"高钾","16",6,12,0.0144112555249763,0.0148690131651169,0.000457757640140641,0.000457757640140641,TRUE
"高钾","16",6,13,0.136752488441912,0.150211674849298,0.0134591864073862,0.0134591864073862,TRUE
"高钾","16",6,14,-0.125007056637687,-0.106350081250789,0.0186569753868986,0.0186569753868986,TRUE
"高钾","16",7,8,0.557105971828866,0.551405498780848,-0.00570047304801824,0.00570047304801824,TRUE
"高钾","16",7,9,-0.23094309275942,-0.227743543022142,0.00319954973727862,0.00319954973727862,TRUE
"高钾","16",7,10,0.258089813400397,0.241750759840132,-0.016339053560265,0.016339053560265,TRUE
"高钾","16",7,11,-0.00954360914671686,-0.116011026932619,-0.106467417785902,0.106467417785902,TRUE
"高钾","16",7,12,-0.384810409971865,-0.387751255681267,-0.00294084570940201,0.00294084570940201,TRUE
"高钾","16",7,13,-0.697216804121459,-0.715768625052944,-0.018551820931485,0.018551820931485,TRUE
"高钾","16",7,14,0.0467817396483411,0.028073057728589,-0.0187086819197521,0.0187086819197521,TRUE
"高钾","16",8,9,-0.162605945975513,-0.159042394027573,0.00356355194794003,0.00356355194794003,TRUE
"高钾","16",8,10,0.112486645074102,0.0935748587575124,-0.0189117863165894,0.0189117863165894,TRUE
"高钾","16",8,11,0.00626362645999937,-0.0888018617620174,-0.0950654882220168,0.0950654882220168,FALSE
"高钾","16",8,12,-0.216559619721725,-0.218167188252235,-0.00160756853051042,0.00160756853051042,TRUE
"高钾","16",8,13,-0.53227145016489,-0.547952747815006,-0.0156812976501162,0.0156812976501162,TRUE
"高钾","16",8,14,0.223834993528003,0.209809928812771,-0.0140250647152323,0.0140250647152323,TRUE
"高钾","16",9,10,0.570338609203785,0.590314512513167,0.019975903309382,0.019975903309382,TRUE
"高钾","16",9,11,-0.186379606755283,-0.2111467735707,-0.0247671668154172,0.0247671668154172,TRUE
"高钾","16",9,12,-0.0741688235325984,-0.0741222991543641,4.65243782343666e-05,4.65243782343666e-05,TRUE
"高钾","16",9,13,-0.2155228520025,-0.212701371312862,0.00282148068963878,0.00282148068963878,TRUE
"高钾","16",9,14,-0.700967345314575,-0.7042954803247,-0.00332813501012452,0.00332813501012452,TRUE
"高钾","16",10,11,0.272281478933583,0.195793304824172,-0.0764881741094109,0.0764881741094109,TRUE
"高钾","16",10,12,0.252091390829387,0.256437799347029,0.00434640851764218,0.00434640851764218,TRUE
"高钾","16",10,13,-0.197337085388339,-0.220256551230752,-0.0229194658424136,0.0229194658424136,TRUE
"高钾","16",10,14,-0.593144553636386,-0.646358945884732,-0.0532143922483457,0.0532143922483457,TRUE
"高钾","16",11,12,0.201942937429618,0.266887170514064,0.0649442330844461,0.0649442330844461,TRUE
"高钾","16",11,13,0.211948498815612,0.202355715543947,-0.00959278327166552,0.00959278327166552,TRUE
"高钾","16",11,14,0.0547331571886193,-0.0743703475761648,-0.129103504764784,0.129103504764784,FALSE
"高钾","16",12,13,0.60949498493502,0.611843195454016,0.00234821051899581,0.00234821051899581,TRUE
"高钾","16",12,14,-0.122060330058343,-0.124226883411474,-0.00216655335313157,0.00216655335313157,TRUE
"高钾","16",13,14,0.125254243167517,0.112017946895049,-0.0132362962724685,0.0132362962724685,TRUE
"高钾","18",1,2,0.0542545006671742,0.0625293078204859,0.00827480715331171,0.00827480715331171,TRUE
"高钾","18",1,3,-0.348127284217064,-0.398525430338422,-0.0503981461213585,0.0503981461213585,TRUE
"高钾","18",1,4,-0.13460653030799,-0.0649007171622934,0.0697058131456964,0.0697058131456964,TRUE
"高钾","18",1,5,-0.387328019149632,-0.467920679250977,-0.0805926601013456,0.0805926601013456,TRUE
"高钾","18",1,6,0.0687541337706304,0.0518926114042411,-0.0168615223663893,0.0168615223663893,TRUE
"高钾","18",1,7,-0.432323535703655,-0.437642072187473,-0.00531853648381841,0.00531853648381841,TRUE
"高钾","18",1,8,0.199745898402592,0.510054118435073,0.310308220032481,0.310308220032481,TRUE
"高钾","18",1,9,-0.18926376967667,-0.172661664110358,0.0166021055663117,0.0166021055663117,TRUE
"高钾","18",1,10,-0.219991014302309,-0.210641337370645,0.00934967693166402,0.00934967693166402,TRUE
"高钾","18",1,11,-0.00878393227919905,-0.0520492759816901,-0.043265343702491,0.043265343702491,TRUE
"高钾","18",1,12,0.458939349700947,0.449501980534136,-0.00943736916681071,0.00943736916681071,TRUE
"高钾","18",1,13,0.606688684740374,0.997736385975004,0.391047701234631,0.391047701234631,TRUE
"高钾","18",1,14,0.278223114673677,0.283399485149538,0.00517637047586145,0.00517637047586145,TRUE
"高钾","18",2,3,0.216578091954458,0.236598736145747,0.020020644191289,0.020020644191289,TRUE
"高钾","18",2,4,0.299405217375534,0.328598778854367,0.0291935614788328,0.0291935614788328,TRUE
"高钾","18",2,5,-0.403818226434411,-0.410758991816834,-0.00694076538242316,0.00694076538242316,TRUE
"高钾","18",2,6,0.245441560562435,0.254288202102546,0.00884664154011178,0.00884664154011178,TRUE
"高钾","18",2,7,-0.174797003463307,-0.258641525370414,-0.0838445219071064,0.0838445219071064,TRUE
"高钾","18",2,8,-0.113022092951,-0.249783174562563,-0.136761081611563,0.136761081611563,TRUE
"高钾","18",2,9,0.0676838238118794,0.0610030453082012,-0.00668077850367819,0.00668077850367819,TRUE
"高钾","18",2,10,-0.514622611172821,-0.521776262320344,-0.00715365114752275,0.00715365114752275,TRUE
"高钾","18",2,11,-0.549886513397414,-0.558609669828567,-0.00872315643115307,0.00872315643115307,TRUE
"高钾","18",2,12,-0.295837117005418,-0.309044691033168,-0.01320757402775,0.01320757402775,TRUE
"高钾","18",2,13,0.00951632385933851,0.113867517851784,0.104351193992445,0.104351193992445,TRUE
"高钾","18",2,14,-0.272867653876907,-0.274093032507094,-0.00122537863018679,0.00122537863018679,TRUE
"高钾","18",3,4,-0.127269858394648,0.0133427562105783,0.140612614605226,0.140612614605226,FALSE
"高钾","18",3,5,-0.0294172026632152,-0.121609117037915,-0.0921919143746996,0.0921919143746996,TRUE
"高钾","18",3,6,-0.0855233403558763,-0.119939212328808,-0.0344158719729321,0.0344158719729321,TRUE
"高钾","18",3,7,-0.198583206137642,-0.0689386909702415,0.129644515167401,0.129644515167401,TRUE
"高钾","18",3,8,-0.472577556731677,-0.471138121894129,0.00143943483754799,0.00143943483754799,TRUE
"高钾","18",3,9,-0.188509899826847,-0.161015513804229,0.0274943860226183,0.0274943860226183,TRUE
"高钾","18",3,10,-0.400530681583611,-0.392853728456183,0.00767695312742822,0.00767695312742822,TRUE
"高钾","18",3,11,-0.219986211526801,-0.30987642461728,-0.0898902130904789,0.0898902130904789,TRUE
"高钾","18",3,12,0.0191472940340376,-0.114118990912413,-0.133266284946451,0.133266284946451,FALSE
"高钾","18",3,13,0.0371771263800573,-0.366852411811358,-0.404029538191416,0.404029538191416,FALSE
"高钾","18",3,14,0.0687387971484495,0.0746877791664012,0.00594898201795165,0.00594898201795165,TRUE
"高钾","18",4,5,-0.301210361081584,-0.139901540755791,0.161308820325794,0.161308820325794,TRUE
"高钾","18",4,6,-0.175966838097651,-0.129004868695376,0.0469619694022742,0.0469619694022742,TRUE
"高钾","18",4,7,0.232256551428754,-0.169264360578998,-0.401520912007752,0.401520912007752,FALSE
"高钾","18",4,8,0.412120135965128,-0.0719533849971705,-0.484073520962298,0.484073520962298,FALSE
"高钾","18",4,9,-0.0115810785570119,-0.112618127021125,-0.101037048464113,0.101037048464113,TRUE
"高钾","18",4,10,-0.388055762444658,-0.534388562286462,-0.146332799841803,0.146332799841803,TRUE
"高钾","18",4,11,-0.414143562644822,-0.320533880039677,0.0936096826051445,0.0936096826051445,TRUE
"高钾","18",4,12,-0.694205411766386,-0.582742619048796,0.111462792717591,0.111462792717591,TRUE
"高钾","18",4,13,-0.51823789140064,-0.0489580112373536,0.469279880163286,0.469279880163286,TRUE
"高钾","18",4,14,0.193574593847427,0.225099463005447,0.0315248691580202,0.0315248691580202,TRUE
"高钾","18",5,6,0.200231162947065,0.169475888277172,-0.0307552746698926,0.0307552746698926,TRUE
"高钾","18",5,7,0.033860182225866,0.315251587038902,0.281391404813036,0.281391404813036,TRUE
"高钾","18",5,8,-0.519442538246898,-0.435832788681188,0.0836097495657102,0.0836097495657102,TRUE
"高钾","18",5,9,-0.0072696725643517,0.0429960333566133,0.050265705920965,0.050265705920965,FALSE
"高钾","18",5,10,0.181178497348922,0.224156746327024,0.042978248978102,0.042978248978102,TRUE
"高钾","18",5,11,0.0900044269505306,-0.00642503349395806,-0.0964294604444886,0.0964294604444886,FALSE
"高钾","18",5,12,0.0554660954996376,-0.130083997325897,-0.185550092825535,0.185550092825535,FALSE
"高钾","18",5,13,0.0652080406052985,-0.501191665765907,-0.566399706371205,0.566399706371205,FALSE
"高钾","18",5,14,0.0684180096689679,0.078262479708251,0.00984447003928304,0.00984447003928304,TRUE
"高钾","18",6,7,-0.394551502915282,-0.403450762503772,-0.0088992595884903,0.0088992595884903,TRUE
"高钾","18",6,8,-0.29333944556724,-0.3189399142978,-0.0256004687305603,0.0256004687305603,TRUE
"高钾","18",6,9,0.083128245237789,0.102293199943226,0.0191649547054372,0.0191649547054372,TRUE
"高钾","18",6,10,-0.189705168878086,-0.181124364248584,0.00858080462950195,0.00858080462950195,TRUE
"高钾","18",6,11,0.218386677484859,0.192537886979325,-0.025848790505534,0.025848790505534,TRUE
"高钾","18",6,12,0.0144112555249763,-0.0521248186927395,-0.0665360742177158,0.0665360742177158,FALSE
"高钾","18",6,13,0.136752488441912,0.0586697201716595,-0.0780827682702526,0.0780827682702526,TRUE
"高钾","18",6,14,-0.125007056637687,-0.124063135790587,0.000943920847099877,0.000943920847099877,TRUE
"高钾","18",7,8,0.557105971828866,0.171771766218642,-0.385334205610224,0.385334205610224,TRUE
"高钾","18",7,9,-0.23094309275942,-0.398159425208847,-0.167216332449427,0.167216332449427,TRUE
"高钾","18",7,10,0.258089813400397,0.259398588993586,0.00130877559318932,0.00130877559318932,TRUE
"高钾","18",7,11,-0.00954360914671686,0.209721951608949,0.219265560755666,0.219265560755666,FALSE
"高钾","18",7,12,-0.384810409971865,-0.136311205164569,0.248499204807296,0.248499204807296,TRUE
"高钾","18",7,13,-0.697216804121459,-0.442536069334547,0.254680734786912,0.254680734786912,TRUE
"高钾","18",7,14,0.0467817396483411,0.0469194681656687,0.000137728517327587,0.000137728517327587,TRUE
"高钾","18",8,9,-0.162605945975513,-0.444849379245265,-0.282243433269752,0.282243433269752,TRUE
"高钾","18",8,10,0.112486645074102,0.073194861538073,-0.0392917835360287,0.0392917835360287,TRUE
"高钾","18",8,11,0.00626362645999937,0.385571057913945,0.379307431453946,0.379307431453946,TRUE
"高钾","18",8,12,-0.216559619721725,0.297869254486553,0.514428874208278,0.514428874208278,FALSE
"高钾","18",8,13,-0.53227145016489,0.508790541985691,1.04106199215058,1.04106199215058,FALSE
"高钾","18",8,14,0.223834993528003,0.342144569767194,0.118309576239191,0.118309576239191,TRUE
"高钾","18",9,10,0.570338609203785,0.565971865656754,-0.00436674354703093,0.00436674354703093,TRUE
"高钾","18",9,11,-0.186379606755283,-0.154511172174618,0.0318684345806656,0.0318684345806656,TRUE
"高钾","18",9,12,-0.0741688235325984,-0.00782246366442437,0.066346359868174,0.066346359868174,TRUE
"高钾","18",9,13,-0.2155228520025,-0.193258215937134,0.0222646360653667,0.0222646360653667,TRUE
"高钾","18",9,14,-0.700967345314575,-0.710206768013062,-0.00923942269848621,0.00923942269848621,TRUE
"高钾","18",10,11,0.272281478933583,0.310389360291172,0.0381078813575893,0.0381078813575893,TRUE
"高钾","18",10,12,0.252091390829387,0.335930446836282,0.0838390560068952,0.0838390560068952,TRUE
"高钾","18",10,13,-0.197337085388339,-0.252078011135736,-0.0547409257473973,0.0547409257473973,TRUE
"高钾","18",10,14,-0.593144553636386,-0.596738545470083,-0.00359399183369702,0.00359399183369702,TRUE
"高钾","18",11,12,0.201942937429618,0.078001266655392,-0.123941670774226,0.123941670774226,TRUE
"高钾","18",11,13,0.211948498815612,-0.0756811737458118,-0.287629672561424,0.287629672561424,FALSE
"高钾","18",11,14,0.0547331571886193,0.0616438468279182,0.00691068963929889,0.00691068963929889,TRUE
"高钾","18",12,13,0.60949498493502,0.442761789636319,-0.166733195298701,0.166733195298701,TRUE
"高钾","18",12,14,-0.122060330058343,-0.130784289692691,-0.00872395963434856,0.00872395963434856,TRUE
"高钾","18",13,14,0.125254243167517,0.284547663770549,0.159293420603031,0.159293420603031,TRUE
"高钾","21",1,2,0.0542545006671742,0.0362568090508506,-0.0179976916163236,0.0179976916163236,TRUE
"高钾","21",1,3,-0.348127284217064,-0.526432808337321,-0.178305524120257,0.178305524120257,TRUE
"高钾","21",1,4,-0.13460653030799,-0.124891357140497,0.00971517316749319,0.00971517316749319,TRUE
"高钾","21",1,5,-0.387328019149632,-0.376288058480488,0.0110399606691438,0.0110399606691438,TRUE
"高钾","21",1,6,0.0687541337706304,0.0705327401771553,0.00177860640652493,0.00177860640652493,TRUE
"高钾","21",1,7,-0.432323535703655,-0.420912189533306,0.0114113461703489,0.0114113461703489,TRUE
"高钾","21",1,8,0.199745898402592,0.211718024129872,0.0119721257272801,0.0119721257272801,TRUE
"高钾","21",1,9,-0.18926376967667,-0.158428180847074,0.030835588829596,0.030835588829596,TRUE
"高钾","21",1,10,-0.219991014302309,-0.19073292838469,0.0292580859176186,0.0292580859176186,TRUE
"高钾","21",1,11,-0.00878393227919905,-5.95338479603016e-06,0.00877797889440302,0.00877797889440302,TRUE
"高钾","21",1,12,0.458939349700947,0.450092385103149,-0.00884696459779799,0.00884696459779799,TRUE
"高钾","21",1,13,0.606688684740374,0.601410809558406,-0.00527787518196732,0.00527787518196732,TRUE
"高钾","21",1,14,0.278223114673677,0.262850563797252,-0.0153725508764251,0.0153725508764251,TRUE
"高钾","21",2,3,0.216578091954458,0.146498623378002,-0.0700794685764554,0.0700794685764554,TRUE
"高钾","21",2,4,0.299405217375534,0.32223912105126,0.0228339036757264,0.0228339036757264,TRUE
"高钾","21",2,5,-0.403818226434411,-0.386648058005172,0.0171701684292385,0.0171701684292385,TRUE
"高钾","21",2,6,0.245441560562435,0.251017508663794,0.00557594810135897,0.00557594810135897,TRUE
"高钾","21",2,7,-0.174797003463307,-0.145318824939054,0.0294781785242535,0.0294781785242535,TRUE
"高钾","21",2,8,-0.113022092951,-0.100056555330139,0.012965537620861,0.012965537620861,TRUE
"高钾","21",2,9,0.0676838238118794,0.150991656399705,0.0833078325878257,0.0833078325878257,TRUE
"高钾","21",2,10,-0.514622611172821,-0.504750963289913,0.00987164788290884,0.00987164788290884,TRUE
"高钾","21",2,11,-0.549886513397414,-0.546105842239874,0.00378067115754011,0.00378067115754011,TRUE
"高钾","21",2,12,-0.295837117005418,-0.378349286607448,-0.0825121696020299,0.0825121696020299,TRUE
"高钾","21",2,13,0.00951632385933851,-0.0106583841237042,-0.0201747079830427,0.0201747079830427,FALSE
"高钾","21",2,14,-0.272867653876907,-0.317058794047477,-0.0441911401705702,0.0441911401705702,TRUE
"高钾","21",3,4,-0.127269858394648,-0.0845850397389289,0.0426848186557188,0.0426848186557188,TRUE
"高钾","21",3,5,-0.0294172026632152,0.0916276197151213,0.121044822378337,0.121044822378337,FALSE
"高钾","21",3,6,-0.0855233403558763,-0.0984839360536853,-0.012960595697809,0.012960595697809,TRUE
"高钾","21",3,7,-0.198583206137642,-0.0943348739665025,0.10424833217114,0.10424833217114,TRUE
"高钾","21",3,8,-0.472577556731677,-0.529342093561776,-0.0567645368300989,0.0567645368300989,TRUE
"高钾","21",3,9,-0.188509899826847,0.0804447424866306,0.268954642313478,0.268954642313478,FALSE
"高钾","21",3,10,-0.400530681583611,-0.139973025964236,0.260557655619375,0.260557655619375,TRUE
"高钾","21",3,11,-0.219986211526801,-0.217416855357332,0.00256935616946946,0.00256935616946946,TRUE
"高钾","21",3,12,0.0191472940340376,-0.243958415146847,-0.263105709180885,0.263105709180885,FALSE
"高钾","21",3,13,0.0371771263800573,-0.0442982041024336,-0.0814753304824909,0.0814753304824909,FALSE
"高钾","21",3,14,0.0687387971484495,-0.0669458979626952,-0.135684695111145,0.135684695111145,FALSE
"高钾","21",4,5,-0.301210361081584,-0.323942132327977,-0.0227317712463933,0.0227317712463933,TRUE
"高钾","21",4,6,-0.175966838097651,-0.178049987832021,-0.0020831497343701,0.0020831497343701,TRUE
"高钾","21",4,7,0.232256551428754,0.217458921884755,-0.0147976295439993,0.0147976295439993,TRUE
"高钾","21",4,8,0.412120135965128,0.406953038358545,-0.0051670976065834,0.0051670976065834,TRUE
"高钾","21",4,9,-0.0115810785570119,-0.0573012120201505,-0.0457201334631386,0.0457201334631386,TRUE
"高钾","21",4,10,-0.388055762444658,-0.508760228661313,-0.120704466216655,0.120704466216655,TRUE
"高钾","21",4,11,-0.414143562644822,-0.425384260421034,-0.0112406977762125,0.0112406977762125,TRUE
"高钾","21",4,12,-0.694205411766386,-0.704582698823722,-0.0103772870573361,0.0103772870573361,TRUE
"高钾","21",4,13,-0.51823789140064,-0.512568207629744,0.00566968377089594,0.00566968377089594,TRUE
"高钾","21",4,14,0.193574593847427,0.218856299195205,0.0252817053477779,0.0252817053477779,TRUE
"高钾","21",5,6,0.200231162947065,0.201074030104682,0.000842867157617277,0.000842867157617277,TRUE
"高钾","21",5,7,0.033860182225866,-0.000602679064822419,-0.0344628612906884,0.0344628612906884,FALSE
"高钾","21",5,8,-0.519442538246898,-0.543839473279305,-0.0243969350324073,0.0243969350324073,TRUE
"高钾","21",5,9,-0.0072696725643517,-0.0834928721444078,-0.0762231995800561,0.0762231995800561,TRUE
"高钾","21",5,10,0.181178497348922,0.114279989278693,-0.0668985080702289,0.0668985080702289,TRUE
"高钾","21",5,11,0.0900044269505306,0.0782236604615534,-0.0117807664889771,0.0117807664889771,TRUE
"高钾","21",5,12,0.0554660954996376,0.119433631215281,0.0639675357156437,0.0639675357156437,TRUE
"高钾","21",5,13,0.0652080406052985,0.0868794948720931,0.0216714542667946,0.0216714542667946,TRUE
"高钾","21",5,14,0.0684180096689679,0.105229745897852,0.0368117362288845,0.0368117362288845,TRUE
"高钾","21",6,7,-0.394551502915282,-0.405778110234774,-0.0112266073194921,0.0112266073194921,TRUE
"高钾","21",6,8,-0.29333944556724,-0.295557776956464,-0.00221833138922362,0.00221833138922362,TRUE
"高钾","21",6,9,0.083128245237789,0.085698226763571,0.00256998152578201,0.00256998152578201,TRUE
"高钾","21",6,10,-0.189705168878086,-0.22621172508672,-0.0365065562086346,0.0365065562086346,TRUE
"高钾","21",6,11,0.218386677484859,0.218139333613744,-0.000247343871115274,0.000247343871115274,TRUE
"高钾","21",6,12,0.0144112555249763,0.0194980956383673,0.00508684011339102,0.00508684011339102,TRUE
"高钾","21",6,13,0.136752488441912,0.139168580585982,0.00241609214406976,0.00241609214406976,TRUE
"高钾","21",6,14,-0.125007056637687,-0.12514854207842,-0.000141485440733169,0.000141485440733169,TRUE
"高钾","21",7,8,0.557105971828866,0.552943601847408,-0.00416236998145769,0.00416236998145769,TRUE
"高钾","21",7,9,-0.23094309275942,-0.35239004963564,-0.12144695687622,0.12144695687622,TRUE
"高钾","21",7,10,0.258089813400397,0.182606163338016,-0.0754836500623808,0.0754836500623808,TRUE
"高钾","21",7,11,-0.00954360914671686,-0.0264137240866572,-0.0168701149399404,0.0168701149399404,TRUE
"高钾","21",7,12,-0.384810409971865,-0.342590665974902,0.0422197439969627,0.0422197439969627,TRUE
"高钾","21",7,13,-0.697216804121459,-0.692387518230273,0.00482928589118603,0.00482928589118603,TRUE
"高钾","21",7,14,0.0467817396483411,0.0916831068649634,0.0449013672166223,0.0449013672166223,TRUE
"高钾","21",8,9,-0.162605945975513,-0.218091200259085,-0.0554852542835718,0.0554852542835718,TRUE
"高钾","21",8,10,0.112486645074102,0.0792994479950606,-0.0331871970790412,0.0331871970790412,TRUE
"高钾","21",8,11,0.00626362645999937,-0.000659484483757686,-0.00692311094375705,0.00692311094375705,FALSE
"高钾","21",8,12,-0.216559619721725,-0.199354774782378,0.017204844939347,0.017204844939347,TRUE
"高钾","21",8,13,-0.53227145016489,-0.527580723157575,0.00469072700731477,0.00469072700731477,TRUE
"高钾","21",8,14,0.223834993528003,0.24727649264038,0.0234414991123776,0.0234414991123776,TRUE
"高钾","21",9,10,0.570338609203785,0.463405946453925,-0.10693266274986,0.10693266274986,TRUE
"高钾","21",9,11,-0.186379606755283,-0.239812851747765,-0.0534332449924816,0.0534332449924816,TRUE
"高钾","21",9,12,-0.0741688235325984,0.0712591578009232,0.145427981333522,0.145427981333522,FALSE
"高钾","21",9,13,-0.2155228520025,-0.184267985952717,0.0312548660497836,0.0312548660497836,TRUE
"高钾","21",9,14,-0.700967345314575,-0.692502749992955,0.00846459532162014,0.00846459532162014,TRUE
"高钾","21",10,11,0.272281478933583,0.26999845912286,-0.00228301981072254,0.00228301981072254,TRUE
"高钾","21",10,12,0.252091390829387,0.513771263458183,0.261679872628796,0.261679872628796,TRUE
"高钾","21",10,13,-0.197337085388339,-0.160296018170175,0.0370410672181636,0.0370410672181636,TRUE
"高钾","21",10,14,-0.593144553636386,-0.581753149354168,0.0113914042822184,0.0113914042822184,TRUE
"高钾","21",11,12,0.201942937429618,0.242674966023416,0.0407320285937984,0.0407320285937984,TRUE
"高钾","21",11,13,0.211948498815612,0.223568547327442,0.0116200485118302,0.0116200485118302,TRUE
"高钾","21",11,14,0.0547331571886193,0.0720595780533002,0.0173264208646809,0.0173264208646809,TRUE
"高钾","21",12,13,0.60949498493502,0.608708993457473,-0.000785991477547765,0.000785991477547765,TRUE
"高钾","21",12,14,-0.122060330058343,-0.203915801961278,-0.0818554719029351,0.0818554719029351,TRUE
"高钾","21",13,14,0.125254243167517,0.10437537610966,-0.0208788670578579,0.0208788670578579,TRUE
"高钾","22",1,2,0.0542545006671742,0.0644080332575523,0.0101535325903781,0.0101535325903781,TRUE
"高钾","22",1,3,-0.348127284217064,-0.342973014937377,0.00515426927968715,0.00515426927968715,TRUE
"高钾","22",1,4,-0.13460653030799,-0.152171758224215,-0.0175652279162253,0.0175652279162253,TRUE
"高钾","22",1,5,-0.387328019149632,-0.44334739071769,-0.0560193715680579,0.0560193715680579,TRUE
"高钾","22",1,6,0.0687541337706304,0.0241680913633969,-0.0445860424072335,0.0445860424072335,TRUE
"高钾","22",1,7,-0.432323535703655,-0.439230434357429,-0.0069068986537742,0.0069068986537742,TRUE
"高钾","22",1,8,0.199745898402592,0.223741802862925,0.0239959044603333,0.0239959044603333,TRUE
"高钾","22",1,9,-0.18926376967667,-0.168581801335839,0.0206819683408317,0.0206819683408317,TRUE
"高钾","22",1,10,-0.219991014302309,-0.20942779424826,0.0105632200540489,0.0105632200540489,TRUE
"高钾","22",1,11,-0.00878393227919905,0.00486685461640563,0.0136507868956047,0.0136507868956047,FALSE
"高钾","22",1,12,0.458939349700947,0.466015783421617,0.00707643372067057,0.00707643372067057,TRUE
"高钾","22",1,13,0.606688684740374,0.611208437771731,0.00451975303135721,0.00451975303135721,TRUE
"高钾","22",1,14,0.278223114673677,0.284581926677596,0.00635881200391919,0.00635881200391919,TRUE
"高钾","22",2,3,0.216578091954458,0.214280346660511,-0.0022977452939463,0.0022977452939463,TRUE
"高钾","22",2,4,0.299405217375534,0.304091913277671,0.00468669590213699,0.00468669590213699,TRUE
"高钾","22",2,5,-0.403818226434411,-0.403186563350908,0.000631663083502487,0.000631663083502487,TRUE
"高钾","22",2,6,0.245441560562435,0.264566286095834,0.0191247255333991,0.0191247255333991,TRUE
"高钾","22",2,7,-0.174797003463307,-0.175280385710427,-0.000483382247119829,0.000483382247119829,TRUE
"高钾","22",2,8,-0.113022092951,-0.118313694082039,-0.00529160113103946,0.00529160113103946,TRUE
"高钾","22",2,9,0.0676838238118794,0.0621390988888218,-0.00554472492305768,0.00554472492305768,TRUE
"高钾","22",2,10,-0.514622611172821,-0.520479888357626,-0.00585727718480489,0.00585727718480489,TRUE
"高钾","22",2,11,-0.549886513397414,-0.555192067014742,-0.00530555361732743,0.00530555361732743,TRUE
"高钾","22",2,12,-0.295837117005418,-0.295797642912164,3.94740932542215e-05,3.94740932542215e-05,TRUE
"高钾","22",2,13,0.00951632385933851,0.0112814459983907,0.00176512213905222,0.00176512213905222,TRUE
"高钾","22",2,14,-0.272867653876907,-0.273441334607546,-0.000573680730638682,0.000573680730638682,TRUE
"高钾","22",3,4,-0.127269858394648,-0.12308911362231,0.00418074477233757,0.00418074477233757,TRUE
"高钾","22",3,5,-0.0294172026632152,-0.0168833457096405,0.0125338569535747,0.0125338569535747,TRUE
"高钾","22",3,6,-0.0855233403558763,-0.0725473073483315,0.0129760330075448,0.0129760330075448,TRUE
"高钾","22",3,7,-0.198583206137642,-0.199386321379355,-0.000803115241712504,0.000803115241712504,TRUE
"高钾","22",3,8,-0.472577556731677,-0.482157947214338,-0.00958039048266035,0.00958039048266035,TRUE
"高钾","22",3,9,-0.188509899826847,-0.199060144024563,-0.0105502441977158,0.0105502441977158,TRUE
"高钾","22",3,10,-0.400530681583611,-0.407638149109171,-0.00710746752555957,0.00710746752555957,TRUE
"高钾","22",3,11,-0.219986211526801,-0.225522769353199,-0.005536557826398,0.005536557826398,TRUE
"高钾","22",3,12,0.0191472940340376,0.019693028139356,0.000545734105318375,0.000545734105318375,TRUE
"高钾","22",3,13,0.0371771263800573,0.0396676220767883,0.00249049569673106,0.00249049569673106,TRUE
"高钾","22",3,14,0.0687387971484495,0.0685072953591909,-0.000231501789258654,0.000231501789258654,TRUE
"高钾","22",4,5,-0.301210361081584,-0.324110827784523,-0.0229004667029389,0.0229004667029389,TRUE
"高钾","22",4,6,-0.175966838097651,-0.200315536358694,-0.0243486982610437,0.0243486982610437,TRUE
"高钾","22",4,7,0.232256551428754,0.233386762653868,0.00113021122511359,0.00113021122511359,TRUE
"高钾","22",4,8,0.412120135965128,0.422758103650548,0.0106379676854204,0.0106379676854204,TRUE
"高钾","22",4,9,-0.0115810785570119,-0.00167861368852739,0.00990246486848449,0.00990246486848449,TRUE
"高钾","22",4,10,-0.388055762444658,-0.384413965330861,0.00364179711379703,0.00364179711379703,TRUE
"高钾","22",4,11,-0.414143562644822,-0.411009581951284,0.00313398069353749,0.00313398069353749,TRUE
"高钾","22",4,12,-0.694205411766386,-0.696791007812002,-0.00258559604561537,0.00258559604561537,TRUE
"高钾","22",4,13,-0.51823789140064,-0.522892225043119,-0.00465433364247925,0.00465433364247925,TRUE
"高钾","22",4,14,0.193574593847427,0.194565669463081,0.00099107561565448,0.00099107561565448,TRUE
"高钾","22",5,6,0.200231162947065,0.159479435702762,-0.0407517272443031,0.0407517272443031,TRUE
"高钾","22",5,7,0.033860182225866,0.035870801493215,0.00201061926734906,0.00201061926734906,TRUE
"高钾","22",5,8,-0.519442538246898,-0.512563468145728,0.00687907010116995,0.00687907010116995,TRUE
"高钾","22",5,9,-0.0072696725643517,0.0201574326833287,0.0274271052476804,0.0274271052476804,FALSE
"高钾","22",5,10,0.181178497348922,0.202016024594827,0.0208375272459049,0.0208375272459049,TRUE
"高钾","22",5,11,0.0900044269505306,0.106902904845533,0.0168984778950022,0.0168984778950022,TRUE
"高钾","22",5,12,0.0554660954996376,0.0550010416538925,-0.000465053845745071,0.000465053845745071,TRUE
"高钾","22",5,13,0.0652080406052985,0.0588695260703613,-0.00633851453493716,0.00633851453493716,TRUE
"高钾","22",5,14,0.0684180096689679,0.0710863610422736,0.00266835137330566,0.00266835137330566,TRUE
"高钾","22",6,7,-0.394551502915282,-0.404841575352944,-0.0102900724376626,0.0102900724376626,TRUE
"高钾","22",6,8,-0.29333944556724,-0.27920024491704,0.0141392006501997,0.0141392006501997,TRUE
"高钾","22",6,9,0.083128245237789,0.11923959541966,0.0361113501818715,0.0361113501818715,TRUE
"高钾","22",6,10,-0.189705168878086,-0.176496771250831,0.0132083976272547,0.0132083976272547,TRUE
"高钾","22",6,11,0.218386677484859,0.2430286940313,0.0246420165464404,0.0246420165464404,TRUE
"高钾","22",6,12,0.0144112555249763,0.0128850860491831,-0.00152616947579322,0.00152616947579322,TRUE
"高钾","22",6,13,0.136752488441912,0.131706494072169,-0.00504599436974307,0.00504599436974307,TRUE
"高钾","22",6,14,-0.125007056637687,-0.127313028537037,-0.00230597189935031,0.00230597189935031,TRUE
"高钾","22",7,8,0.557105971828866,0.559222979229425,0.0021170074005592,0.0021170074005592,TRUE
"高钾","22",7,9,-0.23094309275942,-0.233818945449898,-0.00287585269047788,0.00287585269047788,TRUE
"高钾","22",7,10,0.258089813400397,0.258409099305215,0.000319285904818223,0.000319285904818223,TRUE
"高钾","22",7,11,-0.00954360914671686,-0.0100099906480381,-0.000466381501321243,0.000466381501321243,TRUE
"高钾","22",7,12,-0.384810409971865,-0.384780610367495,2.9799604370162e-05,2.9799604370162e-05,TRUE
"高钾","22",7,13,-0.697216804121459,-0.697486774877377,-0.000269970755918281,0.000269970755918281,TRUE
"高钾","22",7,14,0.0467817396483411,0.0467471455503342,-3.45940980069209e-05,3.45940980069209e-05,TRUE
"高钾","22",8,9,-0.162605945975513,-0.178037097791113,-0.0154311518155998,0.0154311518155998,TRUE
"高钾","22",8,10,0.112486645074102,0.105562323540007,-0.00692432153409522,0.00692432153409522,TRUE
"高钾","22",8,11,0.00626362645999937,-0.000727957453857229,-0.0069915839138566,0.0069915839138566,FALSE
"高钾","22",8,12,-0.216559619721725,-0.216838346418492,-0.000278726696767317,0.000278726696767317,TRUE
"高钾","22",8,13,-0.53227145016489,-0.531538190119321,0.000733260045569173,0.000733260045569173,TRUE
"高钾","22",8,14,0.223834993528003,0.224354400751261,0.000519407223257995,0.000519407223257995,TRUE
"高钾","22",9,10,0.570338609203785,0.566637649350688,-0.0037009598530966,0.0037009598530966,TRUE
"高钾","22",9,11,-0.186379606755283,-0.197983155486891,-0.0116035487316077,0.0116035487316077,TRUE
"高钾","22",9,12,-0.0741688235325984,-0.0737685135177489,0.000400310014849553,0.000400310014849553,TRUE
"高钾","22",9,13,-0.2155228520025,-0.212586193169339,0.00293665883316135,0.00293665883316135,TRUE
"高钾","22",9,14,-0.700967345314575,-0.707957890417951,-0.00699054510337516,0.00699054510337516,TRUE
"高钾","22",10,11,0.272281478933583,0.268196887728538,-0.0040845912050449,0.0040845912050449,TRUE
"高钾","22",10,12,0.252091390829387,0.253514701109858,0.00142331028047182,0.00142331028047182,TRUE
"高钾","22",10,13,-0.197337085388339,-0.195128264677179,0.00220882071115935,0.00220882071115935,TRUE
"高钾","22",10,14,-0.593144553636386,-0.595468643788272,-0.00232409015188573,0.00232409015188573,TRUE
"高钾","22",11,12,0.201942937429618,0.203024233330124,0.00108129590050648,0.00108129590050648,TRUE
"高钾","22",11,13,0.211948498815612,0.215298315519767,0.0033498167041551,0.0033498167041551,TRUE
"高钾","22",11,14,0.0547331571886193,0.0544570857842072,-0.00027607140441218,0.00027607140441218,TRUE
"高钾","22",12,13,0.60949498493502,0.60964444101604,0.000149456081020016,0.000149456081020016,TRUE
"高钾","22",12,14,-0.122060330058343,-0.122019886656092,4.04434022505673e-05,4.04434022505673e-05,TRUE
"高钾","22",13,14,0.125254243167517,0.125563130598079,0.00030888743056165,0.00030888743056165,TRUE
"高钾","27",1,2,0.0542545006671742,0.0595936372860204,0.00533913661884627,0.00533913661884627,TRUE
"高钾","27",1,3,-0.348127284217064,-0.261225315972725,0.0869019682443388,0.0869019682443388,TRUE
"高钾","27",1,4,-0.13460653030799,-0.148605479909104,-0.0139989496011137,0.0139989496011137,TRUE
"高钾","27",1,5,-0.387328019149632,-0.474524756533616,-0.0871967373839843,0.0871967373839843,TRUE
"高钾","27",1,6,0.0687541337706304,0.0184366420708661,-0.0503174916997643,0.0503174916997643,TRUE
"高钾","27",1,7,-0.432323535703655,-0.431365920674003,0.000957615029652137,0.000957615029652137,TRUE
"高钾","27",1,8,0.199745898402592,0.163074451062427,-0.0366714473401646,0.0366714473401646,TRUE
"高钾","27",1,9,-0.18926376967667,-0.17297070879414,0.0162930608825299,0.0162930608825299,TRUE
"高钾","27",1,10,-0.219991014302309,-0.217721247831692,0.00226976647061722,0.00226976647061722,TRUE
"高钾","27",1,11,-0.00878393227919905,-0.032497363596778,-0.0237134313175789,0.0237134313175789,TRUE
"高钾","27",1,12,0.458939349700947,0.449396829337053,-0.00954252036389375,0.00954252036389375,TRUE
"高钾","27",1,13,0.606688684740374,0.608911197605888,0.00222251286551389,0.00222251286551389,TRUE
"高钾","27",1,14,0.278223114673677,0.275277358657622,-0.00294575601605518,0.00294575601605518,TRUE
"高钾","27",2,3,0.216578091954458,0.23893839334753,0.0223603013930724,0.0223603013930724,TRUE
"高钾","27",2,4,0.299405217375534,0.299943902240518,0.00053868486498454,0.00053868486498454,TRUE
"高钾","27",2,5,-0.403818226434411,-0.411228906833331,-0.00741068039892012,0.00741068039892012,TRUE
"高钾","27",2,6,0.245441560562435,0.252344929610583,0.00690336904814803,0.00690336904814803,TRUE
"高钾","27",2,7,-0.174797003463307,-0.175964375819375,-0.00116737235606817,0.00116737235606817,TRUE
"高钾","27",2,8,-0.113022092951,-0.112656710475711,0.000365382475288417,0.000365382475288417,TRUE
"高钾","27",2,9,0.0676838238118794,0.0669254628100519,-0.000758361001827523,0.000758361001827523,TRUE
"高钾","27",2,10,-0.514622611172821,-0.515501269100689,-0.000878657927867454,0.000878657927867454,TRUE
"高钾","27",2,11,-0.549886513397414,-0.550867810937817,-0.000981297540402326,0.000981297540402326,TRUE
"高钾","27",2,12,-0.295837117005418,-0.296287550014746,-0.000450433009327789,0.000450433009327789,TRUE
"高钾","27",2,13,0.00951632385933851,0.0105185862611144,0.00100226240177593,0.00100226240177593,TRUE
"高钾","27",2,14,-0.272867653876907,-0.27264159752573,0.000226056351177284,0.000226056351177284,TRUE
"高钾","27",3,4,-0.127269858394648,-0.127400899469549,-0.000131041074901306,0.000131041074901306,TRUE
"高钾","27",3,5,-0.0294172026632152,0.0846176737240923,0.114034876387307,0.114034876387307,FALSE
"高钾","27",3,6,-0.0855233403558763,0.00457841563301256,0.0901017559888889,0.0901017559888889,FALSE
"高钾","27",3,7,-0.198583206137642,-0.260291543180263,-0.0617083370426208,0.0617083370426208,TRUE
"高钾","27",3,8,-0.472577556731677,-0.452677518509015,0.0199000382226625,0.0199000382226625,TRUE
"高钾","27",3,9,-0.188509899826847,-0.260279553635095,-0.0717696538082472,0.0717696538082472,TRUE
"高钾","27",3,10,-0.400530681583611,-0.474273273450146,-0.0737425918665353,0.0737425918665353,TRUE
"高钾","27",3,11,-0.219986211526801,-0.205473770937867,0.0145124405889336,0.0145124405889336,TRUE
"高钾","27",3,12,0.0191472940340376,0.0783656580513266,0.0592183640172889,0.0592183640172889,TRUE
"高钾","27",3,13,0.0371771263800573,0.0860932645415903,0.048916138161533,0.048916138161533,TRUE
"高钾","27",3,14,0.0687387971484495,0.104361065610814,0.0356222684623648,0.0356222684623648,TRUE
"高钾","27",4,5,-0.301210361081584,-0.315890220616089,-0.0146798595345053,0.0146798595345053,TRUE
"高钾","27",4,6,-0.175966838097651,-0.185497537392663,-0.00953069929501194,0.00953069929501194,TRUE
"高钾","27",4,7,0.232256551428754,0.234963428324955,0.00270687689620092,0.00270687689620092,TRUE
"高钾","27",4,8,0.412120135965128,0.412858340820988,0.000738204855860236,0.000738204855860236,TRUE
"高钾","27",4,9,-0.0115810785570119,-0.00888740940663162,0.00269366915038026,0.00269366915038026,TRUE
"高钾","27",4,10,-0.388055762444658,-0.387316276235642,0.00073948620901676,0.00073948620901676,TRUE
"高钾","27",4,11,-0.414143562644822,-0.418439474720237,-0.00429591207541496,0.00429591207541496,TRUE
"高钾","27",4,12,-0.694205411766386,-0.701859236321225,-0.00765382455483865,0.00765382455483865,TRUE
"高钾","27",4,13,-0.51823789140064,-0.522877793375615,-0.00463990197497499,0.00463990197497499,TRUE
"高钾","27",4,14,0.193574593847427,0.192337709279933,-0.00123688456749335,0.00123688456749335,TRUE
"高钾","27",5,6,0.200231162947065,0.165444640784478,-0.0347865221625867,0.0347865221625867,TRUE
"高钾","27",5,7,0.033860182225866,0.0495786389641466,0.0157184567382806,0.0157184567382806,TRUE
"高钾","27",5,8,-0.519442538246898,-0.577849361169782,-0.0584068229228845,0.0584068229228845,TRUE
"高钾","27",5,9,-0.0072696725643517,0.0120046514499313,0.019274324014283,0.019274324014283,FALSE
"高钾","27",5,10,0.181178497348922,0.194510464129421,0.013331966780499,0.013331966780499,TRUE
"高钾","27",5,11,0.0900044269505306,0.0738048698973994,-0.0161995570531311,0.0161995570531311,TRUE
"高钾","27",5,12,0.0554660954996376,0.0332618805737435,-0.022204214925894,0.022204214925894,TRUE
"高钾","27",5,13,0.0652080406052985,0.0485165819466854,-0.0166914586586131,0.0166914586586131,TRUE
"高钾","27",5,14,0.0684180096689679,0.0590196521916976,-0.00939835747727029,0.00939835747727029,TRUE
"高钾","27",6,7,-0.394551502915282,-0.389968255223677,0.0045832476916049,0.0045832476916049,TRUE
"高钾","27",6,8,-0.29333944556724,-0.336086358388332,-0.0427469128210919,0.0427469128210919,TRUE
"高钾","27",6,9,0.083128245237789,0.10194026641113,0.0188120211733409,0.0188120211733409,TRUE
"高钾","27",6,10,-0.189705168878086,-0.185848086985557,0.00385708189252848,0.00385708189252848,TRUE
"高钾","27",6,11,0.218386677484859,0.206966810884897,-0.0114198665999626,0.0114198665999626,TRUE
"高钾","27",6,12,0.0144112555249763,-0.00600700833503645,-0.0204182638600127,0.0204182638600127,FALSE
"高钾","27",6,13,0.136752488441912,0.123686600525902,-0.0130658879160102,0.0130658879160102,TRUE
"高钾","27",6,14,-0.125007056637687,-0.137228988733329,-0.0122219320956415,0.0122219320956415,TRUE
"高钾","27",7,8,0.557105971828866,0.577477935546463,0.0203719637175969,0.0203719637175969,TRUE
"高钾","27",7,9,-0.23094309275942,-0.23807010873769,-0.00712701597827015,0.00712701597827015,TRUE
"高钾","27",7,10,0.258089813400397,0.25627993579362,-0.00180987760677714,0.00180987760677714,TRUE
"高钾","27",7,11,-0.00954360914671686,-0.00406422619882213,0.00547938294789472,0.00547938294789472,TRUE
"高钾","27",7,12,-0.384810409971865,-0.380786490618378,0.0040239193534865,0.0040239193534865,TRUE
"高钾","27",7,13,-0.697216804121459,-0.695656902384423,0.00155990173703591,0.00155990173703591,TRUE
"高钾","27",7,14,0.0467817396483411,0.0502415779395769,0.00345983829123578,0.00345983829123578,TRUE
"高钾","27",8,9,-0.162605945975513,-0.150808043745204,0.0117979022303084,0.0117979022303084,TRUE
"高钾","27",8,10,0.112486645074102,0.120759591565876,0.00827294649177396,0.00827294649177396,TRUE
"高钾","27",8,11,0.00626362645999937,-0.00781061116202054,-0.0140742376220199,0.0140742376220199,FALSE
"高钾","27",8,12,-0.216559619721725,-0.238974066779388,-0.0224144470576636,0.0224144470576636,TRUE
"高钾","27",8,13,-0.53227145016489,-0.55572500097823,-0.02345355081334,0.02345355081334,TRUE
"高钾","27",8,14,0.223834993528003,0.21884985079178,-0.00498514273622327,0.00498514273622327,TRUE
"高钾","27",9,10,0.570338609203785,0.569544351127861,-0.000794258075924037,0.000794258075924037,TRUE
"高钾","27",9,11,-0.186379606755283,-0.180455329142281,0.00592427761300227,0.00592427761300227,TRUE
"高钾","27",9,12,-0.0741688235325984,-0.0655893510776708,0.00857947245492759,0.00857947245492759,TRUE
"高钾","27",9,13,-0.2155228520025,-0.209877770073553,0.00564508192894705,0.00564508192894705,TRUE
"高钾","27",9,14,-0.700967345314575,-0.700148151361144,0.000819193953431219,0.000819193953431219,TRUE
"高钾","27",10,11,0.272281478933583,0.276693443473388,0.00441196453980575,0.00441196453980575,TRUE
"高钾","27",10,12,0.252091390829387,0.257860371828387,0.00576898099900064,0.00576898099900064,TRUE
"高钾","27",10,13,-0.197337085388339,-0.194945528567158,0.00239155682118108,0.00239155682118108,TRUE
"高钾","27",10,14,-0.593144553636386,-0.592391619807331,0.000752933829055391,0.000752933829055391,TRUE
"高钾","27",11,12,0.201942937429618,0.194865767561417,-0.00707716986820089,0.00707716986820089,TRUE
"高钾","27",11,13,0.211948498815612,0.206488524767224,-0.00545997404838794,0.00545997404838794,TRUE
"高钾","27",11,14,0.0547331571886193,0.0508136549840613,-0.00391950220455804,0.00391950220455804,TRUE
"高钾","27",12,13,0.60949498493502,0.60621977193218,-0.00327521300284039,0.00327521300284039,TRUE
"高钾","27",12,14,-0.122060330058343,-0.128233141368234,-0.00617281130989102,0.00617281130989102,TRUE
"高钾","27",13,14,0.125254243167517,0.121707826777767,-0.00354641638975078,0.00354641638975078,TRUE
"铅钡","02",1,2,0.387523957612379,0.389312973144111,0.00178901553173189,0.00178901553173189,TRUE
"铅钡","02",1,3,0.228797605759243,0.2380240822778,0.00922647651855726,0.00922647651855726,TRUE
"铅钡","02",1,4,-0.355658624390269,-0.356594182970096,-0.000935558579826357,0.000935558579826357,TRUE
"铅钡","02",1,5,0.0314736239332106,0.0316083445405545,0.000134720607343861,0.000134720607343861,TRUE
"铅钡","02",1,6,0.523569636177258,0.528340329447292,0.00477069327003454,0.00477069327003454,TRUE
"铅钡","02",1,7,0.00896500867408218,0.00891657211719736,-4.84365568848202e-05,4.84365568848202e-05,TRUE
"铅钡","02",1,8,-0.078807711440175,-0.0792006654615883,-0.000392954021413344,0.000392954021413344,TRUE
"铅钡","02",1,9,0.0782389207139882,0.0784196752967811,0.000180754582792889,0.000180754582792889,TRUE
"铅钡","02",1,10,0.0169940233852727,0.0207128258542401,0.0037188024689674,0.0037188024689674,TRUE
"铅钡","02",1,11,-0.442884846754735,-0.445146837268145,-0.00226199051340992,0.00226199051340992,TRUE
"铅钡","02",1,12,-0.405414568376801,-0.405547054104289,-0.000132485727487419,0.000132485727487419,TRUE
"铅钡","02",1,13,0.162785470824505,0.163137947374417,0.000352476549911579,0.000352476549911579,TRUE
"铅钡","02",1,14,-0.393845594224813,-0.394339073054325,-0.000493478829512006,0.000493478829512006,TRUE
"铅钡","02",2,3,0.0597086312240278,0.0897290763785493,0.0300204451545216,0.0300204451545216,TRUE
"铅钡","02",2,4,-0.306707790289593,-0.302291732221329,0.00441605806826473,0.00441605806826473,TRUE
"铅钡","02",2,5,-0.0283363657795519,-0.0161853602039499,0.0121510055756019,0.0121510055756019,TRUE
"铅钡","02",2,6,0.196520770713179,0.212065738180947,0.0155449674677686,0.0155449674677686,TRUE
"铅钡","02",2,7,-0.244863554505206,-0.232604395408512,0.0122591590966938,0.0122591590966938,TRUE
"铅钡","02",2,8,0.00693077503836697,-0.00373010861183235,-0.0106608836501993,0.0106608836501993,FALSE
"铅钡","02",2,9,-0.179517729608024,-0.173126847692044,0.00639088191598053,0.00639088191598053,TRUE
"铅钡","02",2,10,0.111941093229568,0.0742572988912447,-0.0376837943383236,0.0376837943383236,TRUE
"铅钡","02",2,11,-0.655999924925786,-0.652837363516864,0.00316256140892124,0.00316256140892124,TRUE
"铅钡","02",2,12,-0.100383893901076,-0.103513222794639,-0.00312932889356315,0.00312932889356315,TRUE
"铅钡","02",2,13,-0.0875873889053817,-0.0936730962425082,-0.0060857073371265,0.0060857073371265,TRUE
"铅钡","02",2,14,-0.212223176307397,-0.218388328520634,-0.00616515221323669,0.00616515221323669,TRUE
"铅钡","02",3,4,-0.353780277873086,-0.389730347639523,-0.0359500697664368,0.0359500697664368,TRUE
"铅钡","02",3,5,0.116030407125434,0.0827961153627726,-0.0332342917626615,0.0332342917626615,TRUE
"铅钡","02",3,6,0.420627619904456,0.402184311139144,-0.0184433087653113,0.0184433087653113,TRUE
"铅钡","02",3,7,0.00831808266171102,-0.0465160421747594,-0.0548341248364704,0.0548341248364704,FALSE
"铅钡","02",3,8,-0.218551780512528,-0.195613946522377,0.0229378339901515,0.0229378339901515,TRUE
"铅钡","02",3,9,-0.293952217550467,-0.331660876956941,-0.0377086594064734,0.0377086594064734,TRUE
"铅钡","02",3,10,-0.0806002332811004,0.0830794987210943,0.163679732002195,0.163679732002195,FALSE
"铅钡","02",3,11,-0.304723869346192,-0.347799439378918,-0.0430755700327262,0.0430755700327262,TRUE
"铅钡","02",3,12,-0.265354112529637,-0.268249524300568,-0.00289541177093072,0.00289541177093072,TRUE
"铅钡","02",3,13,0.0419051642023464,0.0610746756822194,0.019169511479873,0.019169511479873,TRUE
"铅钡","02",3,14,-0.0884794205922686,-0.076850655606181,0.0116287649860875,0.0116287649860875,TRUE
"铅钡","02",4,5,-0.0145588989726392,-0.0240548559036032,-0.00949595693096398,0.00949595693096398,TRUE
"铅钡","02",4,6,-0.336293156554504,-0.349831377601161,-0.0135382210466573,0.0135382210466573,TRUE
"铅钡","02",4,7,0.20123829444502,0.192133181316207,-0.00910511312881232,0.00910511312881232,TRUE
"铅钡","02",4,8,-0.279482433659153,-0.274007584669506,0.0054748489896469,0.0054748489896469,TRUE
"铅钡","02",4,9,0.123548152930095,0.118469582438422,-0.00507857049167394,0.00507857049167394,TRUE
"铅钡","02",4,10,-0.067251732704916,-0.0360785516264085,0.0311731810785075,0.0311731810785075,TRUE
"铅钡","02",4,11,0.168791870606677,0.163156123659506,-0.00563574694717148,0.00563574694717148,TRUE
"铅钡","02",4,12,0.0779470010722535,0.0801415025879035,0.00219450151564993,0.00219450151564993,TRUE
"铅钡","02",4,13,0.0370674613678593,0.0413549454357619,0.00428748406790262,0.00428748406790262,TRUE
"铅钡","02",4,14,0.0105264263527887,0.0142476945293341,0.00372126817654534,0.00372126817654534,TRUE
"铅钡","02",5,6,0.410693685597871,0.399830284690988,-0.0108634009068821,0.0108634009068821,TRUE
"铅钡","02",5,7,0.103299298652924,0.0806463936205493,-0.0226529050323745,0.0226529050323745,TRUE
"铅钡","02",5,8,-0.289825620905861,-0.278924212173773,0.010901408732088,0.010901408732088,TRUE
"铅钡","02",5,9,-0.206563347984303,-0.220344587102196,-0.0137812391178924,0.0137812391178924,TRUE
"铅钡","02",5,10,-0.52805299936826,-0.54423583386434,-0.0161828344960799,0.0161828344960799,TRUE
"铅钡","02",5,11,-0.027404440648597,-0.0410302508395904,-0.0136258101909935,0.0136258101909935,TRUE
"铅钡","02",5,12,0.0205187220803414,0.0245205310982585,0.0040018090179171,0.0040018090179171,TRUE
"铅钡","02",5,13,0.0894599362647757,0.0983928080538983,0.00893287178912268,0.00893287178912268,TRUE
"铅钡","02",5,14,-0.564445233505777,-0.563198207633463,0.00124702587231462,0.00124702587231462,TRUE
"铅钡","02",6,7,0.203664125537772,0.183185578384681,-0.0204785471530914,0.0204785471530914,TRUE
"铅钡","02",6,8,-0.226044414625151,-0.213871878760178,0.0121725358649731,0.0121725358649731,TRUE
"铅钡","02",6,9,-0.266426530914206,-0.281345068941362,-0.0149185380271557,0.0149185380271557,TRUE
"铅钡","02",6,10,-0.338008209406635,-0.316389990476799,0.021618218929836,0.021618218929836,TRUE
"铅钡","02",6,11,-0.315828388842643,-0.333915633908809,-0.0180872450661655,0.0180872450661655,TRUE
"铅钡","02",6,12,-0.393605267546621,-0.393562611027971,4.2656518649653e-05,4.2656518649653e-05,TRUE
"铅钡","02",6,13,0.21955960403091,0.230180679444501,0.0106210754135905,0.0106210754135905,TRUE
"铅钡","02",6,14,-0.476967541457419,-0.474850272633413,0.0021172688240062,0.0021172688240062,TRUE
"铅钡","02",7,8,-0.496838473763456,-0.487223201784427,0.00961527197902928,0.00961527197902928,TRUE
"铅钡","02",7,9,-0.0657825007642135,-0.0830211494558488,-0.0172386486916352,0.0172386486916352,TRUE
"铅钡","02",7,10,-0.332608832894976,-0.280738114179866,0.0518707187151098,0.0518707187151098,TRUE
"铅钡","02",7,11,0.112678882230645,0.0965257541620291,-0.0161531280686155,0.0161531280686155,TRUE
"铅钡","02",7,12,-0.194445224709006,-0.192605137312667,0.00184008739633865,0.00184008739633865,TRUE
"铅钡","02",7,13,0.218988084043737,0.234547487657862,0.0155594036141248,0.0155594036141248,TRUE
"铅钡","02",7,14,-0.465323564499552,-0.464240078695897,0.00108348580365558,0.00108348580365558,TRUE
"铅钡","02",8,9,0.131815321030706,0.142747552185775,0.0109322311550695,0.0109322311550695,TRUE
"铅钡","02",8,10,0.220831132098425,0.190270911711357,-0.0305602203870681,0.0305602203870681,TRUE
"铅钡","02",8,11,0.0718740967436118,0.0840502445360679,0.012176147792456,0.012176147792456,TRUE
"铅钡","02",8,12,0.00906971695505722,0.00586850581660823,-0.00320121113844899,0.00320121113844899,TRUE
"铅钡","02",8,13,-0.56732047651293,-0.578896512790551,-0.0115760362776206,0.0115760362776206,TRUE
"铅钡","02",8,14,0.386127534481157,0.383129622065211,-0.00299791241594621,0.00299791241594621,TRUE
"铅钡","02",9,10,-0.0817406514741246,-0.0445826756949282,0.0371579757791964,0.0371579757791964,TRUE
"铅钡","02",9,11,0.163515564051569,0.15663682437672,-0.00687873967484939,0.00687873967484939,TRUE
"铅钡","02",9,12,0.141694479567348,0.144616690538859,0.00292221097151055,0.00292221097151055,TRUE
"铅钡","02",9,13,0.00429197339331716,0.00927734369790677,0.00498537030458961,0.00498537030458961,TRUE
"铅钡","02",9,14,0.000932984375030425,0.00535833320104347,0.00442534882601304,0.00442534882601304,TRUE
"铅钡","02",10,11,-0.306665140269122,-0.301599582329621,0.00506555793950042,0.00506555793950042,TRUE
"铅钡","02",10,12,0.00273204655993985,-0.0144883570321902,-0.01722040359213,0.01722040359213,FALSE
"铅钡","02",10,13,-0.00151100012354863,-0.038843313898789,-0.0373323137752404,0.0373323137752404,TRUE
"铅钡","02",10,14,0.281443293399004,0.299144769567595,0.0177014761685906,0.0177014761685906,TRUE
"铅钡","02",11,12,0.0612725898186707,0.0643988644564406,0.00312627463776992,0.00312627463776992,TRUE
"铅钡","02",11,13,-0.156849542999958,-0.152023387702396,0.0048261552975615,0.0048261552975615,TRUE
"铅钡","02",11,14,0.179640675374564,0.185992818633688,0.00635214325912442,0.00635214325912442,TRUE
"铅钡","02",12,13,-0.136130144878921,-0.138112579342356,-0.00198243446343499,0.00198243446343499,TRUE
"铅钡","02",12,14,0.111754790810533,0.110453297745929,-0.00130149306460352,0.00130149306460352,TRUE
"铅钡","02",13,14,-0.181384208932658,-0.185103857749466,-0.00371964881680797,0.00371964881680797,TRUE
"铅钡","08",1,2,0.387523957612379,0.371548804123248,-0.0159751534891308,0.0159751534891308,TRUE
"铅钡","08",1,3,0.228797605759243,0.162991205701081,-0.0658064000581614,0.0658064000581614,TRUE
"铅钡","08",1,4,-0.355658624390269,-0.351929713402513,0.00372891098775646,0.00372891098775646,TRUE
"铅钡","08",1,5,0.0314736239332106,-0.0913263464818196,-0.12279997041503,0.12279997041503,FALSE
"铅钡","08",1,6,0.523569636177258,0.465565953328151,-0.058003682849107,0.058003682849107,TRUE
"铅钡","08",1,7,0.00896500867408218,-0.095196778518097,-0.104161787192179,0.104161787192179,FALSE
"铅钡","08",1,8,-0.078807711440175,-0.00956597987447205,0.0692417315657029,0.0692417315657029,TRUE
"铅钡","08",1,9,0.0782389207139882,0.0683995290331601,-0.00983939168082812,0.00983939168082812,TRUE
"铅钡","08",1,10,0.0169940233852727,0.0944895193269339,0.0774954959416612,0.0774954959416612,TRUE
"铅钡","08",1,11,-0.442884846754735,-0.418329155666947,0.0245556910877882,0.0245556910877882,TRUE
"铅钡","08",1,12,-0.405414568376801,-0.401194433338103,0.00422013503869861,0.00422013503869861,TRUE
"铅钡","08",1,13,0.162785470824505,0.133880860044509,-0.028904610779996,0.028904610779996,TRUE
"铅钡","08",1,14,-0.393845594224813,-0.208400874554321,0.185444719670492,0.185444719670492,TRUE
"铅钡","08",2,3,0.0597086312240278,0.028423794796806,-0.0312848364272217,0.0312848364272217,TRUE
"铅钡","08",2,4,-0.306707790289593,-0.300641657398675,0.00606613289091867,0.00606613289091867,TRUE
"铅钡","08",2,5,-0.0283363657795519,-0.0749856804860086,-0.0466493147064567,0.0466493147064567,TRUE
"铅钡","08",2,6,0.196520770713179,0.161761976120292,-0.0347587945928872,0.0347587945928872,TRUE
"铅钡","08",2,7,-0.244863554505206,-0.292574620938402,-0.0477110664331961,0.0477110664331961,TRUE
"铅钡","08",2,8,0.00693077503836697,0.0417620149140619,0.0348312398756949,0.0348312398756949,TRUE
"铅钡","08",2,9,-0.179517729608024,-0.188675025627941,-0.00915729601991724,0.00915729601991724,TRUE
"铅钡","08",2,10,0.111941093229568,0.142246987890845,0.0303058946612767,0.0303058946612767,TRUE
"铅钡","08",2,11,-0.655999924925786,-0.648021878988817,0.00797804593696827,0.00797804593696827,TRUE
"铅钡","08",2,12,-0.100383893901076,-0.0871892984611546,0.0131945954399217,0.0131945954399217,TRUE
"铅钡","08",2,13,-0.0875873889053817,-0.104905281802239,-0.0173178928968574,0.0173178928968574,TRUE
"铅钡","08",2,14,-0.212223176307397,-0.160382740654952,0.051840435652445,0.051840435652445,TRUE
"铅钡","08",3,4,-0.353780277873086,-0.347747450066859,0.00603282780622677,0.00603282780622677,TRUE
"铅钡","08",3,5,0.116030407125434,0.0524383945297745,-0.0635920125956597,0.0635920125956597,TRUE
"铅钡","08",3,6,0.420627619904456,0.378582034776665,-0.0420455851277902,0.0420455851277902,TRUE
"铅钡","08",3,7,0.00831808266171102,-0.0508552294811151,-0.0591733121428261,0.0591733121428261,FALSE
"铅钡","08",3,8,-0.218551780512528,-0.176082870673691,0.0424689098388376,0.0424689098388376,TRUE
"铅钡","08",3,9,-0.293952217550467,-0.313501089856885,-0.0195488723064176,0.0195488723064176,TRUE
"铅钡","08",3,10,-0.0806002332811004,-0.0405478155685281,0.0400524177125723,0.0400524177125723,TRUE
"铅钡","08",3,11,-0.304723869346192,-0.277813638260885,0.0269102310853067,0.0269102310853067,TRUE
"铅钡","08",3,12,-0.265354112529637,-0.250126396683605,0.0152277158460317,0.0152277158460317,TRUE
"铅钡","08",3,13,0.0419051642023464,0.017759876598352,-0.0241452876039944,0.0241452876039944,TRUE
"铅钡","08",3,14,-0.0884794205922686,0.0651648790029484,0.153644299595217,0.153644299595217,FALSE
"铅钡","08",4,5,-0.0145588989726392,0.00725033445236141,0.0218092334250006,0.0218092334250006,FALSE
"铅钡","08",4,6,-0.336293156554504,-0.329910855041217,0.00638230151328739,0.00638230151328739,TRUE
"铅钡","08",4,7,0.20123829444502,0.227282827897669,0.0260445334526489,0.0260445334526489,TRUE
"铅钡","08",4,8,-0.279482433659153,-0.302210104637655,-0.0227276709785018,0.0227276709785018,TRUE
"铅钡","08",4,9,0.123548152930095,0.127169731441974,0.00362157851187807,0.00362157851187807,TRUE
"铅钡","08",4,10,-0.067251732704916,-0.0819210228778915,-0.0146692901729755,0.0146692901729755,TRUE
"铅钡","08",4,11,0.168791870606677,0.157951774577661,-0.0108400960290166,0.0108400960290166,TRUE
"铅钡","08",4,12,0.0779470010722535,0.0698235811214074,-0.00812341995084617,0.00812341995084617,TRUE
"铅钡","08",4,13,0.0370674613678593,0.0457604583209074,0.00869299695304809,0.00869299695304809,TRUE
"铅钡","08",4,14,0.0105264263527887,-0.0493357115801365,-0.0598621379329252,0.0598621379329252,FALSE
"铅钡","08",5,6,0.410693685597871,0.350921318145288,-0.0597723674525822,0.0597723674525822,TRUE
"铅钡","08",5,7,0.103299298652924,0.0315797520476879,-0.071719546605236,0.071719546605236,TRUE
"铅钡","08",5,8,-0.289825620905861,-0.238528213590355,0.0512974073155057,0.0512974073155057,TRUE
"铅钡","08",5,9,-0.206563347984303,-0.23192286105882,-0.0253595130745167,0.0253595130745167,TRUE
"铅钡","08",5,10,-0.52805299936826,-0.504181678146505,0.0238713212217551,0.0238713212217551,TRUE
"铅钡","08",5,11,-0.027404440648597,0.0240603059456003,0.0514647465941973,0.0514647465941973,FALSE
"铅钡","08",5,12,0.0205187220803414,0.0534880392757946,0.0329693171954532,0.0329693171954532,TRUE
"铅钡","08",5,13,0.0894599362647757,0.0600187070574416,-0.029441229207334,0.029441229207334,TRUE
"铅钡","08",5,14,-0.564445233505777,-0.509832440794829,0.0546127927109485,0.0546127927109485,TRUE
"铅钡","08",6,7,0.203664125537772,0.137269169648204,-0.0663949558895677,0.0663949558895677,TRUE
"铅钡","08",6,8,-0.226044414625151,-0.170110766200758,0.0559336484243932,0.0559336484243932,TRUE
"铅钡","08",6,9,-0.266426530914206,-0.296475854813548,-0.0300493238993414,0.0300493238993414,TRUE
"铅钡","08",6,10,-0.338008209406635,-0.300793083156004,0.0372151262506306,0.0372151262506306,TRUE
"铅钡","08",6,11,-0.315828388842643,-0.280553557166458,0.0352748316761852,0.0352748316761852,TRUE
"铅钡","08",6,12,-0.393605267546621,-0.382280168868586,0.0113250986780346,0.0113250986780346,TRUE
"铅钡","08",6,13,0.21955960403091,0.196359347394635,-0.0232002566362757,0.0232002566362757,TRUE
"铅钡","08",6,14,-0.476967541457419,-0.380483122565728,0.096484418891691,0.096484418891691,TRUE
"铅钡","08",7,8,-0.496838473763456,-0.467810591377314,0.0290278823861423,0.0290278823861423,TRUE
"铅钡","08",7,9,-0.0657825007642135,-0.0806144217821148,-0.0148319210179013,0.0148319210179013,TRUE
"铅钡","08",7,10,-0.332608832894976,-0.301084689080003,0.0315241438149734,0.0315241438149734,TRUE
"铅钡","08",7,11,0.112678882230645,0.161983634024162,0.049304751793517,0.049304751793517,TRUE
"铅钡","08",7,12,-0.194445224709006,-0.175578255288505,0.0188669694205008,0.0188669694205008,TRUE
"铅钡","08",7,13,0.218988084043737,0.199216317805494,-0.0197717662382435,0.0197717662382435,TRUE
"铅钡","08",7,14,-0.465323564499552,-0.411261531268155,0.0540620332313972,0.0540620332313972,TRUE
"铅钡","08",8,9,0.131815321030706,0.148939348000323,0.0171240269696179,0.0171240269696179,TRUE
"铅钡","08",8,10,0.220831132098425,0.186106209927445,-0.0347249221709802,0.0347249221709802,TRUE
"铅钡","08",8,11,0.0718740967436118,0.0370596111373824,-0.0348144856062294,0.0348144856062294,TRUE
"铅钡","08",8,12,0.00906971695505722,-0.0127773161323278,-0.021847033087385,0.021847033087385,FALSE
"铅钡","08",8,13,-0.56732047651293,-0.56327734976402,0.00404312674891061,0.00404312674891061,TRUE
"铅钡","08",8,14,0.386127534481157,0.330766557914929,-0.0553609765662283,0.0553609765662283,TRUE
"铅钡","08",9,10,-0.0817406514741246,-0.0739708475554468,0.00776980391867776,0.00776980391867776,TRUE
"铅钡","08",9,11,0.163515564051569,0.174201353921816,0.0106857898702467,0.0106857898702467,TRUE
"铅钡","08",9,12,0.141694479567348,0.147389526767076,0.00569504719972794,0.00569504719972794,TRUE
"铅钡","08",9,13,0.00429197339331716,-0.000996062833258556,-0.00528803622657572,0.00528803622657572,FALSE
"铅钡","08",9,14,0.000932984375030425,0.0380454033425257,0.0371124189674953,0.0371124189674953,TRUE
"铅钡","08",10,11,-0.306665140269122,-0.348596431969135,-0.041931291700013,0.041931291700013,TRUE
"铅钡","08",10,12,0.00273204655993985,-0.0162453373281678,-0.0189773838881076,0.0189773838881076,FALSE
"铅钡","08",10,13,-0.00151100012354863,0.0190828096110488,0.0205938097345974,0.0205938097345974,FALSE
"铅钡","08",10,14,0.281443293399004,0.218940285932722,-0.0625030074662818,0.0625030074662818,TRUE
"铅钡","08",11,12,0.0612725898186707,0.0442411030998944,-0.0170314867187762,0.0170314867187762,TRUE
"铅钡","08",11,13,-0.156849542999958,-0.141193918881874,0.0156556241180833,0.0156556241180833,TRUE
"铅钡","08",11,14,0.179640675374564,0.0955669118990835,-0.0840737634754802,0.0840737634754802,TRUE
"铅钡","08",12,13,-0.136130144878921,-0.126300521618693,0.00982962326022876,0.00982962326022876,TRUE
"铅钡","08",12,14,0.111754790810533,0.0602679532023686,-0.0514868376081643,0.0514868376081643,TRUE
"铅钡","08",13,14,-0.181384208932658,-0.145931411152979,0.0354527977796786,0.0354527977796786,TRUE
"铅钡","11",1,2,0.387523957612379,0.384317762679589,-0.0032061949327899,0.0032061949327899,TRUE
"铅钡","11",1,3,0.228797605759243,0.234476439958298,0.0056788341990551,0.0056788341990551,TRUE
"铅钡","11",1,4,-0.355658624390269,-0.352664833455077,0.0029937909351922,0.0029937909351922,TRUE
"铅钡","11",1,5,0.0314736239332106,0.0356512676958415,0.00417764376263081,0.00417764376263081,TRUE
"铅钡","11",1,6,0.523569636177258,0.521653585624824,-0.00191605055243316,0.00191605055243316,TRUE
"铅钡","11",1,7,0.00896500867408218,-0.00149374678829569,-0.0104587554623779,0.0104587554623779,FALSE
"铅钡","11",1,8,-0.078807711440175,-0.0719683876082619,0.00683932383191312,0.00683932383191312,TRUE
"铅钡","11",1,9,0.0782389207139882,0.0729871676526206,-0.0052517530613676,0.0052517530613676,TRUE
"铅钡","11",1,10,0.0169940233852727,0.0197746143604878,0.00278059097521506,0.00278059097521506,TRUE
"铅钡","11",1,11,-0.442884846754735,-0.440182546701788,0.00270230005294714,0.00270230005294714,TRUE
"铅钡","11",1,12,-0.405414568376801,-0.404593988711019,0.000820579665782473,0.000820579665782473,TRUE
"铅钡","11",1,13,0.162785470824505,0.158124697355508,-0.00466077346899654,0.00466077346899654,TRUE
"铅钡","11",1,14,-0.393845594224813,-0.399904598748479,-0.00605900452366631,0.00605900452366631,TRUE
"铅钡","11",2,3,0.0597086312240278,0.0694285188646939,0.00971988764066618,0.00971988764066618,TRUE
"铅钡","11",2,4,-0.306707790289593,-0.299901691368418,0.00680609892117567,0.00680609892117567,TRUE
"铅钡","11",2,5,-0.0283363657795519,-0.0204684970041388,0.00786786877541308,0.00786786877541308,TRUE
"铅钡","11",2,6,0.196520770713179,0.189775740429868,-0.00674503028331042,0.00674503028331042,TRUE
"铅钡","11",2,7,-0.244863554505206,-0.272184412164949,-0.027320857659743,0.027320857659743,TRUE
"铅钡","11",2,8,0.00693077503836697,0.0225246577099985,0.0155938826716315,0.0155938826716315,TRUE
"铅钡","11",2,9,-0.179517729608024,-0.193243793630945,-0.0137260640229214,0.0137260640229214,TRUE
"铅钡","11",2,10,0.111941093229568,0.118259855146739,0.00631876191717107,0.00631876191717107,TRUE
"铅钡","11",2,11,-0.655999924925786,-0.650703568614293,0.00529635631149294,0.00529635631149294,TRUE
"铅钡","11",2,12,-0.100383893901076,-0.0977993343077005,0.00258455959337577,0.00258455959337577,TRUE
"铅钡","11",2,13,-0.0875873889053817,-0.100233766764317,-0.012646377858935,0.012646377858935,TRUE
"铅钡","11",2,14,-0.212223176307397,-0.222771468980804,-0.010548292673407,0.010548292673407,TRUE
"铅钡","11",3,4,-0.353780277873086,-0.36363786258047,-0.00985758470738413,0.00985758470738413,TRUE
"铅钡","11",3,5,0.116030407125434,0.110777747611026,-0.00525265951440781,0.00525265951440781,TRUE
"铅钡","11",3,6,0.420627619904456,0.429526592765052,0.00889897286059615,0.00889897286059615,TRUE
"铅钡","11",3,7,0.00831808266171102,0.0241310127472055,0.0158129300854945,0.0158129300854945,TRUE
"铅钡","11",3,8,-0.218551780512528,-0.232720331839613,-0.0141685513270846,0.0141685513270846,TRUE
"铅钡","11",3,9,-0.293952217550467,-0.28800795852649,0.00594425902397749,0.00594425902397749,TRUE
"铅钡","11",3,10,-0.0806002332811004,-0.0849860849157748,-0.00438585163467438,0.00438585163467438,TRUE
"铅钡","11",3,11,-0.304723869346192,-0.321461431248187,-0.0167375619019955,0.0167375619019955,TRUE
"铅钡","11",3,12,-0.265354112529637,-0.268736639865938,-0.00338252733630073,0.00338252733630073,TRUE
"铅钡","11",3,13,0.0419051642023464,0.0507882190710095,0.00888305486866309,0.00888305486866309,TRUE
"铅钡","11",3,14,-0.0884794205922686,-0.0827405822400038,0.00573883835226474,0.00573883835226474,TRUE
"铅钡","11",4,5,-0.0145588989726392,-0.0211124431088002,-0.00655354413616099,0.00655354413616099,TRUE
"铅钡","11",4,6,-0.336293156554504,-0.331807900077312,0.00448525647719233,0.00448525647719233,TRUE
"铅钡","11",4,7,0.20123829444502,0.222658246016825,0.0214199515718054,0.0214199515718054,TRUE
"铅钡","11",4,8,-0.279482433659153,-0.295579879970759,-0.0160974463116063,0.0160974463116063,TRUE
"铅钡","11",4,9,0.123548152930095,0.133957166105584,0.0104090131754884,0.0104090131754884,TRUE
"铅钡","11",4,10,-0.067251732704916,-0.0719615993080745,-0.00470986660315854,0.00470986660315854,TRUE
"铅钡","11",4,11,0.168791870606677,0.158011923425356,-0.0107799471813212,0.0107799471813212,TRUE
"铅钡","11",4,12,0.0779470010722535,0.0757008394531564,-0.0022461616190971,0.0022461616190971,TRUE
"铅钡","11",4,13,0.0370674613678593,0.0466605874012033,0.00959312603334393,0.00959312603334393,TRUE
"铅钡","11",4,14,0.0105264263527887,0.0174361497461919,0.00690972339340321,0.00690972339340321,TRUE
"铅钡","11",5,6,0.410693685597871,0.418535074190346,0.00784138859247563,0.00784138859247563,TRUE
"铅钡","11",5,7,0.103299298652924,0.119321202514856,0.0160219038619319,0.0160219038619319,TRUE
"铅钡","11",5,8,-0.289825620905861,-0.303433950704434,-0.0136083297985736,0.0136083297985736,TRUE
"铅钡","11",5,9,-0.206563347984303,-0.200663384576888,0.00589996340741525,0.00589996340741525,TRUE
"铅钡","11",5,10,-0.52805299936826,-0.533650011438578,-0.00559701207031793,0.00559701207031793,TRUE
"铅钡","11",5,11,-0.027404440648597,-0.0386945454145652,-0.0112901047659682,0.0112901047659682,TRUE
"铅钡","11",5,12,0.0205187220803414,0.0184669489888514,-0.00205177309149002,0.00205177309149002,TRUE
"铅钡","11",5,13,0.0894599362647757,0.0977388925625539,0.00827895629777826,0.00827895629777826,TRUE
"铅钡","11",5,14,-0.564445233505777,-0.562015829334649,0.00242940417112825,0.00242940417112825,TRUE
"铅钡","11",6,7,0.203664125537772,0.193345096853288,-0.0103190286844845,0.0103190286844845,TRUE
"铅钡","11",6,8,-0.226044414625151,-0.218274046421975,0.00777036820317667,0.00777036820317667,TRUE
"铅钡","11",6,9,-0.266426530914206,-0.276608948651513,-0.0101824177373061,0.0101824177373061,TRUE
"铅钡","11",6,10,-0.338008209406635,-0.335648922542164,0.00235928686447073,0.00235928686447073,TRUE
"铅钡","11",6,11,-0.315828388842643,-0.308818767031866,0.00700962181077741,0.00700962181077741,TRUE
"铅钡","11",6,12,-0.393605267546621,-0.392696075649107,0.000909191897513095,0.000909191897513095,TRUE
"铅钡","11",6,13,0.21955960403091,0.213433282245816,-0.00612632178509476,0.00612632178509476,TRUE
"铅钡","11",6,14,-0.476967541457419,-0.485656391060438,-0.00868884960301841,0.00868884960301841,TRUE
"铅钡","11",7,8,-0.496838473763456,-0.484187185314053,0.0126512884494035,0.0126512884494035,TRUE
"铅钡","11",7,9,-0.0657825007642135,-0.0872155503411619,-0.0214330495769483,0.0214330495769483,TRUE
"铅钡","11",7,10,-0.332608832894976,-0.329651885118728,0.00295694777624755,0.00295694777624755,TRUE
"铅钡","11",7,11,0.112678882230645,0.14467973888863,0.0320008566579853,0.0320008566579853,TRUE
"铅钡","11",7,12,-0.194445224709006,-0.192485374490991,0.00195985021801515,0.00195985021801515,TRUE
"铅钡","11",7,13,0.218988084043737,0.204279761618232,-0.0147083224255059,0.0147083224255059,TRUE
"铅钡","11",7,14,-0.465323564499552,-0.489827160133125,-0.0245035956335724,0.0245035956335724,TRUE
"铅钡","11",8,9,0.131815321030706,0.148218014175693,0.0164026931449873,0.0164026931449873,TRUE
"铅钡","11",8,10,0.220831132098425,0.216406616214593,-0.00442451588383239,0.00442451588383239,TRUE
"铅钡","11",8,11,0.0718740967436118,0.0525685869111147,-0.0193055098324971,0.0193055098324971,TRUE
"铅钡","11",8,12,0.00906971695505722,0.00512765092393332,-0.00394206603112391,0.00394206603112391,TRUE
"铅钡","11",8,13,-0.56732047651293,-0.561416507506539,0.00590396900639123,0.00590396900639123,TRUE
"铅钡","11",8,14,0.386127534481157,0.401627853135639,0.0155003186544818,0.0155003186544818,TRUE
"铅钡","11",9,10,-0.0817406514741246,-0.0771705434498727,0.00457010802425192,0.00457010802425192,TRUE
"铅钡","11",9,11,0.163515564051569,0.181872492326721,0.0183569282751517,0.0183569282751517,TRUE
"铅钡","11",9,12,0.141694479567348,0.145549987562769,0.00385550799542125,0.00385550799542125,TRUE
"铅钡","11",9,13,0.00429197339331716,-0.00649131259973395,-0.0107832859930511,0.0107832859930511,FALSE
"铅钡","11",9,14,0.000932984375030425,-0.00706718525608624,-0.00800016963111667,0.00800016963111667,FALSE
"铅钡","11",10,11,-0.306665140269122,-0.317848202827431,-0.0111830625583089,0.0111830625583089,TRUE
"铅钡","11",10,12,0.00273204655993985,0.00130766444601965,-0.0014243821139202,0.0014243821139202,TRUE
"铅钡","11",10,13,-0.00151100012354863,0.00358669980415078,0.00509769992769941,0.00509769992769941,FALSE
"铅钡","11",10,14,0.281443293399004,0.286391664812019,0.00494837141301557,0.00494837141301557,TRUE
"铅钡","11",11,12,0.0612725898186707,0.0576158530845212,-0.00365673673414946,0.00365673673414946,TRUE
"铅钡","11",11,13,-0.156849542999958,-0.143842859320229,0.013006683679728,0.013006683679728,TRUE
"铅钡","11",11,14,0.179640675374564,0.193741941071961,0.0141012656973971,0.0141012656973971,TRUE
"铅钡","11",12,13,-0.136130144878921,-0.133895096344227,0.0022350485346942,0.0022350485346942,TRUE
"铅钡","11",12,14,0.111754790810533,0.114371237610332,0.00261644679979878,0.00261644679979878,TRUE
"铅钡","11",13,14,-0.181384208932658,-0.190905069200302,-0.00952086026764382,0.00952086026764382,TRUE
"铅钡","19",1,2,0.387523957612379,0.382159565430664,-0.00536439218171492,0.00536439218171492,TRUE
"铅钡","19",1,3,0.228797605759243,0.218663898133573,-0.0101337076256698,0.0101337076256698,TRUE
"铅钡","19",1,4,-0.355658624390269,-0.352194697619142,0.00346392677112733,0.00346392677112733,TRUE
"铅钡","19",1,5,0.0314736239332106,0.0362093971035667,0.00473577317035603,0.00473577317035603,TRUE
"铅钡","19",1,6,0.523569636177258,0.523849943815733,0.000280307638475086,0.000280307638475086,TRUE
"铅钡","19",1,7,0.00896500867408218,0.020686512737442,0.0117215040633598,0.0117215040633598,TRUE
"铅钡","19",1,8,-0.078807711440175,-0.0709529763509443,0.00785473508923065,0.00785473508923065,TRUE
"铅钡","19",1,9,0.0782389207139882,0.0790323626591195,0.000793441945131285,0.000793441945131285,TRUE
"铅钡","19",1,10,0.0169940233852727,0.0134902225382747,-0.00350380084699803,0.00350380084699803,TRUE
"铅钡","19",1,11,-0.442884846754735,-0.437176156203578,0.00570869055115719,0.00570869055115719,TRUE
"铅钡","19",1,12,-0.405414568376801,-0.412587166711789,-0.00717259833498773,0.00717259833498773,TRUE
"铅钡","19",1,13,0.162785470824505,0.155909262046699,-0.00687620877780598,0.00687620877780598,TRUE
"铅钡","19",1,14,-0.393845594224813,-0.402424146980585,-0.0085785527557718,0.0085785527557718,TRUE
"铅钡","19",2,3,0.0597086312240278,0.0413977959088682,-0.0183108353151596,0.0183108353151596,TRUE
"铅钡","19",2,4,-0.306707790289593,-0.301894993209083,0.00481279708051091,0.00481279708051091,TRUE
"铅钡","19",2,5,-0.0283363657795519,-0.0223483129480275,0.00598805283152433,0.00598805283152433,TRUE
"铅钡","19",2,6,0.196520770713179,0.195646460497278,-0.000874310215900592,0.000874310215900592,TRUE
"铅钡","19",2,7,-0.244863554505206,-0.233117878365091,0.0117456761401152,0.0117456761401152,TRUE
"铅钡","19",2,8,0.00693077503836697,0.018591367283674,0.011660592245307,0.011660592245307,TRUE
"铅钡","19",2,9,-0.179517729608024,-0.179894824230637,-0.00037709462261265,0.00037709462261265,TRUE
"铅钡","19",2,10,0.111941093229568,0.107886428717202,-0.00405466451236638,0.00405466451236638,TRUE
"铅钡","19",2,11,-0.655999924925786,-0.650874134745835,0.00512579017995096,0.00512579017995096,TRUE
"铅钡","19",2,12,-0.100383893901076,-0.108025192645208,-0.00764129874413136,0.00764129874413136,TRUE
"铅钡","19",2,13,-0.0875873889053817,-0.0997443311859869,-0.0121569422806052,0.0121569422806052,TRUE
"铅钡","19",2,14,-0.212223176307397,-0.222449995410781,-0.0102268191033842,0.0102268191033842,TRUE
"铅钡","19",3,4,-0.353780277873086,-0.348280540986074,0.00549973688701211,0.00549973688701211,TRUE
"铅钡","19",3,5,0.116030407125434,0.127988864084568,0.0119584569591338,0.0119584569591338,TRUE
"铅钡","19",3,6,0.420627619904456,0.423892473954092,0.003264854049636,0.003264854049636,TRUE
"铅钡","19",3,7,0.00831808266171102,0.0337558059955145,0.0254377233338035,0.0254377233338035,TRUE
"铅钡","19",3,8,-0.218551780512528,-0.204592206091383,0.0139595744211455,0.0139595744211455,TRUE
"铅钡","19",3,9,-0.293952217550467,-0.297393714268081,-0.00344149671761385,0.00344149671761385,TRUE
"铅钡","19",3,10,-0.0806002332811004,-0.089713867693847,-0.00911363441274654,0.00911363441274654,TRUE
"铅钡","19",3,11,-0.304723869346192,-0.287031061638624,0.017692807707568,0.017692807707568,TRUE
"铅钡","19",3,12,-0.265354112529637,-0.280987620001483,-0.0156335074718459,0.0156335074718459,TRUE
"铅钡","19",3,13,0.0419051642023464,0.024840307474712,-0.0170648567276344,0.0170648567276344,TRUE
"铅钡","19",3,14,-0.0884794205922686,-0.103485102331395,-0.0150056817391266,0.0150056817391266,TRUE
"铅钡","19",4,5,-0.0145588989726392,-0.0183546525824218,-0.00379575360978258,0.00379575360978258,TRUE
"铅钡","19",4,6,-0.336293156554504,-0.335829883151887,0.000463273402617093,0.000463273402617093,TRUE
"铅钡","19",4,7,0.20123829444502,0.194240350416822,-0.00699794402819778,0.00699794402819778,TRUE
"铅钡","19",4,8,-0.279482433659153,-0.288615173663989,-0.00913274000483622,0.00913274000483622,TRUE
"铅钡","19",4,9,0.123548152930095,0.123390633920229,-0.000157519009866186,0.000157519009866186,TRUE
"铅钡","19",4,10,-0.067251732704916,-0.0645453828690635,0.0027063498358525,0.0027063498358525,TRUE
"铅钡","19",4,11,0.168791870606677,0.161286269854707,-0.0075056007519704,0.0075056007519704,TRUE
"铅钡","19",4,12,0.0779470010722535,0.0823901649488691,0.00444316387661556,0.00444316387661556,TRUE
"铅钡","19",4,13,0.0370674613678593,0.0440745244360512,0.00700706306819182,0.00700706306819182,TRUE
"铅钡","19",4,14,0.0105264263527887,0.0156000949251978,0.00507366857240903,0.00507366857240903,TRUE
"铅钡","19",5,6,0.410693685597871,0.412485264310282,0.00179157871241187,0.00179157871241187,TRUE
"铅钡","19",5,7,0.103299298652924,0.0965215481472365,-0.00677775050568737,0.00677775050568737,TRUE
"铅钡","19",5,8,-0.289825620905861,-0.297751762334522,-0.00792614142866105,0.00792614142866105,TRUE
"铅钡","19",5,9,-0.206563347984303,-0.207258727071181,-0.000695379086877945,0.000695379086877945,TRUE
"铅钡","19",5,10,-0.52805299936826,-0.526931737354256,0.00112126201400364,0.00112126201400364,TRUE
"铅钡","19",5,11,-0.027404440648597,-0.0358574010705555,-0.00845296042195854,0.00845296042195854,TRUE
"铅钡","19",5,12,0.0205187220803414,0.0240625322206161,0.00354381014027465,0.00354381014027465,TRUE
"铅钡","19",5,13,0.0894599362647757,0.0957325428504448,0.0062726065856691,0.0062726065856691,TRUE
"铅钡","19",5,14,-0.564445233505777,-0.562706530931723,0.00173870257405428,0.00173870257405428,TRUE
"铅钡","19",6,7,0.203664125537772,0.20845907860785,0.00479495307007735,0.00479495307007735,TRUE
"铅钡","19",6,8,-0.226044414625151,-0.225325659501635,0.000718755123516185,0.000718755123516185,TRUE
"铅钡","19",6,9,-0.266426530914206,-0.266356396417229,7.01344969770701e-05,7.01344969770701e-05,TRUE
"铅钡","19",6,10,-0.338008209406635,-0.339229630889752,-0.00122142148311694,0.00122142148311694,TRUE
"铅钡","19",6,11,-0.315828388842643,-0.316417503768978,-0.000589114926334344,0.000589114926334344,TRUE
"铅钡","19",6,12,-0.393605267546621,-0.395608129088061,-0.00200286154144047,0.00200286154144047,TRUE
"铅钡","19",6,13,0.21955960403091,0.218791616540159,-0.000767987490751049,0.000767987490751049,TRUE
"铅钡","19",6,14,-0.476967541457419,-0.479842883334055,-0.0028753418766353,0.0028753418766353,TRUE
"铅钡","19",7,8,-0.496838473763456,-0.519472593566016,-0.0226341198025602,0.0226341198025602,TRUE
"铅钡","19",7,9,-0.0657825007642135,-0.0673714293113759,-0.00158892854716236,0.00158892854716236,TRUE
"铅钡","19",7,10,-0.332608832894976,-0.330044970934455,0.00256386196052122,0.00256386196052122,TRUE
"铅钡","19",7,11,0.112678882230645,0.0944255286041797,-0.0182533536264649,0.0182533536264649,TRUE
"铅钡","19",7,12,-0.194445224709006,-0.187982921939978,0.00646230276902721,0.00646230276902721,TRUE
"铅钡","19",7,13,0.218988084043737,0.236687777855821,0.0176996938120831,0.0176996938120831,TRUE
"铅钡","19",7,14,-0.465323564499552,-0.460622779465563,0.00470078503398957,0.00470078503398957,TRUE
"铅钡","19",8,9,0.131815321030706,0.131856979782323,4.1658751617768e-05,4.1658751617768e-05,TRUE
"铅钡","19",8,10,0.220831132098425,0.226844186620527,0.00601305452210218,0.00601305452210218,TRUE
"铅钡","19",8,11,0.0718740967436118,0.0578600740027047,-0.0140140227409071,0.0140140227409071,TRUE
"铅钡","19",8,12,0.00906971695505722,0.0156163470149619,0.00654663005990467,0.00654663005990467,TRUE
"铅钡","19",8,13,-0.56732047651293,-0.56274203488394,0.00457844162899013,0.00457844162899013,TRUE
"铅钡","19",8,14,0.386127534481157,0.397234829012055,0.011107294530898,0.011107294530898,TRUE
"铅钡","19",9,10,-0.0817406514741246,-0.0815353229964105,0.000205328477714095,0.000205328477714095,TRUE
"铅钡","19",9,11,0.163515564051569,0.164279518399783,0.000763954348214052,0.000763954348214052,TRUE
"铅钡","19",9,12,0.141694479567348,0.142371212777186,0.000676733209838215,0.000676733209838215,TRUE
"铅钡","19",9,13,0.00429197339331716,0.00497253512260715,0.000680561729289989,0.000680561729289989,TRUE
"铅钡","19",9,14,0.000932984375030425,0.00142654209759256,0.000493557722562132,0.000493557722562132,TRUE
"铅钡","19",10,11,-0.306665140269122,-0.303814664266113,0.00285047600300853,0.00285047600300853,TRUE
"铅钡","19",10,12,0.00273204655993985,2.91620110915858e-05,-0.00270288454884826,0.00270288454884826,TRUE
"铅钡","19",10,13,-0.00151100012354863,-0.00595063843267966,-0.00443963830913103,0.00443963830913103,TRUE
"铅钡","19",10,14,0.281443293399004,0.279209719054176,-0.0022335743448279,0.0022335743448279,TRUE
"铅钡","19",11,12,0.0612725898186707,0.0709795599776042,0.00970697015893357,0.00970697015893357,TRUE
"铅钡","19",11,13,-0.156849542999958,-0.144662292236689,0.012187250763269,0.012187250763269,TRUE
"铅钡","19",11,14,0.179640675374564,0.192930150831762,0.0132894754571978,0.0132894754571978,TRUE
"铅钡","19",12,13,-0.136130144878921,-0.143337872456444,-0.00720772757752222,0.00720772757752222,TRUE
"铅钡","19",12,14,0.111754790810533,0.107625381175216,-0.00412940963531683,0.00412940963531683,TRUE
"铅钡","19",13,14,-0.181384208932658,-0.190442432466734,-0.00905822353407629,0.00905822353407629,TRUE
"铅钡","20",1,2,0.387523957612379,0.393980303684184,0.00645634607180456,0.00645634607180456,TRUE
"铅钡","20",1,3,0.228797605759243,0.222928320434812,-0.00586928532443071,0.00586928532443071,TRUE
"铅钡","20",1,4,-0.355658624390269,-0.371659829030935,-0.016001204640666,0.016001204640666,TRUE
"铅钡","20",1,5,0.0314736239332106,0.0423433706927762,0.0108697467595655,0.0108697467595655,TRUE
"铅钡","20",1,6,0.523569636177258,0.523268885522018,-0.00030075065523949,0.00030075065523949,TRUE
"铅钡","20",1,7,0.00896500867408218,-0.00121212829733378,-0.010177136971416,0.010177136971416,FALSE
"铅钡","20",1,8,-0.078807711440175,-0.0900252461972573,-0.0112175347570823,0.0112175347570823,TRUE
"铅钡","20",1,9,0.0782389207139882,0.0919863685869805,0.0137474478729923,0.0137474478729923,TRUE
"铅钡","20",1,10,0.0169940233852727,0.00977217358694838,-0.00722184979832433,0.00722184979832433,TRUE
"铅钡","20",1,11,-0.442884846754735,-0.456545786501835,-0.0136609397470994,0.0136609397470994,TRUE
"铅钡","20",1,12,-0.405414568376801,-0.409571600708465,-0.00415703233166353,0.00415703233166353,TRUE
"铅钡","20",1,13,0.162785470824505,0.165161085609782,0.00237561478527709,0.00237561478527709,TRUE
"铅钡","20",1,14,-0.393845594224813,-0.392535682584768,0.00130991164004474,0.00130991164004474,TRUE
"铅钡","20",2,3,0.0597086312240278,0.085459798524059,0.0257511673000312,0.0257511673000312,TRUE
"铅钡","20",2,4,-0.306707790289593,-0.386790714704404,-0.0800829244148105,0.0800829244148105,TRUE
"铅钡","20",2,5,-0.0283363657795519,-0.0451516220040067,-0.0168152562244549,0.0168152562244549,TRUE
"铅钡","20",2,6,0.196520770713179,0.216051303215213,0.0195305325020342,0.0195305325020342,TRUE
"铅钡","20",2,7,-0.244863554505206,-0.233937657910051,0.0109258965951549,0.0109258965951549,TRUE
"铅钡","20",2,8,0.00693077503836697,0.0225437876271885,0.0156130125888215,0.0156130125888215,TRUE
"铅钡","20",2,9,-0.179517729608024,-0.203048964940241,-0.0235312353322172,0.0235312353322172,TRUE
"铅钡","20",2,10,0.111941093229568,0.125118426190207,0.0131773329606387,0.0131773329606387,TRUE
"铅钡","20",2,11,-0.655999924925786,-0.653032502409509,0.00296742251627691,0.00296742251627691,TRUE
"铅钡","20",2,12,-0.100383893901076,-0.133481683008286,-0.0330977891072095,0.0330977891072095,TRUE
"铅钡","20",2,13,-0.0875873889053817,-0.0911637347117658,-0.00357634580638407,0.00357634580638407,TRUE
"铅钡","20",2,14,-0.212223176307397,-0.216651498392563,-0.0044283220851663,0.0044283220851663,TRUE
"铅钡","20",3,4,-0.353780277873086,-0.272220069759558,0.0815602081135278,0.0815602081135278,TRUE
"铅钡","20",3,5,0.116030407125434,0.175405925933016,0.0593755188075823,0.0593755188075823,TRUE
"铅钡","20",3,6,0.420627619904456,0.392960520521175,-0.027667099383281,0.027667099383281,TRUE
"铅钡","20",3,7,0.00831808266171102,-0.044610055389274,-0.052928138050985,0.052928138050985,FALSE
"铅钡","20",3,8,-0.218551780512528,-0.280969488230185,-0.062417707717657,0.062417707717657,TRUE
"铅钡","20",3,9,-0.293952217550467,-0.251562267475699,0.0423899500747678,0.0423899500747678,TRUE
"铅钡","20",3,10,-0.0806002332811004,-0.12260556925563,-0.0420053359745296,0.0420053359745296,TRUE
"铅钡","20",3,11,-0.304723869346192,-0.361115038781916,-0.0563911694357248,0.0563911694357248,TRUE
"铅钡","20",3,12,-0.265354112529637,-0.199662225482706,0.0656918870469309,0.0656918870469309,TRUE
"铅钡","20",3,13,0.0419051642023464,0.053946566463297,0.0120414022609506,0.0120414022609506,TRUE
"铅钡","20",3,14,-0.0884794205922686,-0.0804700757554089,0.00800934483685967,0.00800934483685967,TRUE
"铅钡","20",4,5,-0.0145588989726392,-0.112772431355673,-0.098213532383034,0.098213532383034,TRUE
"铅钡","20",4,6,-0.336293156554504,-0.29034731564724,0.0459458409072636,0.0459458409072636,TRUE
"铅钡","20",4,7,0.20123829444502,0.326517642344357,0.125279347899338,0.125279347899338,TRUE
"铅钡","20",4,8,-0.279482433659153,-0.226011697756789,0.0534707359023642,0.0534707359023642,TRUE
"铅钡","20",4,9,0.123548152930095,0.0311631796364374,-0.092384973293658,0.092384973293658,TRUE
"铅钡","20",4,10,-0.067251732704916,-0.00644727036839532,0.0608044623365207,0.0608044623365207,TRUE
"铅钡","20",4,11,0.168791870606677,0.266435764753581,0.0976438941469034,0.0976438941469034,TRUE
"铅钡","20",4,12,0.0779470010722535,-0.0717629905654436,-0.149709991637697,0.149709991637697,FALSE
"铅钡","20",4,13,0.0370674613678593,0.0224923118672338,-0.0145751495006255,0.0145751495006255,TRUE
"铅钡","20",4,14,0.0105264263527887,-0.00894055888899309,-0.0194669852417818,0.0194669852417818,FALSE
"铅钡","20",5,6,0.410693685597871,0.460392120692544,0.049698435094673,0.049698435094673,TRUE
"铅钡","20",5,7,0.103299298652924,0.144249964722365,0.0409506660694416,0.0409506660694416,TRUE
"铅钡","20",5,8,-0.289825620905861,-0.264911971412035,0.0249136494938261,0.0249136494938261,TRUE
"铅钡","20",5,9,-0.206563347984303,-0.257506418472338,-0.0509430704880341,0.0509430704880341,TRUE
"铅钡","20",5,10,-0.52805299936826,-0.516248282111091,0.0118047172571685,0.0118047172571685,TRUE
"铅钡","20",5,11,-0.027404440648597,0.00060389541735361,0.0280083360659506,0.0280083360659506,FALSE
"铅钡","20",5,12,0.0205187220803414,-0.0404688455425535,-0.0609875676228949,0.0609875676228949,FALSE
"铅钡","20",5,13,0.0894599362647757,0.0838928203787297,-0.005567115886046,0.005567115886046,TRUE
"铅钡","20",5,14,-0.564445233505777,-0.583126861326059,-0.0186816278202818,0.0186816278202818,TRUE
"铅钡","20",6,7,0.203664125537772,0.175336801437803,-0.028327324099969,0.028327324099969,TRUE
"铅钡","20",6,8,-0.226044414625151,-0.267296815265854,-0.0412524006407023,0.0412524006407023,TRUE
"铅钡","20",6,9,-0.266426530914206,-0.236946188113849,0.0294803428003575,0.0294803428003575,TRUE
"铅钡","20",6,10,-0.338008209406635,-0.37240422441397,-0.0343960150073347,0.0343960150073347,TRUE
"铅钡","20",6,11,-0.315828388842643,-0.352357463799964,-0.0365290749573212,0.0365290749573212,TRUE
"铅钡","20",6,12,-0.393605267546621,-0.361032514597181,0.0325727529494397,0.0325727529494397,TRUE
"铅钡","20",6,13,0.21955960403091,0.230357043698692,0.0107974396677817,0.0107974396677817,TRUE
"铅钡","20",6,14,-0.476967541457419,-0.477776982857341,-0.000809441399921784,0.000809441399921784,TRUE
"铅钡","20",7,8,-0.496838473763456,-0.5499391131038,-0.0531006393403436,0.0531006393403436,TRUE
"铅钡","20",7,9,-0.0657825007642135,-0.0260153457997498,0.0397671549644637,0.0397671549644637,TRUE
"铅钡","20",7,10,-0.332608832894976,-0.368847581509897,-0.0362387486149212,0.0362387486149212,TRUE
"铅钡","20",7,11,0.112678882230645,0.0869443248414594,-0.0257345573891853,0.0257345573891853,TRUE
"铅钡","20",7,12,-0.194445224709006,-0.145216795823473,0.0492284288855327,0.0492284288855327,TRUE
"铅钡","20",7,13,0.218988084043737,0.230551985931347,0.0115639018876094,0.0115639018876094,TRUE
"铅钡","20",7,14,-0.465323564499552,-0.466373469224256,-0.00104990472470357,0.00104990472470357,TRUE
"铅钡","20",8,9,0.131815321030706,0.177481444823001,0.0456661237922957,0.0456661237922957,TRUE
"铅钡","20",8,10,0.220831132098425,0.201281966114234,-0.0195491659841914,0.0195491659841914,TRUE
"铅钡","20",8,11,0.0718740967436118,0.0463577961739646,-0.0255163005696472,0.0255163005696472,TRUE
"铅钡","20",8,12,0.00906971695505722,0.0693482581524503,0.060278541197393,0.060278541197393,TRUE
"铅钡","20",8,13,-0.56732047651293,-0.570229633120538,-0.00290915660760738,0.00290915660760738,TRUE
"铅钡","20",8,14,0.386127534481157,0.400444760822672,0.014317226341515,0.014317226341515,TRUE
"铅钡","20",9,10,-0.0817406514741246,-0.0540264728667777,0.0277141786073469,0.0277141786073469,TRUE
"铅钡","20",9,11,0.163515564051569,0.202377604700776,0.038862040649207,0.038862040649207,TRUE
"铅钡","20",9,12,0.141694479567348,0.0809344792327415,-0.0607600003346067,0.0607600003346067,TRUE
"铅钡","20",9,13,0.00429197339331716,-0.00393410377175455,-0.00822607716507171,0.00822607716507171,FALSE
"铅钡","20",9,14,0.000932984375030425,-0.00812848930241104,-0.00906147367744147,0.00906147367744147,FALSE
"铅钡","20",10,11,-0.306665140269122,-0.333903351303306,-0.0272382110341839,0.0272382110341839,TRUE
"铅钡","20",10,12,0.00273204655993985,0.0480288447102406,0.0452967981503007,0.0452967981503007,TRUE
"铅钡","20",10,13,-0.00151100012354863,0.00372108895955225,0.00523208908310088,0.00523208908310088,FALSE
"铅钡","20",10,14,0.281443293399004,0.290094776805003,0.00865148340599892,0.00865148340599892,TRUE
"铅钡","20",11,12,0.0612725898186707,0.114152503676956,0.052879913858285,0.052879913858285,TRUE
"铅钡","20",11,13,-0.156849542999958,-0.153030372464873,0.0038191705350844,0.0038191705350844,TRUE
"铅钡","20",11,14,0.179640675374564,0.188025951134809,0.00838527576024573,0.00838527576024573,TRUE
"铅钡","20",12,13,-0.136130144878921,-0.155615633965816,-0.0194854890868945,0.0194854890868945,TRUE
"铅钡","20",12,14,0.111754790810533,0.104179636153526,-0.00757515465700688,0.00757515465700688,TRUE
"铅钡","20",13,14,-0.181384208932658,-0.183233803624953,-0.00184959469229537,0.00184959469229537,TRUE
"铅钡","23",1,2,0.387523957612379,0.37501373853785,-0.0125102190745289,0.0125102190745289,TRUE
"铅钡","23",1,3,0.228797605759243,0.246126778527511,0.0173291727682684,0.0173291727682684,TRUE
"铅钡","23",1,4,-0.355658624390269,-0.350036053047173,0.00562257134309596,0.00562257134309596,TRUE
"铅钡","23",1,5,0.0314736239332106,0.0203927821040973,-0.0110808418291133,0.0110808418291133,TRUE
"铅钡","23",1,6,0.523569636177258,0.543924055633177,0.0203544194559199,0.0203544194559199,TRUE
"铅钡","23",1,7,0.00896500867408218,0.0257954579820119,0.0168304493079297,0.0168304493079297,TRUE
"铅钡","23",1,8,-0.078807711440175,-0.093890424059188,-0.015082712619013,0.015082712619013,TRUE
"铅钡","23",1,9,0.0782389207139882,0.0898316207003581,0.0115926999863699,0.0115926999863699,TRUE
"铅钡","23",1,10,0.0169940233852727,0.00984408512211392,-0.00714993826315878,0.00714993826315878,TRUE
"铅钡","23",1,11,-0.442884846754735,-0.432425658127007,0.0104591886277279,0.0104591886277279,TRUE
"铅钡","23",1,12,-0.405414568376801,-0.416142310122671,-0.0107277417458704,0.0107277417458704,TRUE
"铅钡","23",1,13,0.162785470824505,0.167645855773604,0.00486038494909918,0.00486038494909918,TRUE
"铅钡","23",1,14,-0.393845594224813,-0.392110810055307,0.00173478416950618,0.00173478416950618,TRUE
"铅钡","23",2,3,0.0597086312240278,0.105221267957396,0.0455126367333679,0.0455126367333679,TRUE
"铅钡","23",2,4,-0.306707790289593,-0.29652699311028,0.0101807971793134,0.0101807971793134,TRUE
"铅钡","23",2,5,-0.0283363657795519,-0.0641276329476851,-0.0357912671681332,0.0357912671681332,TRUE
"铅钡","23",2,6,0.196520770713179,0.247681134375076,0.0511603636618972,0.0511603636618972,TRUE
"铅钡","23",2,7,-0.244863554505206,-0.210310157990502,0.0345533965147041,0.0345533965147041,TRUE
"铅钡","23",2,8,0.00693077503836697,-0.0344073149676336,-0.0413380900060006,0.0413380900060006,FALSE
"铅钡","23",2,9,-0.179517729608024,-0.15725552486446,0.0222622047435639,0.0222622047435639,TRUE
"铅钡","23",2,10,0.111941093229568,0.0959955379607286,-0.0159455552688398,0.0159455552688398,TRUE
"铅钡","23",2,11,-0.655999924925786,-0.629173658687726,0.0268262662380601,0.0268262662380601,TRUE
"铅钡","23",2,12,-0.100383893901076,-0.127867023878233,-0.0274831299771568,0.0274831299771568,TRUE
"铅钡","23",2,13,-0.0875873889053817,-0.0805527465787456,0.0070346423266361,0.0070346423266361,TRUE
"铅钡","23",2,14,-0.212223176307397,-0.210120212069743,0.00210296423765416,0.00210296423765416,TRUE
"铅钡","23",3,4,-0.353780277873086,-0.368994260085804,-0.0152139822127185,0.0152139822127185,TRUE
"铅钡","23",3,5,0.116030407125434,0.131790427801437,0.0157600206760033,0.0157600206760033,TRUE
"铅钡","23",3,6,0.420627619904456,0.411142810055937,-0.00948480984851907,0.00948480984851907,TRUE
"铅钡","23",3,7,0.00831808266171102,-0.0120402941237063,-0.0203583767854173,0.0203583767854173,FALSE
"铅钡","23",3,8,-0.218551780512528,-0.205115708393912,0.0134360721186163,0.0134360721186163,TRUE
"铅钡","23",3,9,-0.293952217550467,-0.31122259096133,-0.0172703734108632,0.0172703734108632,TRUE
"铅钡","23",3,10,-0.0806002332811004,-0.0725094042529515,0.00809082902814888,0.00809082902814888,TRUE
"铅钡","23",3,11,-0.304723869346192,-0.350818795573675,-0.0460949262274837,0.0460949262274837,TRUE
"铅钡","23",3,12,-0.265354112529637,-0.259129793252603,0.00622431927703404,0.00622431927703404,TRUE
"铅钡","23",3,13,0.0419051642023464,0.0375766892549785,-0.00432847494736793,0.00432847494736793,TRUE
"铅钡","23",3,14,-0.0884794205922686,-0.0946026840954946,-0.00612326350322601,0.00612326350322601,TRUE
"铅钡","23",4,5,-0.0145588989726392,-0.0057854682974524,0.00877343067518679,0.00877343067518679,TRUE
"铅钡","23",4,6,-0.336293156554504,-0.350422019233256,-0.014128862678752,0.014128862678752,TRUE
"铅钡","23",4,7,0.20123829444502,0.191399545495177,-0.00983874894984249,0.00983874894984249,TRUE
"铅钡","23",4,8,-0.279482433659153,-0.271964135389685,0.0075182982694677,0.0075182982694677,TRUE
"铅钡","23",4,9,0.123548152930095,0.116231519674556,-0.00731663325553995,0.00731663325553995,TRUE
"铅钡","23",4,10,-0.067251732704916,-0.0619679656267767,0.00528376707813927,0.00528376707813927,TRUE
"铅钡","23",4,11,0.168791870606677,0.153573991918879,-0.0152178786877988,0.0152178786877988,TRUE
"铅钡","23",4,12,0.0779470010722535,0.0841941131197695,0.006247112047516,0.006247112047516,TRUE
"铅钡","23",4,13,0.0370674613678593,0.0342378094393813,-0.00282965192847798,0.00282965192847798,TRUE
"铅钡","23",4,14,0.0105264263527887,0.00722792710992187,-0.00329849924286686,0.00329849924286686,TRUE
"铅钡","23",5,6,0.410693685597871,0.42958572420928,0.0188920386114093,0.0188920386114093,TRUE
"铅钡","23",5,7,0.103299298652924,0.12187177048111,0.018572471828186,0.018572471828186,TRUE
"铅钡","23",5,8,-0.289825620905861,-0.307968668597586,-0.0181430476917253,0.0181430476917253,TRUE
"铅钡","23",5,9,-0.206563347984303,-0.198010956651723,0.00855239133258076,0.00855239133258076,TRUE
"铅钡","23",5,10,-0.52805299936826,-0.539618774029068,-0.0115657746608084,0.0115657746608084,TRUE
"铅钡","23",5,11,-0.027404440648597,-0.00107858172281967,0.0263258589257773,0.0263258589257773,TRUE
"铅钡","23",5,12,0.0205187220803414,0.0132270396334591,-0.00729168244688227,0.00729168244688227,TRUE
"铅钡","23",5,13,0.0894599362647757,0.0938713736951431,0.00441143743036748,0.00441143743036748,TRUE
"铅钡","23",5,14,-0.564445233505777,-0.563825909907815,0.000619323597962462,0.000619323597962462,TRUE
"铅钡","23",6,7,0.203664125537772,0.18827503204737,-0.0153890934904025,0.0153890934904025,TRUE
"铅钡","23",6,8,-0.226044414625151,-0.213442742537618,0.0126016720875329,0.0126016720875329,TRUE
"铅钡","23",6,9,-0.266426530914206,-0.282385763405911,-0.0159592324917043,0.0159592324917043,TRUE
"铅钡","23",6,10,-0.338008209406635,-0.332912665745168,0.00509554366146686,0.00509554366146686,TRUE
"铅钡","23",6,11,-0.315828388842643,-0.360320389217242,-0.0444920003745987,0.0444920003745987,TRUE
"铅钡","23",6,12,-0.393605267546621,-0.388933957581489,0.00467130996513188,0.00467130996513188,TRUE
"铅钡","23",6,13,0.21955960403091,0.216931548521516,-0.00262805550939449,0.00262805550939449,TRUE
"铅钡","23",6,14,-0.476967541457419,-0.486054272740214,-0.00908673128279464,0.00908673128279464,TRUE
"铅钡","23",7,8,-0.496838473763456,-0.486727818568721,0.0101106551947357,0.0101106551947357,TRUE
"铅钡","23",7,9,-0.0657825007642135,-0.0826291580016938,-0.0168466572374803,0.0168466572374803,TRUE
"铅钡","23",7,10,-0.332608832894976,-0.32676900853882,0.0058398243561556,0.0058398243561556,TRUE
"铅钡","23",7,11,0.112678882230645,0.0778289367708788,-0.0348499454597658,0.0348499454597658,TRUE
"铅钡","23",7,12,-0.194445224709006,-0.186408023258426,0.00803720145057982,0.00803720145057982,TRUE
"铅钡","23",7,13,0.218988084043737,0.216184889070391,-0.00280319497334686,0.00280319497334686,TRUE
"铅钡","23",7,14,-0.465323564499552,-0.47761642906414,-0.0122928645645878,0.0122928645645878,TRUE
"铅钡","23",8,9,0.131815321030706,0.146767723647717,0.0149524026170119,0.0149524026170119,TRUE
"铅钡","23",8,10,0.220831132098425,0.214308722459746,-0.00652240963867867,0.00652240963867867,TRUE
"铅钡","23",8,11,0.0718740967436118,0.108207694953002,0.0363335982093905,0.0363335982093905,TRUE
"铅钡","23",8,12,0.00906971695505722,6.74503208211377e-05,-0.00900226663423609,0.00900226663423609,TRUE
"铅钡","23",8,13,-0.56732047651293,-0.567827362769481,-0.000506886256550487,0.000506886256550487,TRUE
"铅钡","23",8,14,0.386127534481157,0.394984109317548,0.0088565748363903,0.0088565748363903,TRUE
"铅钡","23",9,10,-0.0817406514741246,-0.0754766249780568,0.00626402649606775,0.00626402649606775,TRUE
"铅钡","23",9,11,0.163515564051569,0.143904199344521,-0.0196113647070486,0.0196113647070486,TRUE
"铅钡","23",9,12,0.141694479567348,0.149764037623061,0.00806955805571269,0.00806955805571269,TRUE
"铅钡","23",9,13,0.00429197339331716,0.0007066906350029,-0.00358528275831426,0.00358528275831426,TRUE
"铅钡","23",9,14,0.000932984375030425,-0.00310945201382263,-0.00404243638885305,0.00404243638885305,FALSE
"铅钡","23",10,11,-0.306665140269122,-0.299819669207173,0.00684547106194855,0.00684547106194855,TRUE
"铅钡","23",10,12,0.00273204655993985,-0.00200536578388138,-0.00473741234382123,0.00473741234382123,FALSE
"铅钡","23",10,13,-0.00151100012354863,0.000931146189343629,0.00244214631289226,0.00244214631289226,FALSE
"铅钡","23",10,14,0.281443293399004,0.285069207800956,0.00362591440195209,0.00362591440195209,TRUE
"铅钡","23",11,12,0.0612725898186707,0.0811796430778512,0.0199070532591806,0.0199070532591806,TRUE
"铅钡","23",11,13,-0.156849542999958,-0.171151232931188,-0.0143016899312306,0.0143016899312306,TRUE
"铅钡","23",11,14,0.179640675374564,0.17528693159968,-0.00435374377488379,0.00435374377488379,TRUE
"铅钡","23",12,13,-0.136130144878921,-0.134050698638881,0.00207944624004031,0.00207944624004031,TRUE
"铅钡","23",12,14,0.111754790810533,0.114915641718531,0.00316085090799773,0.00316085090799773,TRUE
"铅钡","23",13,14,-0.181384208932658,-0.183089465468066,-0.00170525653540785,0.00170525653540785,TRUE
"铅钡","24",1,2,0.387523957612379,0.393535461654669,0.0060115040422894,0.0060115040422894,TRUE
"铅钡","24",1,3,0.228797605759243,0.236958865285996,0.00816125952675348,0.00816125952675348,TRUE
"铅钡","24",1,4,-0.355658624390269,-0.353277788356141,0.00238083603412875,0.00238083603412875,TRUE
"铅钡","24",1,5,0.0314736239332106,0.04335325035325,0.0118796264200393,0.0118796264200393,TRUE
"铅钡","24",1,6,0.523569636177258,0.527194772881459,0.00362513670420095,0.00362513670420095,TRUE
"铅钡","24",1,7,0.00896500867408218,0.0181422565535948,0.00917724787951266,0.00917724787951266,TRUE
"铅钡","24",1,8,-0.078807711440175,-0.100575681048809,-0.021767969608634,0.021767969608634,TRUE
"铅钡","24",1,9,0.0782389207139882,0.0724569685012421,-0.00578195221274609,0.00578195221274609,TRUE
"铅钡","24",1,10,0.0169940233852727,0.00505139029536901,-0.0119426330899037,0.0119426330899037,TRUE
"铅钡","24",1,11,-0.442884846754735,-0.439424088659102,0.00346075809563334,0.00346075809563334,TRUE
"铅钡","24",1,12,-0.405414568376801,-0.437676129941005,-0.0322615615642035,0.0322615615642035,TRUE
"铅钡","24",1,13,0.162785470824505,0.161844101705593,-0.000941369118912044,0.000941369118912044,TRUE
"铅钡","24",1,14,-0.393845594224813,-0.394124615031784,-0.000279020806971453,0.000279020806971453,TRUE
"铅钡","24",2,3,0.0597086312240278,0.0544192635579966,-0.00528936766603114,0.00528936766603114,TRUE
"铅钡","24",2,4,-0.306707790289593,-0.310953779036843,-0.00424598874724974,0.00424598874724974,TRUE
"铅钡","24",2,5,-0.0283363657795519,-0.0385264679132636,-0.0101901021337117,0.0101901021337117,TRUE
"铅钡","24",2,6,0.196520770713179,0.195182959847059,-0.00133781086612023,0.00133781086612023,TRUE
"铅钡","24",2,7,-0.244863554505206,-0.255106121789947,-0.0102425672847408,0.0102425672847408,TRUE
"铅钡","24",2,8,0.00693077503836697,0.0233371156737385,0.0164063406353716,0.0164063406353716,TRUE
"铅钡","24",2,9,-0.179517729608024,-0.175163112555189,0.00435461705283469,0.00435461705283469,TRUE
"铅钡","24",2,10,0.111941093229568,0.124298472457934,0.012357379228366,0.012357379228366,TRUE
"铅钡","24",2,11,-0.655999924925786,-0.665280758427226,-0.0092808335014406,0.0092808335014406,TRUE
"铅钡","24",2,12,-0.100383893901076,-0.0882395371762817,0.0121443567247945,0.0121443567247945,TRUE
"铅钡","24",2,13,-0.0875873889053817,-0.0865811336147071,0.00100625529067468,0.00100625529067468,TRUE
"铅钡","24",2,14,-0.212223176307397,-0.213255177184542,-0.00103200087714436,0.00103200087714436,TRUE
"铅钡","24",3,4,-0.353780277873086,-0.360763479581279,-0.00698320170819322,0.00698320170819322,TRUE
"铅钡","24",3,5,0.116030407125434,0.103093119735996,-0.0129372873894383,0.0129372873894383,TRUE
"铅钡","24",3,6,0.420627619904456,0.419894745220963,-0.000732874683492701,0.000732874683492701,TRUE
"铅钡","24",3,7,0.00831808266171102,-0.00347610864146175,-0.0117941913031728,0.0117941913031728,FALSE
"铅钡","24",3,8,-0.218551780512528,-0.202418364362905,0.0161334161496237,0.0161334161496237,TRUE
"铅钡","24",3,9,-0.293952217550467,-0.288140352359979,0.00581186519048832,0.00581186519048832,TRUE
"铅钡","24",3,10,-0.0806002332811004,-0.0661102774853097,0.0144899557957908,0.0144899557957908,TRUE
"铅钡","24",3,11,-0.304723869346192,-0.315575217272769,-0.0108513479265772,0.0108513479265772,TRUE
"铅钡","24",3,12,-0.265354112529637,-0.251297324015394,0.0140567885142429,0.0140567885142429,TRUE
"铅钡","24",3,13,0.0419051642023464,0.0439039886915936,0.00199882448924713,0.00199882448924713,TRUE
"铅钡","24",3,14,-0.0884794205922686,-0.0898251176513208,-0.00134569705905226,0.00134569705905226,TRUE
"铅钡","24",4,5,-0.0145588989726392,-0.0233237956978389,-0.00876489672519965,0.00876489672519965,TRUE
"铅钡","24",4,6,-0.336293156554504,-0.338479088336935,-0.00218593178243115,0.00218593178243115,TRUE
"铅钡","24",4,7,0.20123829444502,0.196348210997492,-0.00489008344752787,0.00489008344752787,TRUE
"铅钡","24",4,8,-0.279482433659153,-0.275427260372901,0.00405517328625166,0.00405517328625166,TRUE
"铅钡","24",4,9,0.123548152930095,0.128927952200852,0.0053797992707567,0.0053797992707567,TRUE
"铅钡","24",4,10,-0.067251732704916,-0.0591525343162996,0.00809919838861641,0.00809919838861641,TRUE
"铅钡","24",4,11,0.168791870606677,0.164940213326549,-0.00385165728012857,0.00385165728012857,TRUE
"铅钡","24",4,12,0.0779470010722535,0.0942025848318911,0.0162555837596376,0.0162555837596376,TRUE
"铅钡","24",4,13,0.0370674613678593,0.0381645322783917,0.0010970709105324,0.0010970709105324,TRUE
"铅钡","24",4,14,0.0105264263527887,0.00999204244111338,-0.000534383911675346,0.000534383911675346,TRUE
"铅钡","24",5,6,0.410693685597871,0.411421934745525,0.000728249147654403,0.000728249147654403,TRUE
"铅钡","24",5,7,0.103299298652924,0.0849221190817708,-0.0183771795711531,0.0183771795711531,TRUE
"铅钡","24",5,8,-0.289825620905861,-0.26107556929386,0.0287500516120012,0.0287500516120012,TRUE
"铅钡","24",5,9,-0.206563347984303,-0.195802685375649,0.0107606626086542,0.0107606626086542,TRUE
"铅钡","24",5,10,-0.52805299936826,-0.515017979256878,0.0130350201113818,0.0130350201113818,TRUE
"铅钡","24",5,11,-0.027404440648597,-0.0422315915413647,-0.0148271508927677,0.0148271508927677,TRUE
"铅钡","24",5,12,0.0205187220803414,0.0625373498094515,0.0420186277291101,0.0420186277291101,TRUE
"铅钡","24",5,13,0.0894599362647757,0.0937505407324067,0.00429060446763103,0.00429060446763103,TRUE
"铅钡","24",5,14,-0.564445233505777,-0.573366204148229,-0.00892097064245201,0.00892097064245201,TRUE
"铅钡","24",6,7,0.203664125537772,0.201657420214766,-0.00200670532300612,0.00200670532300612,TRUE
"铅钡","24",6,8,-0.226044414625151,-0.226181808925849,-0.000137394300697813,0.000137394300697813,TRUE
"铅钡","24",6,9,-0.266426530914206,-0.264985047762188,0.00144148315201814,0.00144148315201814,TRUE
"铅钡","24",6,10,-0.338008209406635,-0.338083677820083,-7.5468413448132e-05,7.5468413448132e-05,TRUE
"铅钡","24",6,11,-0.315828388842643,-0.319851035560162,-0.00402264671751867,0.00402264671751867,TRUE
"铅钡","24",6,12,-0.393605267546621,-0.398947690522173,-0.00534242297555215,0.00534242297555215,TRUE
"铅钡","24",6,13,0.21955960403091,0.220267250601254,0.000707646570343196,0.000707646570343196,TRUE
"铅钡","24",6,14,-0.476967541457419,-0.477501236427384,-0.000533694969965026,0.000533694969965026,TRUE
"铅钡","24",7,8,-0.496838473763456,-0.484265042677148,0.0125734310863083,0.0125734310863083,TRUE
"铅钡","24",7,9,-0.0657825007642135,-0.0552415498271527,0.0105409509370608,0.0105409509370608,TRUE
"铅钡","24",7,10,-0.332608832894976,-0.31820076574747,0.0144080671475063,0.0144080671475063,TRUE
"铅钡","24",7,11,0.112678882230645,0.10260409273234,-0.0100747894983044,0.0100747894983044,TRUE
"铅钡","24",7,12,-0.194445224709006,-0.16960329744426,0.024841927264746,0.024841927264746,TRUE
"铅钡","24",7,13,0.218988084043737,0.223307970215117,0.00431988617137957,0.00431988617137957,TRUE
"铅钡","24",7,14,-0.465323564499552,-0.470464676499955,-0.00514111200040251,0.00514111200040251,TRUE
"铅钡","24",8,9,0.131815321030706,0.113401035561697,-0.018414285469009,0.018414285469009,TRUE
"铅钡","24",8,10,0.220831132098425,0.18607735799496,-0.0347537741034653,0.0347537741034653,TRUE
"铅钡","24",8,11,0.0718740967436118,0.0984006679167122,0.0265265711731004,0.0265265711731004,TRUE
"铅钡","24",8,12,0.00906971695505722,-0.0582166637517453,-0.0672863807068025,0.0672863807068025,FALSE
"铅钡","24",8,13,-0.56732047651293,-0.592243631140963,-0.0249231546280322,0.0249231546280322,TRUE
"铅钡","24",8,14,0.386127534481157,0.4022579420912,0.0161304076100429,0.0161304076100429,TRUE
"铅钡","24",9,10,-0.0817406514741246,-0.0985484540293736,-0.016807802555249,0.016807802555249,TRUE
"铅钡","24",9,11,0.163515564051569,0.172734688494882,0.00921912444331296,0.00921912444331296,TRUE
"铅钡","24",9,12,0.141694479567348,0.124168260567082,-0.0175262190002662,0.0175262190002662,TRUE
"铅钡","24",9,13,0.00429197339331716,0.0025848015378286,-0.00170717185548856,0.00170717185548856,TRUE
"铅钡","24",9,14,0.000932984375030425,0.00185087390457361,0.000917889529543189,0.000917889529543189,TRUE
"铅钡","24",10,11,-0.306665140269122,-0.297009203703007,0.00965593656611446,0.00965593656611446,TRUE
"铅钡","24",10,12,0.00273204655993985,-0.0412556612540537,-0.0439877078139936,0.0439877078139936,FALSE
"铅钡","24",10,13,-0.00151100012354863,-0.00489131436604206,-0.00338031424249343,0.00338031424249343,TRUE
"铅钡","24",10,14,0.281443293399004,0.287392466589001,0.00594917318999727,0.00594917318999727,TRUE
"铅钡","24",11,12,0.0612725898186707,0.086380759439356,0.0251081696206853,0.0251081696206853,TRUE
"铅钡","24",11,13,-0.156849542999958,-0.155764018897263,0.00108552410269486,0.00108552410269486,TRUE
"铅钡","24",11,14,0.179640675374564,0.179444381530745,-0.000196293843818446,0.000196293843818446,TRUE
"铅钡","24",12,13,-0.136130144878921,-0.145521923985635,-0.00939177910671402,0.00939177910671402,TRUE
"铅钡","24",12,14,0.111754790810533,0.118000089946555,0.00624529913602197,0.00624529913602197,TRUE
"铅钡","24",13,14,-0.181384208932658,-0.181227312286211,0.000156896646446858,0.000156896646446858,TRUE
"铅钡","25",1,2,0.387523957612379,0.379742318349485,-0.00778163926289366,0.00778163926289366,TRUE
"铅钡","25",1,3,0.228797605759243,0.243339034700841,0.0145414289415979,0.0145414289415979,TRUE
"铅钡","25",1,4,-0.355658624390269,-0.352257573963983,0.00340105042628669,0.00340105042628669,TRUE
"铅钡","25",1,5,0.0314736239332106,0.0485783998698605,0.0171047759366499,0.0171047759366499,TRUE
"铅钡","25",1,6,0.523569636177258,0.533171690955159,0.00960205477790121,0.00960205477790121,TRUE
"铅钡","25",1,7,0.00896500867408218,-0.0063212899242947,-0.0152862985983769,0.0152862985983769,FALSE
"铅钡","25",1,8,-0.078807711440175,-0.0818568149592002,-0.00304910351902526,0.00304910351902526,TRUE
"铅钡","25",1,9,0.0782389207139882,0.0765956131889595,-0.00164330752502871,0.00164330752502871,TRUE
"铅钡","25",1,10,0.0169940233852727,0.0162407714247791,-0.000753251960493594,0.000753251960493594,TRUE
"铅钡","25",1,11,-0.442884846754735,-0.438460302503765,0.00442454425097033,0.00442454425097033,TRUE
"铅钡","25",1,12,-0.405414568376801,-0.406374987203141,-0.000960418826339904,0.000960418826339904,TRUE
"铅钡","25",1,13,0.162785470824505,0.167293642749996,0.00450817192549133,0.00450817192549133,TRUE
"铅钡","25",1,14,-0.393845594224813,-0.39184521059218,0.00200038363263316,0.00200038363263316,TRUE
"铅钡","25",2,3,0.0597086312240278,0.0930139967345683,0.0333053655105406,0.0333053655105406,TRUE
"铅钡","25",2,4,-0.306707790289593,-0.300579583062587,0.00612820722700674,0.00612820722700674,TRUE
"铅钡","25",2,5,-0.0283363657795519,0.014652766975523,0.0429891327550748,0.0429891327550748,FALSE
"铅钡","25",2,6,0.196520770713179,0.219031990528068,0.0225112198148887,0.0225112198148887,TRUE
"铅钡","25",2,7,-0.244863554505206,-0.297048491538697,-0.0521849370334913,0.0521849370334913,TRUE
"铅钡","25",2,8,0.00693077503836697,-0.000260618667361713,-0.00719139370572868,0.00719139370572868,FALSE
"铅钡","25",2,9,-0.179517729608024,-0.189340387039715,-0.00982265743169072,0.00982265743169072,TRUE
"铅钡","25",2,10,0.111941093229568,0.112581307739545,0.000640214509976603,0.000640214509976603,TRUE
"铅钡","25",2,11,-0.655999924925786,-0.654063554119941,0.00193637080584463,0.00193637080584463,TRUE
"铅钡","25",2,12,-0.100383893901076,-0.101659505943915,-0.00127561204283895,0.00127561204283895,TRUE
"铅钡","25",2,13,-0.0875873889053817,-0.0797127697583871,0.00787461914699465,0.00787461914699465,TRUE
"铅钡","25",2,14,-0.212223176307397,-0.20759599712842,0.0046271791789769,0.0046271791789769,TRUE
"铅钡","25",3,4,-0.353780277873086,-0.36672169023371,-0.0129414123606241,0.0129414123606241,TRUE
"铅钡","25",3,5,0.116030407125434,0.0923764877472422,-0.023653919378192,0.023653919378192,TRUE
"铅钡","25",3,6,0.420627619904456,0.415457346742481,-0.0051702731619741,0.0051702731619741,TRUE
"铅钡","25",3,7,0.00831808266171102,0.033985152764957,0.0256670701032459,0.0256670701032459,TRUE
"铅钡","25",3,8,-0.218551780512528,-0.216246036069909,0.00230574444261925,0.00230574444261925,TRUE
"铅钡","25",3,9,-0.293952217550467,-0.29362509216168,0.000327125388786875,0.000327125388786875,TRUE
"铅钡","25",3,10,-0.0806002332811004,-0.0800286340178176,0.00057159926328286,0.00057159926328286,TRUE
"铅钡","25",3,11,-0.304723869346192,-0.32215308112231,-0.0174292117761189,0.0174292117761189,TRUE
"铅钡","25",3,12,-0.265354112529637,-0.268641207329671,-0.00328709480003408,0.00328709480003408,TRUE
"铅钡","25",3,13,0.0419051642023464,0.0361403435791237,-0.00576482062322269,0.00576482062322269,TRUE
"铅钡","25",3,14,-0.0884794205922686,-0.0956339393805507,-0.00715451878828209,0.00715451878828209,TRUE
"铅钡","25",4,5,-0.0145588989726392,-0.0274216939323876,-0.0128627949597484,0.0128627949597484,TRUE
"铅钡","25",4,6,-0.336293156554504,-0.34274854197629,-0.00645538542178647,0.00645538542178647,TRUE
"铅钡","25",4,7,0.20123829444502,0.216902907656404,0.0156646132113847,0.0156646132113847,TRUE
"铅钡","25",4,8,-0.279482433659153,-0.278115332701307,0.00136710095784626,0.00136710095784626,TRUE
"铅钡","25",4,9,0.123548152930095,0.125320504965519,0.00177235203542396,0.00177235203542396,TRUE
"铅钡","25",4,10,-0.067251732704916,-0.0667702728815561,0.000481459823359898,0.000481459823359898,TRUE
"铅钡","25",4,11,0.168791870606677,0.163784523151162,-0.00500734745551565,0.00500734745551565,TRUE
"铅钡","25",4,12,0.0779470010722535,0.0777499004570973,-0.000197100615156195,0.000197100615156195,TRUE
"铅钡","25",4,13,0.0370674613678593,0.034292882128544,-0.0027745792393153,0.0027745792393153,TRUE
"铅钡","25",4,14,0.0105264263527887,0.00766029983567854,-0.00286612651711019,0.00286612651711019,TRUE
"铅钡","25",5,6,0.410693685597871,0.404980804942229,-0.00571288065564174,0.00571288065564174,TRUE
"铅钡","25",5,7,0.103299298652924,0.143108999761104,0.0398097011081796,0.0398097011081796,TRUE
"铅钡","25",5,8,-0.289825620905861,-0.289103182892091,0.000722438013769588,0.000722438013769588,TRUE
"铅钡","25",5,9,-0.206563347984303,-0.206010203294152,0.000553144690151247,0.000553144690151247,TRUE
"铅钡","25",5,10,-0.52805299936826,-0.536181781815112,-0.00812878244685267,0.00812878244685267,TRUE
"铅钡","25",5,11,-0.027404440648597,-0.0466928767976136,-0.0192884361490166,0.0192884361490166,TRUE
"铅钡","25",5,12,0.0205187220803414,0.0198148601509155,-0.000703861929425932,0.000703861929425932,TRUE
"铅钡","25",5,13,0.0894599362647757,0.0824502843837778,-0.00700965188099786,0.00700965188099786,TRUE
"铅钡","25",5,14,-0.564445233505777,-0.584548005111253,-0.0201027716054752,0.0201027716054752,TRUE
"铅钡","25",6,7,0.203664125537772,0.221520845251356,0.0178567197135839,0.0178567197135839,TRUE
"铅钡","25",6,8,-0.226044414625151,-0.224356914258478,0.00168750036667314,0.00168750036667314,TRUE
"铅钡","25",6,9,-0.266426530914206,-0.265511970523629,0.000914560390577246,0.000914560390577246,TRUE
"铅钡","25",6,10,-0.338008209406635,-0.33824572738235,-0.000237517975714974,0.000237517975714974,TRUE
"铅钡","25",6,11,-0.315828388842643,-0.32530233006965,-0.00947394122700712,0.00947394122700712,TRUE
"铅钡","25",6,12,-0.393605267546621,-0.395136174217625,-0.00153090667100447,0.00153090667100447,TRUE
"铅钡","25",6,13,0.21955960403091,0.217025066188676,-0.00253453784223459,0.00253453784223459,TRUE
"铅钡","25",6,14,-0.476967541457419,-0.482179977307147,-0.00521243584972786,0.00521243584972786,TRUE
"铅钡","25",7,8,-0.496838473763456,-0.511499577452664,-0.0146611036892074,0.0146611036892074,TRUE
"铅钡","25",7,9,-0.0657825007642135,-0.071176667429054,-0.00539416666484042,0.00539416666484042,TRUE
"铅钡","25",7,10,-0.332608832894976,-0.340028472337292,-0.00741963944231655,0.00741963944231655,TRUE
"铅钡","25",7,11,0.112678882230645,0.132689356148503,0.0200104739178588,0.0200104739178588,TRUE
"铅钡","25",7,12,-0.194445224709006,-0.196698852889229,-0.00225362818022296,0.00225362818022296,TRUE
"铅钡","25",7,13,0.218988084043737,0.231208136659047,0.0122200526153098,0.0122200526153098,TRUE
"铅钡","25",7,14,-0.465323564499552,-0.465330501024908,-6.93652535554978e-06,6.93652535554978e-06,TRUE
"铅钡","25",8,9,0.131815321030706,0.131167420484039,-0.000647900546666524,0.000647900546666524,TRUE
"铅钡","25",8,10,0.220831132098425,0.220642575244815,-0.000188556853610189,0.000188556853610189,TRUE
"铅钡","25",8,11,0.0718740967436118,0.0753430666353204,0.00346896989170863,0.00346896989170863,TRUE
"铅钡","25",8,12,0.00906971695505722,0.00925666343223147,0.00018694647717425,0.00018694647717425,TRUE
"铅钡","25",8,13,-0.56732047651293,-0.566730302086747,0.000590174426182921,0.000590174426182921,TRUE
"铅钡","25",8,14,0.386127534481157,0.388195653359016,0.0020681188778589,0.0020681188778589,TRUE
"铅钡","25",9,10,-0.0817406514741246,-0.0819907445626772,-0.000250093088552575,0.000250093088552575,TRUE
"铅钡","25",9,11,0.163515564051569,0.16650542190235,0.00298985785078057,0.00298985785078057,TRUE
"铅钡","25",9,12,0.141694479567348,0.141863792491904,0.000169312924555909,0.000169312924555909,TRUE
"铅钡","25",9,13,0.00429197339331716,0.0053376081804846,0.00104563478716743,0.00104563478716743,TRUE
"铅钡","25",9,14,0.000932984375030425,0.00197795493868534,0.00104497056365492,0.00104497056365492,TRUE
"铅钡","25",10,11,-0.306665140269122,-0.307144993085062,-0.000479852815939985,0.000479852815939985,TRUE
"铅钡","25",10,12,0.00273204655993985,0.00278645025371201,5.44036937721614e-05,5.44036937721614e-05,TRUE
"铅钡","25",10,13,-0.00151100012354863,-0.00107607361522355,0.000434926508325078,0.000434926508325078,TRUE
"铅钡","25",10,14,0.281443293399004,0.282181191709758,0.000737898310754437,0.000737898310754437,TRUE
"铅钡","25",11,12,0.0612725898186707,0.0610185874199802,-0.000254002398690417,0.000254002398690417,TRUE
"铅钡","25",11,13,-0.156849542999958,-0.162008647222653,-0.00515910422269536,0.00515910422269536,TRUE
"铅钡","25",11,14,0.179640675374564,0.176335476521934,-0.00330519885262934,0.00330519885262934,TRUE
"铅钡","25",12,13,-0.136130144878921,-0.136521316786102,-0.000391171907180854,0.000391171907180854,TRUE
"铅钡","25",12,14,0.111754790810533,0.111618071641897,-0.000136719168635502,0.000136719168635502,TRUE
"铅钡","25",13,14,-0.181384208932658,-0.183783020223432,-0.00239881129077435,0.00239881129077435,TRUE
"铅钡","26",1,2,0.387523957612379,0.372766255536463,-0.0147577020759165,0.0147577020759165,TRUE
"铅钡","26",1,3,0.228797605759243,0.325229357075967,0.0964317513167243,0.0964317513167243,TRUE
"铅钡","26",1,4,-0.355658624390269,-0.374940321664427,-0.0192816972741576,0.0192816972741576,TRUE
"铅钡","26",1,5,0.0314736239332106,-0.122965500778068,-0.154439124711279,0.154439124711279,FALSE
"铅钡","26",1,6,0.523569636177258,0.447157127946715,-0.0764125082305425,0.0764125082305425,TRUE
"铅钡","26",1,7,0.00896500867408218,-0.123190023356337,-0.132155032030419,0.132155032030419,FALSE
"铅钡","26",1,8,-0.078807711440175,-0.00506971193575859,0.0737379995044164,0.0737379995044164,TRUE
"铅钡","26",1,9,0.0782389207139882,0.0361145361244169,-0.0421243845895713,0.0421243845895713,TRUE
"铅钡","26",1,10,0.0169940233852727,0.106805239396562,0.0898112160112892,0.0898112160112892,TRUE
"铅钡","26",1,11,-0.442884846754735,-0.44002924811411,0.00285559864062568,0.00285559864062568,TRUE
"铅钡","26",1,12,-0.405414568376801,-0.411210157029647,-0.00579558865284568,0.00579558865284568,TRUE
"铅钡","26",1,13,0.162785470824505,0.116724951376807,-0.0460605194476977,0.0460605194476977,TRUE
"铅钡","26",1,14,-0.393845594224813,-0.172230473726597,0.221615120498216,0.221615120498216,TRUE
"铅钡","26",2,3,0.0597086312240278,0.0637901920370592,0.00408156081303147,0.00408156081303147,TRUE
"铅钡","26",2,4,-0.306707790289593,-0.302478081130365,0.00422970915922899,0.00422970915922899,TRUE
"铅钡","26",2,5,-0.0283363657795519,-0.0789745741904485,-0.0506382084108966,0.0506382084108966,TRUE
"铅钡","26",2,6,0.196520770713179,0.149210018826225,-0.0473107518869533,0.0473107518869533,TRUE
"铅钡","26",2,7,-0.244863554505206,-0.296793595136018,-0.0519300406308125,0.0519300406308125,TRUE
"铅钡","26",2,8,0.00693077503836697,0.0422049337849643,0.0352741587465973,0.0352741587465973,TRUE
"铅钡","26",2,9,-0.179517729608024,-0.195596917724991,-0.0160791881169669,0.0160791881169669,TRUE
"铅钡","26",2,10,0.111941093229568,0.14367734784774,0.0317362546181716,0.0317362546181716,TRUE
"铅钡","26",2,11,-0.655999924925786,-0.648467287892877,0.00753263703290907,0.00753263703290907,TRUE
"铅钡","26",2,12,-0.100383893901076,-0.0840664193900065,0.0163174745110697,0.0163174745110697,TRUE
"铅钡","26",2,13,-0.0875873889053817,-0.109006468054413,-0.0214190791490311,0.0214190791490311,TRUE
"铅钡","26",2,14,-0.212223176307397,-0.154883636070608,0.0573395402367889,0.0573395402367889,TRUE
"铅钡","26",3,4,-0.353780277873086,-0.367922802517109,-0.0141425246440236,0.0141425246440236,TRUE
"铅钡","26",3,5,0.116030407125434,0.12644216168128,0.010411754555846,0.010411754555846,TRUE
"铅钡","26",3,6,0.420627619904456,0.465068008042339,0.0444403881378834,0.0444403881378834,TRUE
"铅钡","26",3,7,0.00831808266171102,0.0109127263731891,0.00259464371147807,0.00259464371147807,TRUE
"铅钡","26",3,8,-0.218551780512528,-0.20946488110083,0.0090868994116981,0.0090868994116981,TRUE
"铅钡","26",3,9,-0.293952217550467,-0.291893815859158,0.00205840169130872,0.00205840169130872,TRUE
"铅钡","26",3,10,-0.0806002332811004,-0.0793266893289804,0.00127354395212001,0.00127354395212001,TRUE
"铅钡","26",3,11,-0.304723869346192,-0.316554924835545,-0.0118310554893531,0.0118310554893531,TRUE
"铅钡","26",3,12,-0.265354112529637,-0.27176385618816,-0.00640974365852276,0.00640974365852276,TRUE
"铅钡","26",3,13,0.0419051642023464,0.0499385809056684,0.00803341670332199,0.00803341670332199,TRUE
"铅钡","26",3,14,-0.0884794205922686,-0.13448807391362,-0.0460086533213514,0.0460086533213514,TRUE
"铅钡","26",4,5,-0.0145588989726392,0.0019711400633016,0.0165300390359408,0.0165300390359408,FALSE
"铅钡","26",4,6,-0.336293156554504,-0.348952650669054,-0.0126594941145505,0.0126594941145505,TRUE
"铅钡","26",4,7,0.20123829444502,0.223030557603979,0.0217922631589594,0.0217922631589594,TRUE
"铅钡","26",4,8,-0.279482433659153,-0.298727736948412,-0.0192453032892587,0.0192453032892587,TRUE
"铅钡","26",4,9,0.123548152930095,0.130163484864943,0.0066153319348476,0.0066153319348476,TRUE
"铅钡","26",4,10,-0.067251732704916,-0.0779254478019489,-0.0106737150970329,0.0106737150970329,TRUE
"铅钡","26",4,11,0.168791870606677,0.162915717016072,-0.00587615359060567,0.00587615359060567,TRUE
"铅钡","26",4,12,0.0779470010722535,0.072446217168122,-0.00550078390413157,0.00550078390413157,TRUE
"铅钡","26",4,13,0.0370674613678593,0.0451773720181951,0.00810991065033579,0.00810991065033579,TRUE
"铅钡","26",4,14,0.0105264263527887,-0.0289087359466421,-0.0394351622994308,0.0394351622994308,FALSE
"铅钡","26",5,6,0.410693685597871,0.326637715698552,-0.0840559698993188,0.0840559698993188,TRUE
"铅钡","26",5,7,0.103299298652924,0.0265068158998348,-0.0767924827530891,0.0767924827530891,TRUE
"铅钡","26",5,8,-0.289825620905861,-0.239012513658446,0.0508131072474151,0.0508131072474151,TRUE
"铅钡","26",5,9,-0.206563347984303,-0.245419598651477,-0.0388562506671739,0.0388562506671739,TRUE
"铅钡","26",5,10,-0.52805299936826,-0.504080873053755,0.0239721263145048,0.0239721263145048,TRUE
"铅钡","26",5,11,-0.027404440648597,0.0173768089397358,0.0447812495883328,0.0447812495883328,FALSE
"铅钡","26",5,12,0.0205187220803414,0.0604270798762146,0.0399083577958732,0.0399083577958732,TRUE
"铅钡","26",5,13,0.0894599362647757,0.0534813559953535,-0.0359785802694222,0.0359785802694222,TRUE
"铅钡","26",5,14,-0.564445233505777,-0.501109114772285,0.0633361187334922,0.0633361187334922,TRUE
"铅钡","26",6,7,0.203664125537772,0.108737952540232,-0.0949261729975405,0.0949261729975405,TRUE
"铅钡","26",6,8,-0.226044414625151,-0.142044125901681,0.0840002887234699,0.0840002887234699,TRUE
"铅钡","26",6,9,-0.266426530914206,-0.332850391271798,-0.0664238603575914,0.0664238603575914,TRUE
"铅钡","26",6,10,-0.338008209406635,-0.290759006738419,0.0472492026682154,0.0472492026682154,TRUE
"铅钡","26",6,11,-0.315828388842643,-0.285712924008225,0.0301154648344179,0.0301154648344179,TRUE
"铅钡","26",6,12,-0.393605267546621,-0.381480028924565,0.0121252386220554,0.0121252386220554,TRUE
"铅钡","26",6,13,0.21955960403091,0.186626433665735,-0.0329331703651751,0.0329331703651751,TRUE
"铅钡","26",6,14,-0.476967541457419,-0.317482451157615,0.159485090299804,0.159485090299804,TRUE
"铅钡","26",7,8,-0.496838473763456,-0.468869091826961,0.0279693819364952,0.0279693819364952,TRUE
"铅钡","26",7,9,-0.0657825007642135,-0.0911955402419677,-0.0254130394777542,0.0254130394777542,TRUE
"铅钡","26",7,10,-0.332608832894976,-0.300273424257792,0.0323354086371844,0.0323354086371844,TRUE
"铅钡","26",7,11,0.112678882230645,0.156312579253074,0.0436336970224294,0.0436336970224294,TRUE
"铅钡","26",7,12,-0.194445224709006,-0.170655586874578,0.0237896378344279,0.0237896378344279,TRUE
"铅钡","26",7,13,0.218988084043737,0.194318557131244,-0.0246695269124931,0.0246695269124931,TRUE
"铅钡","26",7,14,-0.465323564499552,-0.403007153735056,0.0623164107644967,0.0623164107644967,TRUE
"铅钡","26",8,9,0.131815321030706,0.151942855031232,0.0201275340005263,0.0201275340005263,TRUE
"铅钡","26",8,10,0.220831132098425,0.1850470899493,-0.0357840421491247,0.0357840421491247,TRUE
"铅钡","26",8,11,0.0718740967436118,0.041892848999556,-0.0299812477440558,0.0299812477440558,TRUE
"铅钡","26",8,12,0.00906971695505722,-0.0197435635501277,-0.0288132805051849,0.0288132805051849,FALSE
"铅钡","26",8,13,-0.56732047651293,-0.564187255050717,0.00313322146221362,0.00313322146221362,TRUE
"铅钡","26",8,14,0.386127534481157,0.333070440486395,-0.0530570939947623,0.0530570939947623,TRUE
"铅钡","26",9,10,-0.0817406514741246,-0.0687527006829644,0.0129879507911602,0.0129879507911602,TRUE
"铅钡","26",9,11,0.163515564051569,0.178560955030213,0.0150453909786441,0.0150453909786441,TRUE
"铅钡","26",9,12,0.141694479567348,0.153230313614239,0.0115358340468905,0.0115358340468905,TRUE
"铅钡","26",9,13,0.00429197339331716,-0.00786969377415022,-0.0121616671674674,0.0121616671674674,FALSE
"铅钡","26",9,14,0.000932984375030425,0.0677664620064609,0.0668334776314304,0.0668334776314304,TRUE
"铅钡","26",10,11,-0.306665140269122,-0.342402332608951,-0.0357371923398287,0.0357371923398287,TRUE
"铅钡","26",10,12,0.00273204655993985,-0.0200856654504579,-0.0228177120103978,0.0228177120103978,FALSE
"铅钡","26",10,13,-0.00151100012354863,0.0218099837234652,0.0233209838470138,0.0233209838470138,FALSE
"铅钡","26",10,14,0.281443293399004,0.22025718713097,-0.0611861062680337,0.0611861062680337,TRUE
"铅钡","26",11,12,0.0612725898186707,0.0450568078585064,-0.0162157819601643,0.0162157819601643,TRUE
"铅钡","26",11,13,-0.156849542999958,-0.141126886157773,0.0157226568421849,0.0157226568421849,TRUE
"铅钡","26",11,14,0.179640675374564,0.119014587540538,-0.0606260878340257,0.0606260878340257,TRUE
"铅钡","26",12,13,-0.136130144878921,-0.123124893568258,0.0130052513106632,0.0130052513106632,TRUE
"铅钡","26",12,14,0.111754790810533,0.0522163545023398,-0.0595384363081931,0.0595384363081931,TRUE
"铅钡","26",13,14,-0.181384208932658,-0.130717105051994,0.0506671038806636,0.0506671038806636,TRUE
"铅钡","28",1,2,0.387523957612379,0.400428270910242,0.0129043132978624,0.0129043132978624,TRUE
"铅钡","28",1,3,0.228797605759243,0.220964378903497,-0.00783322685574528,0.00783322685574528,TRUE
"铅钡","28",1,4,-0.355658624390269,-0.35624548781907,-0.000586863428800322,0.000586863428800322,TRUE
"铅钡","28",1,5,0.0314736239332106,0.0221230425859266,-0.00935058134728406,0.00935058134728406,TRUE
"铅钡","28",1,6,0.523569636177258,0.521107264762097,-0.00246237141516048,0.00246237141516048,TRUE
"铅钡","28",1,7,0.00896500867408218,0.00387871162799228,-0.0050862970460899,0.0050862970460899,TRUE
"铅钡","28",1,8,-0.078807711440175,-0.0700725784859224,0.00873513295425257,0.00873513295425257,TRUE
"铅钡","28",1,9,0.0782389207139882,0.0951075289991634,0.0168686082851752,0.0168686082851752,TRUE
"铅钡","28",1,10,0.0169940233852727,0.0224492952650653,0.00545527187979264,0.00545527187979264,TRUE
"铅钡","28",1,11,-0.442884846754735,-0.444962941566333,-0.00207809481159804,0.00207809481159804,TRUE
"铅钡","28",1,12,-0.405414568376801,-0.399672684038154,0.00574188433864742,0.00574188433864742,TRUE
"铅钡","28",1,13,0.162785470824505,0.143135996226146,-0.0196494745983593,0.0196494745983593,TRUE
"铅钡","28",1,14,-0.393845594224813,-0.390344644742078,0.00350094948273483,0.00350094948273483,TRUE
"铅钡","28",2,3,0.0597086312240278,0.0723374312097318,0.012628799985704,0.012628799985704,TRUE
"铅钡","28",2,4,-0.306707790289593,-0.309351391360338,-0.00264360107074407,0.00264360107074407,TRUE
"铅钡","28",2,5,-0.0283363657795519,-0.0174289945156795,0.0109073712638723,0.0109073712638723,TRUE
"铅钡","28",2,6,0.196520770713179,0.204428692462326,0.00790792174914715,0.00790792174914715,TRUE
"铅钡","28",2,7,-0.244863554505206,-0.240616475434955,0.00424707907025113,0.00424707907025113,TRUE
"铅钡","28",2,8,0.00693077503836697,-0.00402612774431116,-0.0109569027826781,0.0109569027826781,FALSE
"铅钡","28",2,9,-0.179517729608024,-0.201038478972032,-0.0215207493640082,0.0215207493640082,TRUE
"铅钡","28",2,10,0.111941093229568,0.106519572826719,-0.00542152040284895,0.00542152040284895,TRUE
"铅钡","28",2,11,-0.655999924925786,-0.659165536589028,-0.00316561166324281,0.00316561166324281,TRUE
"铅钡","28",2,12,-0.100383893901076,-0.112913102387373,-0.0125292084862966,0.0125292084862966,TRUE
"铅钡","28",2,13,-0.0875873889053817,-0.0594769215789485,0.0281104673264333,0.0281104673264333,TRUE
"铅钡","28",2,14,-0.212223176307397,-0.220741622158535,-0.00851844585113745,0.00851844585113745,TRUE
"铅钡","28",3,4,-0.353780277873086,-0.355033106821921,-0.00125282894883494,0.00125282894883494,TRUE
"铅钡","28",3,5,0.116030407125434,0.105059661126701,-0.0109707459987331,0.0109707459987331,TRUE
"铅钡","28",3,6,0.420627619904456,0.417057457606179,-0.00357016229827689,0.00357016229827689,TRUE
"铅钡","28",3,7,0.00831808266171102,0.00178548821860912,-0.0065325944431019,0.0065325944431019,TRUE
"铅钡","28",3,8,-0.218551780512528,-0.209025153650139,0.00952662686238925,0.00952662686238925,TRUE
"铅钡","28",3,9,-0.293952217550467,-0.280459308497188,0.013492909053279,0.013492909053279,TRUE
"铅钡","28",3,10,-0.0806002332811004,-0.0743913336773203,0.00620889960378013,0.00620889960378013,TRUE
"铅钡","28",3,11,-0.304723869346192,-0.307127625336679,-0.0024037559904877,0.0024037559904877,TRUE
"铅钡","28",3,12,-0.265354112529637,-0.256108797502845,0.00924531502679143,0.00924531502679143,TRUE
"铅钡","28",3,13,0.0419051642023464,0.00786884827900844,-0.034036315923338,0.034036315923338,TRUE
"铅钡","28",3,14,-0.0884794205922686,-0.081619967845983,0.0068594527462856,0.0068594527462856,TRUE
"铅钡","28",4,5,-0.0145588989726392,-0.0136212383813293,0.000937660591309864,0.000937660591309864,TRUE
"铅钡","28",4,6,-0.336293156554504,-0.33637105865693,-7.79021024264748e-05,7.79021024264748e-05,TRUE
"铅钡","28",4,7,0.20123829444502,0.202123931617278,0.000885637172258813,0.000885637172258813,TRUE
"铅钡","28",4,8,-0.279482433659153,-0.282075226903256,-0.00259279324410305,0.00259279324410305,TRUE
"铅钡","28",4,9,0.123548152930095,0.123745213820983,0.00019706089088728,0.00019706089088728,TRUE
"铅钡","28",4,10,-0.067251732704916,-0.0679430032835814,-0.000691270578665373,0.000691270578665373,TRUE
"铅钡","28",4,11,0.168791870606677,0.168833520678757,4.16500720791246e-05,4.16500720791246e-05,TRUE
"铅钡","28",4,12,0.0779470010722535,0.0773802662270179,-0.000566734845235631,0.000566734845235631,TRUE
"铅钡","28",4,13,0.0370674613678593,0.0418851008652535,0.00481763949739417,0.00481763949739417,TRUE
"铅钡","28",4,14,0.0105264263527887,0.00992065627593901,-0.000605770076849716,0.000605770076849716,TRUE
"铅钡","28",5,6,0.410693685597871,0.407149862763608,-0.00354382283426297,0.00354382283426297,TRUE
"铅钡","28",5,7,0.103299298652924,0.0978535822779847,-0.00544571637493922,0.00544571637493922,TRUE
"铅钡","28",5,8,-0.289825620905861,-0.281661803303309,0.00816381760255236,0.00816381760255236,TRUE
"铅钡","28",5,9,-0.206563347984303,-0.192188104740023,0.0143752432442804,0.0143752432442804,TRUE
"铅钡","28",5,10,-0.52805299936826,-0.525600332352382,0.00245266701587765,0.00245266701587765,TRUE
"铅钡","28",5,11,-0.027404440648597,-0.0279423878245226,-0.000537947175925656,0.000537947175925656,TRUE
"铅钡","28",5,12,0.0205187220803414,0.0326243407207929,0.0121056186404515,0.0121056186404515,TRUE
"铅钡","28",5,13,0.0894599362647757,0.0601149298911918,-0.0293450063735839,0.0293450063735839,TRUE
"铅钡","28",5,14,-0.564445233505777,-0.561795897223205,0.00264933628257213,0.00264933628257213,TRUE
"铅钡","28",6,7,0.203664125537772,0.200812308304381,-0.00285181723339084,0.00285181723339084,TRUE
"铅钡","28",6,8,-0.226044414625151,-0.221134257198095,0.00491015742705589,0.00491015742705589,TRUE
"铅钡","28",6,9,-0.266426530914206,-0.260137243657733,0.00628928725647304,0.00628928725647304,TRUE
"铅钡","28",6,10,-0.338008209406635,-0.335534816081,0.00247339332563529,0.00247339332563529,TRUE
"铅钡","28",6,11,-0.315828388842643,-0.316660870949944,-0.000832482107300747,0.000832482107300747,TRUE
"铅钡","28",6,12,-0.393605267546621,-0.389898409136094,0.00370685841052631,0.00370685841052631,TRUE
"铅钡","28",6,13,0.21955960403091,0.211017913356725,-0.00854169067418528,0.00854169067418528,TRUE
"铅钡","28",6,14,-0.476967541457419,-0.47480286218449,0.00216467927292946,0.00216467927292946,TRUE
"铅钡","28",7,8,-0.496838473763456,-0.494349907901824,0.00248856586163188,0.00248856586163188,TRUE
"铅钡","28",7,9,-0.0657825007642135,-0.0569487587588166,0.00883374200539694,0.00883374200539694,TRUE
"铅钡","28",7,10,-0.332608832894976,-0.330307925256657,0.00230090763831858,0.00230090763831858,TRUE
"铅钡","28",7,11,0.112678882230645,0.112664764012719,-1.41182179254629e-05,1.41182179254629e-05,TRUE
"铅钡","28",7,12,-0.194445224709006,-0.189626726224608,0.0048184984843975,0.0048184984843975,TRUE
"铅钡","28",7,13,0.218988084043737,0.211876110312726,-0.00711197373101116,0.00711197373101116,TRUE
"铅钡","28",7,14,-0.465323564499552,-0.46329644716074,0.00202711733881283,0.00202711733881283,TRUE
"铅钡","28",8,9,0.131815321030706,0.116188182845109,-0.0156271381855966,0.0156271381855966,TRUE
"铅钡","28",8,10,0.220831132098425,0.216099142822437,-0.004731989275988,0.004731989275988,TRUE
"铅钡","28",8,11,0.0718740967436118,0.0726509576355744,0.000776860891962605,0.000776860891962605,TRUE
"铅钡","28",8,12,0.00906971695505722,-0.00248344184708089,-0.0115531588021381,0.0115531588021381,FALSE
"铅钡","28",8,13,-0.56732047651293,-0.564795951615209,0.00252452489772137,0.00252452489772137,TRUE
"铅钡","28",8,14,0.386127534481157,0.382088618581204,-0.00403891589995287,0.00403891589995287,TRUE
"铅钡","28",9,10,-0.0817406514741246,-0.0934346571375744,-0.0116940056634498,0.0116940056634498,TRUE
"铅钡","28",9,11,0.163515564051569,0.166531105385368,0.00301554133379875,0.00301554133379875,TRUE
"铅钡","28",9,12,0.141694479567348,0.125738389779975,-0.0159560897873731,0.0159560897873731,TRUE
"铅钡","28",9,13,0.00429197339331716,0.059208634805867,0.0549166614125498,0.0549166614125498,TRUE
"铅钡","28",9,14,0.000932984375030425,-0.0105219911638759,-0.0114549755389063,0.0114549755389063,FALSE
"铅钡","28",10,11,-0.306665140269122,-0.307008441090777,-0.000343300821655124,0.000343300821655124,TRUE
"铅钡","28",10,12,0.00273204655993985,-0.00382471870366403,-0.00655676526360388,0.00655676526360388,FALSE
"铅钡","28",10,13,-0.00151100012354863,0.0174207287414099,0.0189317288649586,0.0189317288649586,FALSE
"铅钡","28",10,14,0.281443293399004,0.278581868455903,-0.00286142494310132,0.00286142494310132,TRUE
"铅钡","28",11,12,0.0612725898186707,0.0620237491443765,0.000751159325705873,0.000751159325705873,TRUE
"铅钡","28",11,13,-0.156849542999958,-0.165647944341081,-0.008798401341123,0.008798401341123,TRUE
"铅钡","28",11,14,0.179640675374564,0.180271547001108,0.000630871626544072,0.000630871626544072,TRUE
"铅钡","28",12,13,-0.136130144878921,-0.108897086618332,0.0272330582605898,0.0272330582605898,TRUE
"铅钡","28",12,14,0.111754790810533,0.105375529390514,-0.00637926142001895,0.00637926142001895,TRUE
"铅钡","28",13,14,-0.181384208932658,-0.169608333673063,0.0117758752595948,0.0117758752595948,TRUE
"铅钡","29",1,2,0.387523957612379,0.387825006354723,0.000301048742343601,0.000301048742343601,TRUE
"铅钡","29",1,3,0.228797605759243,0.22771455139716,-0.00108305436208275,0.00108305436208275,TRUE
"铅钡","29",1,4,-0.355658624390269,-0.357239757442668,-0.00158113305239876,0.00158113305239876,TRUE
"铅钡","29",1,5,0.0314736239332106,0.0290209033092637,-0.00245272062394695,0.00245272062394695,TRUE
"铅钡","29",1,6,0.523569636177258,0.533725377991561,0.0101557418143038,0.0101557418143038,TRUE
"铅钡","29",1,7,0.00896500867408218,0.00698988676422074,-0.00197512190986145,0.00197512190986145,TRUE
"铅钡","29",1,8,-0.078807711440175,-0.0776397555039715,0.00116795593620353,0.00116795593620353,TRUE
"铅钡","29",1,9,0.0782389207139882,0.0894890683567234,0.0112501476427352,0.0112501476427352,TRUE
"铅钡","29",1,10,0.0169940233852727,0.0206286855071006,0.00363466212182789,0.00363466212182789,TRUE
"铅钡","29",1,11,-0.442884846754735,-0.44259598003763,0.000288866717105207,0.000288866717105207,TRUE
"铅钡","29",1,12,-0.405414568376801,-0.404884433007706,0.000530135369095464,0.000530135369095464,TRUE
"铅钡","29",1,13,0.162785470824505,0.16713688233592,0.00435141151141494,0.00435141151141494,TRUE
"铅钡","29",1,14,-0.393845594224813,-0.39348998048206,0.000355613742753336,0.000355613742753336,TRUE
"铅钡","29",2,3,0.0597086312240278,0.0479966209703667,-0.0117120102536611,0.0117120102536611,TRUE
"铅钡","29",2,4,-0.306707790289593,-0.315519160140918,-0.00881136985132447,0.00881136985132447,TRUE
"铅钡","29",2,5,-0.0283363657795519,-0.0435798433517429,-0.015243477572191,0.015243477572191,TRUE
"铅钡","29",2,6,0.196520770713179,0.17284788580056,-0.0236728849126191,0.0236728849126191,TRUE
"铅钡","29",2,7,-0.244863554505206,-0.25891582136801,-0.0140522668628042,0.0140522668628042,TRUE
"铅钡","29",2,8,0.00693077503836697,0.0143084953691615,0.00737772033079451,0.00737772033079451,TRUE
"铅钡","29",2,9,-0.179517729608024,-0.149483670927597,0.0300340586804272,0.0300340586804272,TRUE
"铅钡","29",2,10,0.111941093229568,0.133150154108431,0.0212090608788631,0.0212090608788631,TRUE
"铅钡","29",2,11,-0.655999924925786,-0.653174740391559,0.00282518453422687,0.00282518453422687,TRUE
"铅钡","29",2,12,-0.100383893901076,-0.0949726022149706,0.00541129168610559,0.00541129168610559,TRUE
"铅钡","29",2,13,-0.0875873889053817,-0.0726617168774269,0.0149256720279549,0.0149256720279549,TRUE
"铅钡","29",2,14,-0.212223176307397,-0.203346144358807,0.00887703194859019,0.00887703194859019,TRUE
"铅钡","29",3,4,-0.353780277873086,-0.360589184771942,-0.00680890689885638,0.00680890689885638,TRUE
"铅钡","29",3,5,0.116030407125434,0.105835923752583,-0.0101944833728511,0.0101944833728511,TRUE
"铅钡","29",3,6,0.420627619904456,0.411006272939236,-0.00962134696521943,0.00962134696521943,TRUE
"铅钡","29",3,7,0.00831808266171102,-0.000296991263541282,-0.0086150739252523,0.0086150739252523,FALSE
"铅钡","29",3,8,-0.218551780512528,-0.214279420114511,0.00427236039801754,0.00427236039801754,TRUE
"铅钡","29",3,9,-0.293952217550467,-0.278568254098624,0.0153839634518428,0.0153839634518428,TRUE
"铅钡","29",3,10,-0.0806002332811004,-0.0670566521072786,0.0135435811738219,0.0135435811738219,TRUE
"铅钡","29",3,11,-0.304723869346192,-0.299243992104935,0.00547987724125604,0.00547987724125604,TRUE
"铅钡","29",3,12,-0.265354112529637,-0.262034915180209,0.00331919734942743,0.00331919734942743,TRUE
"铅钡","29",3,13,0.0419051642023464,0.0552117179104118,0.0133065537080653,0.0133065537080653,TRUE
"铅钡","29",3,14,-0.0884794205922686,-0.0803518960301944,0.00812752456207423,0.00812752456207423,TRUE
"铅钡","29",4,5,-0.0145588989726392,-0.0202456579552022,-0.005686758982563,0.005686758982563,TRUE
"铅钡","29",4,6,-0.336293156554504,-0.358440400310346,-0.022147243755842,0.022147243755842,TRUE
"铅钡","29",4,7,0.20123829444502,0.198057246910504,-0.00318104753451545,0.00318104753451545,TRUE
"铅钡","29",4,8,-0.279482433659153,-0.277517303380998,0.0019651302781552,0.0019651302781552,TRUE
"铅钡","29",4,9,0.123548152930095,0.145101549976628,0.0215533970465322,0.0215533970465322,TRUE
"铅钡","29",4,10,-0.067251732704916,-0.0609283482710891,0.00632338443382686,0.00632338443382686,TRUE
"铅钡","29",4,11,0.168791870606677,0.173364643632796,0.00457277302611828,0.00457277302611828,TRUE
"铅钡","29",4,12,0.0779470010722535,0.0805151413349965,0.00256814026274299,0.00256814026274299,TRUE
"铅钡","29",4,13,0.0370674613678593,0.0435663567401472,0.00649889537228783,0.00649889537228783,TRUE
"铅钡","29",4,14,0.0105264263527887,0.0148815381355102,0.00435511178272143,0.00435511178272143,TRUE
"铅钡","29",5,6,0.410693685597871,0.397007477558127,-0.0136862080397433,0.0136862080397433,TRUE
"铅钡","29",5,7,0.103299298652924,0.0940901216246958,-0.00920917702822811,0.00920917702822811,TRUE
"铅钡","29",5,8,-0.289825620905861,-0.285525445478839,0.0043001754270216,0.0043001754270216,TRUE
"铅钡","29",5,9,-0.206563347984303,-0.18086624495295,0.0256971030313534,0.0256971030313534,TRUE
"铅钡","29",5,10,-0.52805299936826,-0.520019921471536,0.00803307789672403,0.00803307789672403,TRUE
"铅钡","29",5,11,-0.027404440648597,-0.0182368659763427,0.00916757467225425,0.00916757467225425,TRUE
"铅钡","29",5,12,0.0205187220803414,0.0265535269011877,0.00603480482084632,0.00603480482084632,TRUE
"铅钡","29",5,13,0.0894599362647757,0.105967389562077,0.0165074532973013,0.0165074532973013,TRUE
"铅钡","29",5,14,-0.564445233505777,-0.560030417239469,0.00441481626630846,0.00441481626630846,TRUE
"铅钡","29",6,7,0.203664125537772,0.188870742313316,-0.014793383224456,0.014793383224456,TRUE
"铅钡","29",6,8,-0.226044414625151,-0.218956947980033,0.00708746664511797,0.00708746664511797,TRUE
"铅钡","29",6,9,-0.266426530914206,-0.209256965546722,0.0571695653674843,0.0571695653674843,TRUE
"铅钡","29",6,10,-0.338008209406635,-0.314960582587954,0.023047626818681,0.023047626818681,TRUE
"铅钡","29",6,11,-0.315828388842643,-0.306465628150977,0.00936276069166636,0.00936276069166636,TRUE
"铅钡","29",6,12,-0.393605267546621,-0.393535686570267,6.95809763530675e-05,6.95809763530675e-05,TRUE
"铅钡","29",6,13,0.21955960403091,0.2598383241446,0.0402787201136899,0.0402787201136899,TRUE
"铅钡","29",6,14,-0.476967541457419,-0.470952014146972,0.00601552731044774,0.00601552731044774,TRUE
"铅钡","29",7,8,-0.496838473763456,-0.494504592657978,0.0023338811054785,0.0023338811054785,TRUE
"铅钡","29",7,9,-0.0657825007642135,-0.0411357363999983,0.0246467643642153,0.0246467643642153,TRUE
"铅钡","29",7,10,-0.332608832894976,-0.3243998557739,0.00820897712107599,0.00820897712107599,TRUE
"铅钡","29",7,11,0.112678882230645,0.120583217575612,0.00790433534496766,0.00790433534496766,TRUE
"铅钡","29",7,12,-0.194445224709006,-0.191030362930903,0.00341486177810299,0.00341486177810299,TRUE
"铅钡","29",7,13,0.218988084043737,0.233053581778238,0.0140654977345005,0.0140654977345005,TRUE
"铅钡","29",7,14,-0.465323564499552,-0.461066097411903,0.00425746708764896,0.00425746708764896,TRUE
"铅钡","29",8,9,0.131815321030706,0.120137093877049,-0.011678227153656,0.011678227153656,TRUE
"铅钡","29",8,10,0.220831132098425,0.214993962391923,-0.00583716970650205,0.00583716970650205,TRUE
"铅钡","29",8,11,0.0718740967436118,0.0675692353079758,-0.00430486143563603,0.00430486143563603,TRUE
"铅钡","29",8,12,0.00906971695505722,0.00620166010460805,-0.00286805685044917,0.00286805685044917,TRUE
"铅钡","29",8,13,-0.56732047651293,-0.580467138994778,-0.013146662481848,0.013146662481848,TRUE
"铅钡","29",8,14,0.386127534481157,0.383124662293775,-0.00300287218738254,0.00300287218738254,TRUE
"铅钡","29",9,10,-0.0817406514741246,-0.13499648135253,-0.0532558298784056,0.0532558298784056,TRUE
"铅钡","29",9,11,0.163515564051569,0.146435208480465,-0.0170803555711042,0.0170803555711042,TRUE
"铅钡","29",9,12,0.141694479567348,0.132926798079804,-0.00876768148754428,0.00876768148754428,TRUE
"铅钡","29",9,13,0.00429197339331716,-0.0368568826909153,-0.0411488560842325,0.0411488560842325,FALSE
"铅钡","29",9,14,0.000932984375030425,-0.0279736662967195,-0.0289066506717499,0.0289066506717499,FALSE
"铅钡","29",10,11,-0.306665140269122,-0.323261531580275,-0.0165963913111533,0.0165963913111533,TRUE
"铅钡","29",10,12,0.00273204655993985,-0.00477440219888831,-0.00750644875882816,0.00750644875882816,FALSE
"铅钡","29",10,13,-0.00151100012354863,-0.0210022063685235,-0.0194912062449749,0.0194912062449749,TRUE
"铅钡","29",10,14,0.281443293399004,0.272163209396044,-0.00928008400296026,0.00928008400296026,TRUE
"铅钡","29",11,12,0.0612725898186707,0.0575096780975614,-0.00376291172110924,0.00376291172110924,TRUE
"铅钡","29",11,13,-0.156849542999958,-0.169091812068092,-0.0122422690681341,0.0122422690681341,TRUE
"铅钡","29",11,14,0.179640675374564,0.173668330199804,-0.00597234517475972,0.00597234517475972,TRUE
"铅钡","29",12,13,-0.136130144878921,-0.14391231390475,-0.00778216902582843,0.00778216902582843,TRUE
"铅钡","29",12,14,0.111754790810533,0.107821308600185,-0.00393348221034763,0.00393348221034763,TRUE
"铅钡","29",13,14,-0.181384208932658,-0.195332097054125,-0.0139478881214672,0.0139478881214672,TRUE
"铅钡","30",1,2,0.387523957612379,0.385279534145181,-0.00224442346719778,0.00224442346719778,TRUE
"铅钡","30",1,3,0.228797605759243,0.251020756271649,0.0222231505124063,0.0222231505124063,TRUE
"铅钡","30",1,4,-0.355658624390269,-0.353221547264592,0.00243707712567709,0.00243707712567709,TRUE
"铅钡","30",1,5,0.0314736239332106,0.0373415077683951,0.00586788383518443,0.00586788383518443,TRUE
"铅钡","30",1,6,0.523569636177258,0.526750399033999,0.00318076285674151,0.00318076285674151,TRUE
"铅钡","30",1,7,0.00896500867408218,0.0226894284154422,0.01372441974136,0.01372441974136,TRUE
"铅钡","30",1,8,-0.078807711440175,-0.122103916916907,-0.0432962054767324,0.0432962054767324,TRUE
"铅钡","30",1,9,0.0782389207139882,0.0784663613825169,0.000227440668528728,0.000227440668528728,TRUE
"铅钡","30",1,10,0.0169940233852727,0.0185926422065398,0.00159861882126708,0.00159861882126708,TRUE
"铅钡","30",1,11,-0.442884846754735,-0.471478668891369,-0.0285938221366332,0.0285938221366332,TRUE
"铅钡","30",1,12,-0.405414568376801,-0.404006376100293,0.0014081922765084,0.0014081922765084,TRUE
"铅钡","30",1,13,0.162785470824505,0.228891383066094,0.0661059122415885,0.0661059122415885,TRUE
"铅钡","30",1,14,-0.393845594224813,-0.400822893303424,-0.00697729907861083,0.00697729907861083,TRUE
"铅钡","30",2,3,0.0597086312240278,0.0789978805142985,0.0192892492902708,0.0192892492902708,TRUE
"铅钡","30",2,4,-0.306707790289593,-0.28844768751549,0.0182601027741031,0.0182601027741031,TRUE
"铅钡","30",2,5,-0.0283363657795519,-0.0119253580781013,0.0164110077014506,0.0164110077014506,TRUE
"铅钡","30",2,6,0.196520770713179,0.205100545368084,0.00857977465490548,0.00857977465490548,TRUE
"铅钡","30",2,7,-0.244863554505206,-0.214163753065298,0.0306998014399076,0.0306998014399076,TRUE
"铅钡","30",2,8,0.00693077503836697,-0.0859405595343111,-0.092871334572678,0.092871334572678,FALSE
"铅钡","30",2,9,-0.179517729608024,-0.181284076724846,-0.00176634711682169,0.00176634711682169,TRUE
"铅钡","30",2,10,0.111941093229568,0.118372503337305,0.00643141010773647,0.00643141010773647,TRUE
"铅钡","30",2,11,-0.655999924925786,-0.717352188979997,-0.0613522640542109,0.0613522640542109,TRUE
"铅钡","30",2,12,-0.100383893901076,-0.090667808959945,0.00971608494113119,0.00971608494113119,TRUE
"铅钡","30",2,13,-0.0875873889053817,-0.00411851665954593,0.0834688722458358,0.0834688722458358,TRUE
"铅钡","30",2,14,-0.212223176307397,-0.230571718883454,-0.0183485425760565,0.0183485425760565,TRUE
"铅钡","30",3,4,-0.353780277873086,-0.399347467663662,-0.0455671897905763,0.0455671897905763,TRUE
"铅钡","30",3,5,0.116030407125434,0.100458000927129,-0.0155724061983049,0.0155724061983049,TRUE
"铅钡","30",3,6,0.420627619904456,0.436972103717104,0.0163444838126483,0.0163444838126483,TRUE
"铅钡","30",3,7,0.00831808266171102,-0.0136662445964255,-0.0219843272581365,0.0219843272581365,FALSE
"铅钡","30",3,8,-0.218551780512528,-0.212297963731745,0.0062538167807836,0.0062538167807836,TRUE
"铅钡","30",3,9,-0.293952217550467,-0.313702028827394,-0.0197498112769267,0.0197498112769267,TRUE
"铅钡","30",3,10,-0.0806002332811004,-0.0885538517003791,-0.0079536184192787,0.0079536184192787,TRUE
"铅钡","30",3,11,-0.304723869346192,-0.245185552558176,0.0595383167880159,0.0595383167880159,TRUE
"铅钡","30",3,12,-0.265354112529637,-0.279337598510656,-0.0139834859810191,0.0139834859810191,TRUE
"铅钡","30",3,13,0.0419051642023464,-0.00763445125628107,-0.0495396154586275,0.0495396154586275,FALSE
"铅钡","30",3,14,-0.0884794205922686,-0.0844903323202626,0.003989088272006,0.003989088272006,TRUE
"铅钡","30",4,5,-0.0145588989726392,-0.0345201264796168,-0.0199612275069776,0.0199612275069776,TRUE
"铅钡","30",4,6,-0.336293156554504,-0.348853403079467,-0.0125602465249628,0.0125602465249628,TRUE
"铅钡","30",4,7,0.20123829444502,0.162427899995472,-0.0388103944495481,0.0388103944495481,TRUE
"铅钡","30",4,8,-0.279482433659153,-0.225506603408931,0.0539758302502215,0.0539758302502215,TRUE
"铅钡","30",4,9,0.123548152930095,0.125076488699729,0.00152833576963342,0.00152833576963342,TRUE
"铅钡","30",4,10,-0.067251732704916,-0.0741731412970501,-0.00692140859213414,0.00692140859213414,TRUE
"铅钡","30",4,11,0.168791870606677,0.210999484584405,0.0422076139777278,0.0422076139777278,TRUE
"铅钡","30",4,12,0.0779470010722535,0.0665859228147294,-0.0113610782575242,0.0113610782575242,TRUE
"铅钡","30",4,13,0.0370674613678593,-0.0731942573684751,-0.110261718736334,0.110261718736334,FALSE
"铅钡","30",4,14,0.0105264263527887,0.0279059792593781,0.0173795529065894,0.0173795529065894,TRUE
"铅钡","30",5,6,0.410693685597871,0.408773515882687,-0.00192016971518311,0.00192016971518311,TRUE
"铅钡","30",5,7,0.103299298652924,0.0766930892759059,-0.026606209377018,0.026606209377018,TRUE
"铅钡","30",5,8,-0.289825620905861,-0.274198682089137,0.0156269388167242,0.0156269388167242,TRUE
"铅钡","30",5,9,-0.206563347984303,-0.208377708517582,-0.00181436053327819,0.00181436053327819,TRUE
"铅钡","30",5,10,-0.52805299936826,-0.535714920557234,-0.0076619211889748,0.0076619211889748,TRUE
"铅钡","30",5,11,-0.027404440648597,-0.000209162720625875,0.0271952779279711,0.0271952779279711,TRUE
"铅钡","30",5,12,0.0205187220803414,0.0135895372108501,-0.00692918486949136,0.00692918486949136,TRUE
"铅钡","30",5,13,0.0894599362647757,0.0335401203429397,-0.0559198159218359,0.0559198159218359,TRUE
"铅钡","30",5,14,-0.564445233505777,-0.560073270332351,0.00437196317342659,0.00437196317342659,TRUE
"铅钡","30",6,7,0.203664125537772,0.20075105809824,-0.00291306743953226,0.00291306743953226,TRUE
"铅钡","30",6,8,-0.226044414625151,-0.241234920029482,-0.0151905054043304,0.0151905054043304,TRUE
"铅钡","30",6,9,-0.266426530914206,-0.266844409626273,-0.000417878712066444,0.000417878712066444,TRUE
"铅钡","30",6,10,-0.338008209406635,-0.339872460420031,-0.00186425101339655,0.00186425101339655,TRUE
"铅钡","30",6,11,-0.315828388842643,-0.317387203001125,-0.00155881415848208,0.00155881415848208,TRUE
"铅钡","30",6,12,-0.393605267546621,-0.397722820166761,-0.00411755262014024,0.00411755262014024,TRUE
"铅钡","30",6,13,0.21955960403091,0.238485932584382,0.0189263285534718,0.0189263285534718,TRUE
"铅钡","30",6,14,-0.476967541457419,-0.475733154752341,0.00123438670507831,0.00123438670507831,TRUE
"铅钡","30",7,8,-0.496838473763456,-0.430022475103802,0.0668159986596539,0.0668159986596539,TRUE
"铅钡","30",7,9,-0.0657825007642135,-0.068918524280249,-0.00313602351603547,0.00313602351603547,TRUE
"铅钡","30",7,10,-0.332608832894976,-0.355997415692842,-0.0233885827978664,0.0233885827978664,TRUE
"铅钡","30",7,11,0.112678882230645,0.171528973432041,0.0588500912013967,0.0588500912013967,TRUE
"铅钡","30",7,12,-0.194445224709006,-0.22470954252497,-0.0302643178159642,0.0302643178159642,TRUE
"铅钡","30",7,13,0.218988084043737,0.0798203798741237,-0.139167704169614,0.139167704169614,TRUE
"铅钡","30",7,14,-0.465323564499552,-0.458310252901217,0.00701331159833518,0.00701331159833518,TRUE
"铅钡","30",8,9,0.131815321030706,0.156379998055677,0.0245646770249718,0.0245646770249718,TRUE
"铅钡","30",8,10,0.220831132098425,0.281078220648363,0.0602470885499375,0.0602470885499375,TRUE
"铅钡","30",8,11,0.0718740967436118,-0.0266229706934096,-0.0984970674370214,0.0984970674370214,FALSE
"铅钡","30",8,12,0.00906971695505722,0.0566668878806633,0.0475971709256061,0.0475971709256061,TRUE
"铅钡","30",8,13,-0.56732047651293,-0.385097265264384,0.182223211248546,0.182223211248546,TRUE
"铅钡","30",8,14,0.386127534481157,0.395751117400609,0.00962358291945181,0.00962358291945181,TRUE
"铅钡","30",9,10,-0.0817406514741246,-0.0818464911977759,-0.000105839723651274,0.000105839723651274,TRUE
"铅钡","30",9,11,0.163515564051569,0.171273944249581,0.00775838019801181,0.00775838019801181,TRUE
"铅钡","30",9,12,0.141694479567348,0.142156302734188,0.000461823166840208,0.000461823166840208,TRUE
"铅钡","30",9,13,0.00429197339331716,0.00399407513424215,-0.000297898259075019,0.000297898259075019,TRUE
"铅钡","30",9,14,0.000932984375030425,0.00112412346717687,0.000191139092146448,0.000191139092146448,TRUE
"铅钡","30",10,11,-0.306665140269122,-0.312793688062933,-0.00612854779381072,0.00612854779381072,TRUE
"铅钡","30",10,12,0.00273204655993985,0.000233307117958256,-0.00249873944198159,0.00249873944198159,TRUE
"铅钡","30",10,13,-0.00151100012354863,-0.0246931231963329,-0.0231821230727842,0.0231821230727842,TRUE
"铅钡","30",10,14,0.281443293399004,0.286262285097127,0.0048189916981235,0.0048189916981235,TRUE
"铅钡","30",11,12,0.0612725898186707,0.0710264198273116,0.00975383000864098,0.00975383000864098,TRUE
"铅钡","30",11,13,-0.156849542999958,-0.0749477137744124,0.0819018292255451,0.0819018292255451,TRUE
"铅钡","30",11,14,0.179640675374564,0.169290008204354,-0.0103506671702095,0.0103506671702095,TRUE
"铅钡","30",12,13,-0.136130144878921,-0.215871519205283,-0.0797413743263619,0.0797413743263619,TRUE
"铅钡","30",12,14,0.111754790810533,0.119895612763686,0.00814082195315267,0.00814082195315267,TRUE
"铅钡","30",13,14,-0.181384208932658,-0.153585730311891,0.0277984786207665,0.0277984786207665,TRUE
"铅钡","31",1,2,0.387523957612379,0.40147594708971,0.0139519894773313,0.0139519894773313,TRUE
"铅钡","31",1,3,0.228797605759243,0.248700244800635,0.0199026390413921,0.0199026390413921,TRUE
"铅钡","31",1,4,-0.355658624390269,-0.360052791701309,-0.00439416731103914,0.00439416731103914,TRUE
"铅钡","31",1,5,0.0314736239332106,0.0206215725032861,-0.0108520514299245,0.0108520514299245,TRUE
"铅钡","31",1,6,0.523569636177258,0.526640206880877,0.0030705707036196,0.0030705707036196,TRUE
"铅钡","31",1,7,0.00896500867408218,-0.0179560148910447,-0.0269210235651268,0.0269210235651268,FALSE
"铅钡","31",1,8,-0.078807711440175,-0.0722692214663155,0.00653848997385947,0.00653848997385947,TRUE
"铅钡","31",1,9,0.0782389207139882,0.0957206479829524,0.0174817272689643,0.0174817272689643,TRUE
"铅钡","31",1,10,0.0169940233852727,0.0238789543154069,0.00688493093013422,0.00688493093013422,TRUE
"铅钡","31",1,11,-0.442884846754735,-0.449988218427622,-0.0071033716728866,0.0071033716728866,TRUE
"铅钡","31",1,12,-0.405414568376801,-0.410641493473505,-0.00522692509670419,0.00522692509670419,TRUE
"铅钡","31",1,13,0.162785470824505,0.171029490081089,0.0082440192565843,0.0082440192565843,TRUE
"铅钡","31",1,14,-0.393845594224813,-0.390670907849612,0.0031746863752013,0.0031746863752013,TRUE
"铅钡","31",2,3,0.0597086312240278,0.0458478240621598,-0.013860807161868,0.013860807161868,TRUE
"铅钡","31",2,4,-0.306707790289593,-0.306002985618454,0.000704804671139481,0.000704804671139481,TRUE
"铅钡","31",2,5,-0.0283363657795519,-0.0182202698905748,0.0101160958889771,0.0101160958889771,TRUE
"铅钡","31",2,6,0.196520770713179,0.197207859087159,0.00068708837398046,0.00068708837398046,TRUE
"铅钡","31",2,7,-0.244863554505206,-0.228979693363505,0.0158838611417011,0.0158838611417011,TRUE
"铅钡","31",2,8,0.00693077503836697,0.000334441629725636,-0.00659633340864133,0.00659633340864133,TRUE
"铅钡","31",2,9,-0.179517729608024,-0.19748913916752,-0.0179714095594964,0.0179714095594964,TRUE
"铅钡","31",2,10,0.111941093229568,0.10642010910897,-0.00552098412059852,0.00552098412059852,TRUE
"铅钡","31",2,11,-0.655999924925786,-0.655602985842811,0.000396939082974446,0.000396939082974446,TRUE
"铅钡","31",2,12,-0.100383893901076,-0.0982098152364594,0.00217407866461684,0.00217407866461684,TRUE
"铅钡","31",2,13,-0.0875873889053817,-0.0946960922569159,-0.00710870335153413,0.00710870335153413,TRUE
"铅钡","31",2,14,-0.212223176307397,-0.219084348553094,-0.00686117224569704,0.00686117224569704,TRUE
"铅钡","31",3,4,-0.353780277873086,-0.354503452044751,-0.000723174171665342,0.000723174171665342,TRUE
"铅钡","31",3,5,0.116030407125434,0.134622402358174,0.0185919952327395,0.0185919952327395,TRUE
"铅钡","31",3,6,0.420627619904456,0.425197956985148,0.00457033708069243,0.00457033708069243,TRUE
"铅钡","31",3,7,0.00831808266171102,0.0489891705664254,0.0406710879047144,0.0406710879047144,TRUE
"铅钡","31",3,8,-0.218551780512528,-0.232199590904632,-0.0136478103921035,0.0136478103921035,TRUE
"铅钡","31",3,9,-0.293952217550467,-0.324764618054494,-0.030812400504027,0.030812400504027,TRUE
"铅钡","31",3,10,-0.0806002332811004,-0.0916991422764175,-0.0110989089953171,0.0110989089953171,TRUE
"铅钡","31",3,11,-0.304723869346192,-0.30216894176187,0.00255492758432119,0.00255492758432119,TRUE
"铅钡","31",3,12,-0.265354112529637,-0.26430864567287,0.00104546685676654,0.00104546685676654,TRUE
"铅钡","31",3,13,0.0419051642023464,0.0321576958287106,-0.00974746837363578,0.00974746837363578,TRUE
"铅钡","31",3,14,-0.0884794205922686,-0.098444595499171,-0.00996517490690238,0.00996517490690238,TRUE
"铅钡","31",4,5,-0.0145588989726392,-0.0171163514599542,-0.00255745248731505,0.00255745248731505,TRUE
"铅钡","31",4,6,-0.336293156554504,-0.336328113742117,-3.49571876127053e-05,3.49571876127053e-05,TRUE
"铅钡","31",4,7,0.20123829444502,0.202089820916221,0.000851526471200986,0.000851526471200986,TRUE
"铅钡","31",4,8,-0.279482433659153,-0.278640207688155,0.000842225970998478,0.000842225970998478,TRUE
"铅钡","31",4,9,0.123548152930095,0.128609405535803,0.00506125260570782,0.00506125260570782,TRUE
"铅钡","31",4,10,-0.067251732704916,-0.0659221260095356,0.00132960669538042,0.00132960669538042,TRUE
"铅钡","31",4,11,0.168791870606677,0.168028312512863,-0.000763558093814315,0.000763558093814315,TRUE
"铅钡","31",4,12,0.0779470010722535,0.0773618086521851,-0.000585192420068423,0.000585192420068423,TRUE
"铅钡","31",4,13,0.0370674613678593,0.0387028593007299,0.00163539793287056,0.00163539793287056,TRUE
"铅钡","31",4,14,0.0105264263527887,0.0118564653579925,0.00133003900520376,0.00133003900520376,TRUE
"铅钡","31",5,6,0.410693685597871,0.413327657038049,0.0026339714401788,0.0026339714401788,TRUE
"铅钡","31",5,7,0.103299298652924,0.0791468291355985,-0.0241524695173253,0.0241524695173253,TRUE
"铅钡","31",5,8,-0.289825620905861,-0.284781639620989,0.00504398128487205,0.00504398128487205,TRUE
"铅钡","31",5,9,-0.206563347984303,-0.193535146356717,0.0130282016275866,0.0130282016275866,TRUE
"铅钡","31",5,10,-0.52805299936826,-0.525227548605259,0.00282545076300023,0.00282545076300023,TRUE
"铅钡","31",5,11,-0.027404440648597,-0.0320739819110083,-0.00466954126241138,0.00466954126241138,TRUE
"铅钡","31",5,12,0.0205187220803414,0.0176563184150702,-0.00286240366527124,0.00286240366527124,TRUE
"铅钡","31",5,13,0.0894599362647757,0.097431779775824,0.00797184351104838,0.00797184351104838,TRUE
"铅钡","31",5,14,-0.564445233505777,-0.562479301521823,0.00196593198395467,0.00196593198395467,TRUE
"铅钡","31",6,7,0.203664125537772,0.211175540069649,0.00751141453187645,0.00751141453187645,TRUE
"铅钡","31",6,8,-0.226044414625151,-0.226741753298835,-0.000697338673683323,0.000697338673683323,TRUE
"铅钡","31",6,9,-0.266426530914206,-0.269977122306587,-0.00355059139238079,0.00355059139238079,TRUE
"铅钡","31",6,10,-0.338008209406635,-0.338876032296145,-0.000867822889509984,0.000867822889509984,TRUE
"铅钡","31",6,11,-0.315828388842643,-0.316004339210345,-0.000175950367701516,0.000175950367701516,TRUE
"铅钡","31",6,12,-0.393605267546621,-0.39369207931896,-8.6811772339157e-05,8.6811772339157e-05,TRUE
"铅钡","31",6,13,0.21955960403091,0.219897304692507,0.000337700661596552,0.000337700661596552,TRUE
"铅钡","31",6,14,-0.476967541457419,-0.477883126996994,-0.000915585539574326,0.000915585539574326,TRUE
"铅钡","31",7,8,-0.496838473763456,-0.496821161639774,1.73121236825002e-05,1.73121236825002e-05,TRUE
"铅钡","31",7,9,-0.0657825007642135,-0.0281558868614818,0.0376266139027318,0.0376266139027318,TRUE
"铅钡","31",7,10,-0.332608832894976,-0.327540115024571,0.0050687178704048,0.0050687178704048,TRUE
"铅钡","31",7,11,0.112678882230645,0.105669613898512,-0.00700926833213301,0.00700926833213301,TRUE
"铅钡","31",7,12,-0.194445224709006,-0.208376245766447,-0.013931021057441,0.013931021057441,TRUE
"铅钡","31",7,13,0.218988084043737,0.244556630448748,0.0255685464050103,0.0255685464050103,TRUE
"铅钡","31",7,14,-0.465323564499552,-0.466854352644979,-0.00153078814542684,0.00153078814542684,TRUE
"铅钡","31",8,9,0.131815321030706,0.123043999922475,-0.00877132110823005,0.00877132110823005,TRUE
"铅钡","31",8,10,0.220831132098425,0.217350704141163,-0.00348042795726167,0.00348042795726167,TRUE
"铅钡","31",8,11,0.0718740967436118,0.0749696821890912,0.00309558544547933,0.00309558544547933,TRUE
"铅钡","31",8,12,0.00906971695505722,0.0110021674929222,0.00193245053786501,0.00193245053786501,TRUE
"铅钡","31",8,13,-0.56732047651293,-0.574573015509803,-0.00725253899687217,0.00725253899687217,TRUE
"铅钡","31",8,14,0.386127534481157,0.383739967638478,-0.00238756684267893,0.00238756684267893,TRUE
"铅钡","31",9,10,-0.0817406514741246,-0.0929662795655209,-0.0112256280913963,0.0112256280913963,TRUE
"铅钡","31",9,11,0.163515564051569,0.17206760847291,0.00855204442134058,0.00855204442134058,TRUE
"铅钡","31",9,12,0.141694479567348,0.147742669701121,0.00604819013377286,0.00604819013377286,TRUE
"铅钡","31",9,13,0.00429197339331716,-0.00607802503432321,-0.0103699984276404,0.0103699984276404,FALSE
"铅钡","31",9,14,0.000932984375030425,-0.00791752887567473,-0.00885051325070515,0.00885051325070515,FALSE
"铅钡","31",10,11,-0.306665140269122,-0.304872352517633,0.00179278775148933,0.00179278775148933,TRUE
"铅钡","31",10,12,0.00273204655993985,0.00454149276637726,0.00180944620643741,0.00180944620643741,TRUE
"铅钡","31",10,13,-0.00151100012354863,-0.00589010768189936,-0.00437910755835073,0.00437910755835073,TRUE
"铅钡","31",10,14,0.281443293399004,0.278782222843767,-0.00266107055523657,0.00266107055523657,TRUE
"铅钡","31",11,12,0.0612725898186707,0.0601942431022288,-0.00107834671644182,0.00107834671644182,TRUE
"铅钡","31",11,13,-0.156849542999958,-0.154538742031011,0.00231080096894654,0.00231080096894654,TRUE
"铅钡","31",11,14,0.179640675374564,0.182470483287289,0.00282980791272522,0.00282980791272522,TRUE
"铅钡","31",12,13,-0.136130144878921,-0.134624021315303,0.00150612356361882,0.00150612356361882,TRUE
"铅钡","31",12,14,0.111754790810533,0.113566196470686,0.00181140566015311,0.00181140566015311,TRUE
"铅钡","31",13,14,-0.181384208932658,-0.185937879421701,-0.0045536704890432,0.0045536704890432,TRUE
"铅钡","32",1,2,0.387523957612379,0.412847783764817,0.025323826152438,0.025323826152438,TRUE
"铅钡","32",1,3,0.228797605759243,0.192963260265115,-0.0358343454941281,0.0358343454941281,TRUE
"铅钡","32",1,4,-0.355658624390269,-0.358409310804339,-0.00275068641406934,0.00275068641406934,TRUE
"铅钡","32",1,5,0.0314736239332106,0.069773306053052,0.0382996821198414,0.0382996821198414,TRUE
"铅钡","32",1,6,0.523569636177258,0.51833729940914,-0.00523233676811763,0.00523233676811763,TRUE
"铅钡","32",1,7,0.00896500867408218,-0.0404919938162186,-0.0494570024903008,0.0494570024903008,FALSE
"铅钡","32",1,8,-0.078807711440175,-0.0487777121942783,0.0300299992458967,0.0300299992458967,TRUE
"铅钡","32",1,9,0.0782389207139882,0.0694673889955991,-0.00877153171838911,0.00877153171838911,TRUE
"铅钡","32",1,10,0.0169940233852727,0.00886299081306479,-0.00813103257220792,0.00813103257220792,TRUE
"铅钡","32",1,11,-0.442884846754735,-0.441884481909234,0.00100036484550148,0.00100036484550148,TRUE
"铅钡","32",1,12,-0.405414568376801,-0.368517821384877,0.0368967469919245,0.0368967469919245,TRUE
"铅钡","32",1,13,0.162785470824505,0.155797024915965,-0.00698844590853995,0.00698844590853995,TRUE
"铅钡","32",1,14,-0.393845594224813,-0.407812026580148,-0.0139664323553356,0.0139664323553356,TRUE
"铅钡","32",2,3,0.0597086312240278,0.0698428975209144,0.0101342662968866,0.0101342662968866,TRUE
"铅钡","32",2,4,-0.306707790289593,-0.308954382932939,-0.00224659264334581,0.00224659264334581,TRUE
"铅钡","32",2,5,-0.0283363657795519,-0.0357577363671105,-0.0074213705875586,0.0074213705875586,TRUE
"铅钡","32",2,6,0.196520770713179,0.202349447774818,0.00582867706163914,0.00582867706163914,TRUE
"铅钡","32",2,7,-0.244863554505206,-0.240236905823835,0.00462664868137114,0.00462664868137114,TRUE
"铅钡","32",2,8,0.00693077503836697,0.000620194523024452,-0.00631058051534251,0.00631058051534251,TRUE
"铅钡","32",2,9,-0.179517729608024,-0.17773221125908,0.00178551834894453,0.00178551834894453,TRUE
"铅钡","32",2,10,0.111941093229568,0.11380625510937,0.00186516187980211,0.00186516187980211,TRUE
"铅钡","32",2,11,-0.655999924925786,-0.661168892197578,-0.00516896727179272,0.00516896727179272,TRUE
"铅钡","32",2,12,-0.100383893901076,-0.115359190948566,-0.0149752970474902,0.0149752970474902,TRUE
"铅钡","32",2,13,-0.0875873889053817,-0.0854183197579921,0.00216906914738965,0.00216906914738965,TRUE
"铅钡","32",2,14,-0.212223176307397,-0.212216303108859,6.87319853784341e-06,6.87319853784341e-06,TRUE
"铅钡","32",3,4,-0.353780277873086,-0.353585812908857,0.000194464964228758,0.000194464964228758,TRUE
"铅钡","32",3,5,0.116030407125434,0.146067480755746,0.0300370736303121,0.0300370736303121,TRUE
"铅钡","32",3,6,0.420627619904456,0.411981311633653,-0.00864630827080226,0.00864630827080226,TRUE
"铅钡","32",3,7,0.00831808266171102,-0.0276274131029096,-0.0359454957646206,0.0359454957646206,FALSE
"铅钡","32",3,8,-0.218551780512528,-0.200009994252952,0.0185417862595766,0.0185417862595766,TRUE
"铅钡","32",3,9,-0.293952217550467,-0.307481795852686,-0.0135295783022192,0.0135295783022192,TRUE
"铅钡","32",3,10,-0.0806002332811004,-0.0883219587645043,-0.00772172548340391,0.00772172548340391,TRUE
"铅钡","32",3,11,-0.304723869346192,-0.298849028754801,0.0058748405913906,0.0058748405913906,TRUE
"铅钡","32",3,12,-0.265354112529637,-0.232666246838128,0.0326878656915085,0.0326878656915085,TRUE
"铅钡","32",3,13,0.0419051642023464,0.0336706566733053,-0.00823450752904117,0.00823450752904117,TRUE
"铅钡","32",3,14,-0.0884794205922686,-0.0909799719383373,-0.00250055134606873,0.00250055134606873,TRUE
"铅钡","32",4,5,-0.0145588989726392,-0.0197484463545124,-0.00518954738187317,0.00518954738187317,TRUE
"铅钡","32",4,6,-0.336293156554504,-0.334713584246477,0.00157957230802741,0.00157957230802741,TRUE
"铅钡","32",4,7,0.20123829444502,0.211978851901672,0.0107405574566521,0.0107405574566521,TRUE
"铅钡","32",4,8,-0.279482433659153,-0.286541698519759,-0.00705926486060637,0.00705926486060637,TRUE
"铅钡","32",4,9,0.123548152930095,0.125289713439575,0.0017415605094797,0.0017415605094797,TRUE
"铅钡","32",4,10,-0.067251732704916,-0.0661495182366381,0.00110221446827792,0.00110221446827792,TRUE
"铅钡","32",4,11,0.168791870606677,0.1670428984655,-0.00174897214117689,0.00174897214117689,TRUE
"铅钡","32",4,12,0.0779470010722535,0.0718264805720368,-0.00612052050021672,0.00612052050021672,TRUE
"铅钡","32",4,13,0.0370674613678593,0.0388194066216049,0.00175194525374553,0.00175194525374553,TRUE
"铅钡","32",4,14,0.0105264263527887,0.0107197815952709,0.000193355242482186,0.000193355242482186,TRUE
"铅钡","32",5,6,0.410693685597871,0.430805032723224,0.0201113471253534,0.0201113471253534,TRUE
"铅钡","32",5,7,0.103299298652924,0.134769816999991,0.0314705183470675,0.0314705183470675,TRUE
"铅钡","32",5,8,-0.289825620905861,-0.314251056932999,-0.0244254360271383,0.0244254360271383,TRUE
"铅钡","32",5,9,-0.206563347984303,-0.202471071122937,0.00409227686136612,0.00409227686136612,TRUE
"铅钡","32",5,10,-0.52805299936826,-0.528944162928668,-0.000891163560408526,0.000891163560408526,TRUE
"铅钡","32",5,11,-0.027404440648597,-0.0368858314420934,-0.00948139079349641,0.00948139079349641,TRUE
"铅钡","32",5,12,0.0205187220803414,-0.0139945301070329,-0.0345132521873744,0.0345132521873744,FALSE
"铅钡","32",5,13,0.0894599362647757,0.0975525317848852,0.00809259552010951,0.00809259552010951,TRUE
"铅钡","32",5,14,-0.564445233505777,-0.569575847198541,-0.00513061369276369,0.00513061369276369,TRUE
"铅钡","32",6,7,0.203664125537772,0.189696392503996,-0.0139677330337759,0.0139677330337759,TRUE
"铅钡","32",6,8,-0.226044414625151,-0.216493794858154,0.00955061976699773,0.00955061976699773,TRUE
"铅钡","32",6,9,-0.266426530914206,-0.272188284733805,-0.00576175381959837,0.00576175381959837,TRUE
"铅钡","32",6,10,-0.338008209406635,-0.343026014302203,-0.00501780489556858,0.00501780489556858,TRUE
"铅钡","32",6,11,-0.315828388842643,-0.31186165037614,0.00396673846650314,0.00396673846650314,TRUE
"铅钡","32",6,12,-0.393605267546621,-0.383606970537942,0.00999829700867866,0.00999829700867866,TRUE
"铅钡","32",6,13,0.21955960403091,0.21616425038237,-0.00339535364854016,0.00339535364854016,TRUE
"铅钡","32",6,14,-0.476967541457419,-0.47968100694841,-0.00271346549099033,0.00271346549099033,TRUE
"铅钡","32",7,8,-0.496838473763456,-0.485019979453351,0.0118184943101048,0.0118184943101048,TRUE
"铅钡","32",7,9,-0.0657825007642135,-0.0758254654162356,-0.010042964652022,0.010042964652022,TRUE
"铅钡","32",7,10,-0.332608832894976,-0.345802599239914,-0.0131937663449379,0.0131937663449379,TRUE
"铅钡","32",7,11,0.112678882230645,0.127394748609682,0.0147158663790377,0.0147158663790377,TRUE
"铅钡","32",7,12,-0.194445224709006,-0.156206554158363,0.0382386705506422,0.0382386705506422,TRUE
"铅钡","32",7,13,0.218988084043737,0.213890027327795,-0.00509805671594268,0.00509805671594268,TRUE
"铅钡","32",7,14,-0.465323564499552,-0.475229917226145,-0.00990635272659218,0.00990635272659218,TRUE
"铅钡","32",8,9,0.131815321030706,0.138873744736803,0.00705842370609755,0.00705842370609755,TRUE
"铅钡","32",8,10,0.220831132098425,0.227275558350427,0.00644442625200173,0.00644442625200173,TRUE
"铅钡","32",8,11,0.0718740967436118,0.0644060971468908,-0.00746799959672101,0.00746799959672101,TRUE
"铅钡","32",8,12,0.00906971695505722,-0.0223666435094019,-0.0314363604644591,0.0314363604644591,FALSE
"铅钡","32",8,13,-0.56732047651293,-0.566460264931699,0.000860211581230952,0.000860211581230952,TRUE
"铅钡","32",8,14,0.386127534481157,0.390106516188129,0.00397898170697153,0.00397898170697153,TRUE
"铅钡","32",9,10,-0.0817406514741246,-0.0833872944278584,-0.00164664295373385,0.00164664295373385,TRUE
"铅钡","32",9,11,0.163515564051569,0.16681020964136,0.00329464558979028,0.00329464558979028,TRUE
"铅钡","32",9,12,0.141694479567348,0.156839457060047,0.0151449774926988,0.0151449774926988,TRUE
"铅钡","32",9,13,0.00429197339331716,0.00213554608596033,-0.00215642730735683,0.00215642730735683,TRUE
"铅钡","32",9,14,0.000932984375030425,0.000693851270915384,-0.000239133104115042,0.000239133104115042,TRUE
"铅钡","32",10,11,-0.306665140269122,-0.305304139188554,0.00136100108056769,0.00136100108056769,TRUE
"铅钡","32",10,12,0.00273204655993985,0.0111173441762018,0.00838529761626192,0.00838529761626192,TRUE
"铅钡","32",10,13,-0.00151100012354863,-0.00317046517116655,-0.00165946504761792,0.00165946504761792,TRUE
"铅钡","32",10,14,0.281443293399004,0.281427105013325,-1.61883856789058e-05,1.61883856789058e-05,TRUE
"铅钡","32",11,12,0.0612725898186707,0.0478326934917382,-0.0134398963269324,0.0134398963269324,TRUE
"铅钡","32",11,13,-0.156849542999958,-0.15428214339797,0.00256739960198804,0.00256739960198804,TRUE
"铅钡","32",11,14,0.179640675374564,0.180339419332107,0.000698743957542797,0.000698743957542797,TRUE
"铅钡","32",12,13,-0.136130144878921,-0.128432167766474,0.00769797711244757,0.00769797711244757,TRUE
"铅钡","32",12,14,0.111754790810533,0.116339411888247,0.00458462107771426,0.00458462107771426,TRUE
"铅钡","32",13,14,-0.181384208932658,-0.181863094410463,-0.000478885477805557,0.000478885477805557,TRUE
"铅钡","33",1,2,0.387523957612379,0.414308653656013,0.0267846960436336,0.0267846960436336,TRUE
"铅钡","33",1,3,0.228797605759243,0.202146337833592,-0.0266512679256505,0.0266512679256505,TRUE
"铅钡","33",1,4,-0.355658624390269,-0.366375334860757,-0.0107167104704873,0.0107167104704873,TRUE
"铅钡","33",1,5,0.0314736239332106,-0.0121961445624333,-0.043669768495644,0.043669768495644,FALSE
"铅钡","33",1,6,0.523569636177258,0.52131100296065,-0.00225863321660791,0.00225863321660791,TRUE
"铅钡","33",1,7,0.00896500867408218,0.0396233805765576,0.0306583719024754,0.0306583719024754,TRUE
"铅钡","33",1,8,-0.078807711440175,-0.0814736474986869,-0.00266593605851191,0.00266593605851191,TRUE
"铅钡","33",1,9,0.0782389207139882,0.0838493799709314,0.00561045925694324,0.00561045925694324,TRUE
"铅钡","33",1,10,0.0169940233852727,0.017573291590187,0.000579268204914312,0.000579268204914312,TRUE
"铅钡","33",1,11,-0.442884846754735,-0.437021330165666,0.00586351658906947,0.00586351658906947,TRUE
"铅钡","33",1,12,-0.405414568376801,-0.366861432218581,0.03855313615822,0.03855313615822,TRUE
"铅钡","33",1,13,0.162785470824505,0.157510880009612,-0.00527459081489307,0.00527459081489307,TRUE
"铅钡","33",1,14,-0.393845594224813,-0.40730887484732,-0.0134632806225075,0.0134632806225075,TRUE
"铅钡","33",2,3,0.0597086312240278,0.0676721748583744,0.0079635436343466,0.0079635436343466,TRUE
"铅钡","33",2,4,-0.306707790289593,-0.307331698570383,-0.000623908280789565,0.000623908280789565,TRUE
"铅钡","33",2,5,-0.0283363657795519,-0.0197852997049864,0.00855106607456547,0.00855106607456547,TRUE
"铅钡","33",2,6,0.196520770713179,0.201728867711214,0.00520809699803473,0.00520809699803473,TRUE
"铅钡","33",2,7,-0.244863554505206,-0.252901783579228,-0.00803822907402243,0.00803822907402243,TRUE
"铅钡","33",2,8,0.00693077503836697,0.00695153071020353,2.07556718365655e-05,2.07556718365655e-05,TRUE
"铅钡","33",2,9,-0.179517729608024,-0.180371550617626,-0.000853821009602379,0.000853821009602379,TRUE
"铅钡","33",2,10,0.111941093229568,0.112087503723021,0.000146410493452806,0.000146410493452806,TRUE
"铅钡","33",2,11,-0.655999924925786,-0.663704309071246,-0.00770438414546071,0.00770438414546071,TRUE
"铅钡","33",2,12,-0.100383893901076,-0.116552928917054,-0.016169035015978,0.016169035015978,TRUE
"铅钡","33",2,13,-0.0875873889053817,-0.0856246760355932,0.00196271286978852,0.00196271286978852,TRUE
"铅钡","33",2,14,-0.212223176307397,-0.212422159085296,-0.00019898277789912,0.00019898277789912,TRUE
"铅钡","33",3,4,-0.353780277873086,-0.356704853744611,-0.00292457587152573,0.00292457587152573,TRUE
"铅钡","33",3,5,0.116030407125434,0.0943843557597763,-0.0216460513656578,0.0216460513656578,TRUE
"铅钡","33",3,6,0.420627619904456,0.414588411472702,-0.0060392084317531,0.0060392084317531,TRUE
"铅钡","33",3,7,0.00831808266171102,0.0249189806459291,0.0166008979842181,0.0166008979842181,TRUE
"铅钡","33",3,8,-0.218551780512528,-0.220742982352764,-0.00219120184023597,0.00219120184023597,TRUE
"铅钡","33",3,9,-0.293952217550467,-0.295239038392779,-0.00128682084231224,0.00128682084231224,TRUE
"铅钡","33",3,10,-0.0806002332811004,-0.0813876666456601,-0.000787433364559637,0.000787433364559637,TRUE
"铅钡","33",3,11,-0.304723869346192,-0.296801649033378,0.00792222031281364,0.00792222031281364,TRUE
"铅钡","33",3,12,-0.265354112529637,-0.240984564574095,0.0243695479555424,0.0243695479555424,TRUE
"铅钡","33",3,13,0.0419051642023464,0.0364837347486343,-0.00542142945371215,0.00542142945371215,TRUE
"铅钡","33",3,14,-0.0884794205922686,-0.0895861175795477,-0.00110669698727915,0.00110669698727915,TRUE
"铅钡","33",4,5,-0.0145588989726392,-0.0140677823093181,0.000491116663321058,0.000491116663321058,TRUE
"铅钡","33",4,6,-0.336293156554504,-0.337104696598619,-0.000811540044114711,0.000811540044114711,TRUE
"铅钡","33",4,7,0.20123829444502,0.202131684353497,0.000893389908477482,0.000893389908477482,TRUE
"铅钡","33",4,8,-0.279482433659153,-0.279483859572737,-1.42591358409661e-06,1.42591358409661e-06,TRUE
"铅钡","33",4,9,0.123548152930095,0.123510121426326,-3.80315037691314e-05,3.80315037691314e-05,TRUE
"铅钡","33",4,10,-0.067251732704916,-0.0672525562266,-8.23521684012452e-07,8.23521684012452e-07,TRUE
"铅钡","33",4,11,0.168791870606677,0.169061003296591,0.000269132689913715,0.000269132689913715,TRUE
"铅钡","33",4,12,0.0779470010722535,0.0793280341565043,0.00138103308425079,0.00138103308425079,TRUE
"铅钡","33",4,13,0.0370674613678593,0.0372698499409921,0.000202388573132782,0.000202388573132782,TRUE
"铅钡","33",4,14,0.0105264263527887,0.0105332454269405,6.81907415175237e-06,6.81907415175237e-06,TRUE
"铅钡","33",5,6,0.410693685597871,0.403906838261287,-0.00678684733658358,0.00678684733658358,TRUE
"铅钡","33",5,7,0.103299298652924,0.125921122098543,0.0226218234456189,0.0226218234456189,TRUE
"铅钡","33",5,8,-0.289825620905861,-0.294231394889251,-0.00440577398338965,0.00440577398338965,TRUE
"铅钡","33",5,9,-0.206563347984303,-0.207664446194127,-0.00110109820982326,0.00110109820982326,TRUE
"铅钡","33",5,10,-0.52805299936826,-0.535998425872237,-0.007945426503977,0.007945426503977,TRUE
"铅钡","33",5,11,-0.027404440648597,-0.0130109495146639,0.0143934911339331,0.0143934911339331,TRUE
"铅钡","33",5,12,0.0205187220803414,0.0650431156513789,0.0445243935710375,0.0445243935710375,TRUE
"铅钡","33",5,13,0.0894599362647757,0.083626427553545,-0.00583350871123067,0.00583350871123067,TRUE
"铅钡","33",5,14,-0.564445233505777,-0.573238096575164,-0.0087928630693862,0.0087928630693862,TRUE
"铅钡","33",6,7,0.203664125537772,0.215396453720118,0.0117323281823457,0.0117323281823457,TRUE
"铅钡","33",6,8,-0.226044414625151,-0.226832813265914,-0.000788398640762467,0.000788398640762467,TRUE
"铅钡","33",6,9,-0.266426530914206,-0.266391883688554,3.46472256522179e-05,3.46472256522179e-05,TRUE
"铅钡","33",6,10,-0.338008209406635,-0.339154342982444,-0.00114613357580917,0.00114613357580917,TRUE
"铅钡","33",6,11,-0.315828388842643,-0.310994009272967,0.00483437956967642,0.00483437956967642,TRUE
"铅钡","33",6,12,-0.393605267546621,-0.386448715976191,0.00715655157042977,0.00715655157042977,TRUE
"铅钡","33",6,13,0.21955960403091,0.217056566123599,-0.00250303790731102,0.00250303790731102,TRUE
"铅钡","33",6,14,-0.476967541457419,-0.478729139823359,-0.00176159836593992,0.00176159836593992,TRUE
"铅钡","33",7,8,-0.496838473763456,-0.50019010863612,-0.00335163487266377,0.00335163487266377,TRUE
"铅钡","33",7,9,-0.0657825007642135,-0.0675919155773076,-0.00180941481309403,0.00180941481309403,TRUE
"铅钡","33",7,10,-0.332608832894976,-0.334877497075083,-0.00226866418010707,0.00226866418010707,TRUE
"铅钡","33",7,11,0.112678882230645,0.103866397720725,-0.00881248450991973,0.00881248450991973,TRUE
"铅钡","33",7,12,-0.194445224709006,-0.231002922424569,-0.0365576977155638,0.0365576977155638,TRUE
"铅钡","33",7,13,0.218988084043737,0.225534671274929,0.00654658723119181,0.00654658723119181,TRUE
"铅钡","33",7,14,-0.465323564499552,-0.468295114774401,-0.00297155027484863,0.00297155027484863,TRUE
"铅钡","33",8,9,0.131815321030706,0.13182680967874,1.14886480343801e-05,1.14886480343801e-05,TRUE
"铅钡","33",8,10,0.220831132098425,0.220831152373395,2.02749694810933e-08,2.02749694810933e-08,TRUE
"铅钡","33",8,11,0.0718740967436118,0.0721556549456318,0.000281558202020013,0.000281558202020013,TRUE
"铅钡","33",8,12,0.00906971695505722,0.00940448790792318,0.000334770952865954,0.000334770952865954,TRUE
"铅钡","33",8,13,-0.56732047651293,-0.567821970452806,-0.00050149393987553,0.00050149393987553,TRUE
"铅钡","33",8,14,0.386127534481157,0.386127702256777,1.67775619897004e-07,1.67775619897004e-07,TRUE
"铅钡","33",9,10,-0.0817406514741246,-0.0817469271571917,-6.27568306706128e-06,6.27568306706128e-06,TRUE
"铅钡","33",9,11,0.163515564051569,0.163129467543324,-0.000386096508245282,0.000386096508245282,TRUE
"铅钡","33",9,12,0.141694479567348,0.143160555511835,0.00146607594448689,0.00146607594448689,TRUE
"铅钡","33",9,13,0.00429197339331716,0.00478033217155473,0.000488358778237568,0.000488358778237568,TRUE
"铅钡","33",9,14,0.000932984375030425,0.000952195898178788,1.92115231483625e-05,1.92115231483625e-05,TRUE
"铅钡","33",10,11,-0.306665140269122,-0.307790990313609,-0.00112585004448723,0.00112585004448723,TRUE
"铅钡","33",10,12,0.00273204655993985,0.00279997516221091,6.7928602271056e-05,6.7928602271056e-05,TRUE
"铅钡","33",10,13,-0.00151100012354863,-0.00150961236086624,1.38776268239081e-06,1.38776268239081e-06,TRUE
"铅钡","33",10,14,0.281443293399004,0.281443782467979,4.89068974984797e-07,4.89068974984797e-07,TRUE
"铅钡","33",11,12,0.0612725898186707,0.0419955957017809,-0.0192769941168897,0.0192769941168897,TRUE
"铅钡","33",11,13,-0.156849542999958,-0.153994388467574,0.00285515453238386,0.00285515453238386,TRUE
"铅钡","33",11,14,0.179640675374564,0.180438104782861,0.000797429408297495,0.000797429408297495,TRUE
"铅钡","33",12,13,-0.136130144878921,-0.130024457298795,0.00610568758012625,0.00610568758012625,TRUE
"铅钡","33",12,14,0.111754790810533,0.115608019990875,0.00385322918034167,0.00385322918034167,TRUE
"铅钡","33",13,14,-0.181384208932658,-0.18161046230551,-0.000226253372851731,0.000226253372851731,TRUE
"铅钡","34",1,2,0.387523957612379,0.392669526688034,0.00514556907565517,0.00514556907565517,TRUE
"铅钡","34",1,3,0.228797605759243,0.224706380529813,-0.0040912252294297,0.0040912252294297,TRUE
"铅钡","34",1,4,-0.355658624390269,-0.35500876336213,0.000649861028138909,0.000649861028138909,TRUE
"铅钡","34",1,5,0.0314736239332106,0.0403816822487629,0.0089080583155523,0.0089080583155523,TRUE
"铅钡","34",1,6,0.523569636177258,0.529404745451403,0.00583510927414532,0.00583510927414532,TRUE
"铅钡","34",1,7,0.00896500867408218,0.00446603691185931,-0.00449897176222288,0.00449897176222288,TRUE
"铅钡","34",1,8,-0.078807711440175,-0.0824394399786648,-0.00363172853848978,0.00363172853848978,TRUE
"铅钡","34",1,9,0.0782389207139882,0.0728296350590875,-0.0054092856549007,0.0054092856549007,TRUE
"铅钡","34",1,10,0.0169940233852727,0.0143344468689837,-0.00265957651628905,0.00265957651628905,TRUE
"铅钡","34",1,11,-0.442884846754735,-0.441729045850568,0.00115580090416734,0.00115580090416734,TRUE
"铅钡","34",1,12,-0.405414568376801,-0.40712429375445,-0.00170972537764846,0.00170972537764846,TRUE
"铅钡","34",1,13,0.162785470824505,0.164021098096419,0.00123562727191423,0.00123562727191423,TRUE
"铅钡","34",1,14,-0.393845594224813,-0.392965339962765,0.000880254262048297,0.000880254262048297,TRUE
"铅钡","34",2,3,0.0597086312240278,0.0727397425605254,0.0130311113364976,0.0130311113364976,TRUE
"铅钡","34",2,4,-0.306707790289593,-0.309672375364387,-0.0029645850747938,0.0029645850747938,TRUE
"铅钡","34",2,5,-0.0283363657795519,-0.043222962887281,-0.0148865971077291,0.0148865971077291,TRUE
"铅钡","34",2,6,0.196520770713179,0.191516424189969,-0.00500434652320958,0.00500434652320958,TRUE
"铅钡","34",2,7,-0.244863554505206,-0.239022541635258,0.00584101286994812,0.00584101286994812,TRUE
"铅钡","34",2,8,0.00693077503836697,0.0126982051549187,0.00576743011655171,0.00576743011655171,TRUE
"铅钡","34",2,9,-0.179517729608024,-0.171068916092544,0.00844881351548057,0.00844881351548057,TRUE
"铅钡","34",2,10,0.111941093229568,0.117125235501629,0.00518414227206083,0.00518414227206083,TRUE
"铅钡","34",2,11,-0.655999924925786,-0.662241852405625,-0.00624192747983943,0.00624192747983943,TRUE
"铅钡","34",2,12,-0.100383893901076,-0.0987356022941428,0.00164829160693344,0.00164829160693344,TRUE
"铅钡","34",2,13,-0.0875873889053817,-0.0896362005001627,-0.002048811594781,0.002048811594781,TRUE
"铅钡","34",2,14,-0.212223176307397,-0.215565489787976,-0.0033423134805789,0.0033423134805789,TRUE
"铅钡","34",3,4,-0.353780277873086,-0.354283753049806,-0.000503475176720058,0.000503475176720058,TRUE
"铅钡","34",3,5,0.116030407125434,0.147828457475512,0.0317980503500782,0.0317980503500782,TRUE
"铅钡","34",3,6,0.420627619904456,0.439384045734306,0.0187564258298502,0.0187564258298502,TRUE
"铅钡","34",3,7,0.00831808266171102,-0.00705353202666822,-0.0153716146883792,0.0153716146883792,FALSE
"铅钡","34",3,8,-0.218551780512528,-0.233136963313168,-0.0145851828006396,0.0145851828006396,TRUE
"铅钡","34",3,9,-0.293952217550467,-0.321409024642752,-0.0274568070922852,0.0274568070922852,TRUE
"铅钡","34",3,10,-0.0806002332811004,-0.0909334848310582,-0.0103332515499578,0.0103332515499578,TRUE
"铅钡","34",3,11,-0.304723869346192,-0.301623791969072,0.00310007737711926,0.00310007737711926,TRUE
"铅钡","34",3,12,-0.265354112529637,-0.272564552153468,-0.00721043962383072,0.00721043962383072,TRUE
"铅钡","34",3,13,0.0419051642023464,0.0459119102959754,0.00400674609362901,0.00400674609362901,TRUE
"铅钡","34",3,14,-0.0884794205922686,-0.0844654598529643,0.00401396073930427,0.00401396073930427,TRUE
"铅钡","34",4,5,-0.0145588989726392,-0.0193439485983857,-0.00478504962574649,0.00478504962574649,TRUE
"铅钡","34",4,6,-0.336293156554504,-0.339435621525211,-0.00314246497070703,0.00314246497070703,TRUE
"铅钡","34",4,7,0.20123829444502,0.204777049355539,0.00353875491051908,0.00353875491051908,TRUE
"铅钡","34",4,8,-0.279482433659153,-0.278503516694665,0.000978916964487986,0.000978916964487986,TRUE
"铅钡","34",4,9,0.123548152930095,0.128109331377378,0.00456117844728239,0.00456117844728239,TRUE
"铅钡","34",4,10,-0.067251732704916,-0.0659198246140286,0.00133190809088735,0.00133190809088735,TRUE
"铅钡","34",4,11,0.168791870606677,0.167891159708198,-0.00090071089847929,0.00090071089847929,TRUE
"铅钡","34",4,12,0.0779470010722535,0.0786254464967478,0.000678445424494231,0.000678445424494231,TRUE
"铅钡","34",4,13,0.0370674613678593,0.0365309123394894,-0.000536549028369922,0.000536549028369922,TRUE
"铅钡","34",4,14,0.0105264263527887,0.00971841895569973,-0.000808007397088997,0.000808007397088997,TRUE
"铅钡","34",5,6,0.410693685597871,0.404252272642204,-0.00644141295566675,0.00644141295566675,TRUE
"铅钡","34",5,7,0.103299298652924,0.123863256279401,0.0205639576264774,0.0205639576264774,TRUE
"铅钡","34",5,8,-0.289825620905861,-0.282011728518967,0.0078138923868934,0.0078138923868934,TRUE
"铅钡","34",5,9,-0.206563347984303,-0.186939022836669,0.0196243251476341,0.0196243251476341,TRUE
"铅钡","34",5,10,-0.52805299936826,-0.526905064660342,0.00114793470791785,0.00114793470791785,TRUE
"铅钡","34",5,11,-0.027404440648597,-0.0362374822147992,-0.0088330415662022,0.0088330415662022,TRUE
"铅钡","34",5,12,0.0205187220803414,0.025527276011692,0.00500855393135054,0.00500855393135054,TRUE
"铅钡","34",5,13,0.0894599362647757,0.0868471406663645,-0.0026127955984112,0.0026127955984112,TRUE
"铅钡","34",5,14,-0.564445233505777,-0.580210760692491,-0.0157655271867139,0.0157655271867139,TRUE
"铅钡","34",6,7,0.203664125537772,0.21329231712709,0.00962819158931832,0.00962819158931832,TRUE
"铅钡","34",6,8,-0.226044414625151,-0.221529099808594,0.00451531481655776,0.00451531481655776,TRUE
"铅钡","34",6,9,-0.266426530914206,-0.258873753359734,0.00755277755447259,0.00755277755447259,TRUE
"铅钡","34",6,10,-0.338008209406635,-0.334942224192322,0.00306598521431245,0.00306598521431245,TRUE
"铅钡","34",6,11,-0.315828388842643,-0.320787243414458,-0.00495885457181477,0.00495885457181477,TRUE
"铅钡","34",6,12,-0.393605267546621,-0.392954771611918,0.000650495934702622,0.000650495934702622,TRUE
"铅钡","34",6,13,0.21955960403091,0.21851753583677,-0.00104206819414079,0.00104206819414079,TRUE
"铅钡","34",6,14,-0.476967541457419,-0.481370001329165,-0.0044024598717457,0.0044024598717457,TRUE
"铅钡","34",7,8,-0.496838473763456,-0.507976633209439,-0.0111381594459831,0.0111381594459831,TRUE
"铅钡","34",7,9,-0.0657825007642135,-0.0803602107295123,-0.0145777099652987,0.0145777099652987,TRUE
"铅钡","34",7,10,-0.332608832894976,-0.340794756708417,-0.00818592381344119,0.00818592381344119,TRUE
"铅钡","34",7,11,0.112678882230645,0.117908987871671,0.00523010564102636,0.00523010564102636,TRUE
"铅钡","34",7,12,-0.194445224709006,-0.198017828167294,-0.00357260345828872,0.00357260345828872,TRUE
"铅钡","34",7,13,0.218988084043737,0.222384626622003,0.0033965425782658,0.0033965425782658,TRUE
"铅钡","34",7,14,-0.465323564499552,-0.46459821426426,0.000725350235292632,0.000725350235292632,TRUE
"铅钡","34",8,9,0.131815321030706,0.123394020380611,-0.00842130065009486,0.00842130065009486,TRUE
"铅钡","34",8,10,0.220831132098425,0.217459040593886,-0.00337209150453874,0.00337209150453874,TRUE
"铅钡","34",8,11,0.0718740967436118,0.0754788068522591,0.00360471010864724,0.00360471010864724,TRUE
"铅钡","34",8,12,0.00906971695505722,0.00723397129574853,-0.0018357456593087,0.0018357456593087,TRUE
"铅钡","34",8,13,-0.56732047651293,-0.567336224929696,-1.57484167658817e-05,1.57484167658817e-05,TRUE
"铅钡","34",8,14,0.386127534481157,0.389792012014649,0.00366447753349169,0.00366447753349169,TRUE
"铅钡","34",9,10,-0.0817406514741246,-0.0907524713884287,-0.00901181991430405,0.00901181991430405,TRUE
"铅钡","34",9,11,0.163515564051569,0.171415870072535,0.0079003060209657,0.0079003060209657,TRUE
"铅钡","34",9,12,0.141694479567348,0.139584798040641,-0.00210968152670726,0.00210968152670726,TRUE
"铅钡","34",9,13,0.00429197339331716,0.007404527562515,0.00311255416919783,0.00311255416919783,TRUE
"铅钡","34",9,14,0.000932984375030425,0.00544502520459247,0.00451204082956204,0.00451204082956204,TRUE
"铅钡","34",10,11,-0.306665140269122,-0.304818274056585,0.00184686621253738,0.00184686621253738,TRUE
"铅钡","34",10,12,0.00273204655993985,0.00122700313348484,-0.00150504342645501,0.00150504342645501,TRUE
"铅钡","34",10,13,-0.00151100012354863,-0.000176300470799858,0.00133469965274877,0.00133469965274877,TRUE
"铅钡","34",10,14,0.281443293399004,0.28405433152161,0.00261103812260594,0.00261103812260594,TRUE
"铅钡","34",11,12,0.0612725898186707,0.0625136412601675,0.00124105144149689,0.00124105144149689,TRUE
"铅钡","34",11,13,-0.156849542999958,-0.158077037955752,-0.00122749495579416,0.00122749495579416,TRUE
"铅钡","34",11,14,0.179640675374564,0.178421934071087,-0.00121874130347674,0.00121874130347674,TRUE
"铅钡","34",12,13,-0.136130144878921,-0.135636343216388,0.000493801662533655,0.000493801662533655,TRUE
"铅钡","34",12,14,0.111754790810533,0.112690679306706,0.000935888496172751,0.000935888496172751,TRUE
"铅钡","34",13,14,-0.181384208932658,-0.182271782922,-0.000887573989342527,0.000887573989342527,TRUE
"铅钡","35",1,2,0.387523957612379,0.414285920236405,0.0267619626240256,0.0267619626240256,TRUE
"铅钡","35",1,3,0.228797605759243,0.253047541940007,0.0242499361807642,0.0242499361807642,TRUE
"铅钡","35",1,4,-0.355658624390269,-0.362573771220535,-0.00691514683026523,0.00691514683026523,TRUE
"铅钡","35",1,5,0.0314736239332106,0.0701829329332881,0.0387093090000775,0.0387093090000775,TRUE
"铅钡","35",1,6,0.523569636177258,0.533593388199846,0.0100237520225884,0.0100237520225884,TRUE
"铅钡","35",1,7,0.00896500867408218,-0.012429257358149,-0.0213942660322312,0.0213942660322312,FALSE
"铅钡","35",1,8,-0.078807711440175,-0.0613032379169489,0.017504473523226,0.017504473523226,TRUE
"铅钡","35",1,9,0.0782389207139882,0.0458931185371455,-0.0323458021768427,0.0323458021768427,TRUE
"铅钡","35",1,10,0.0169940233852727,-0.00302161596281405,-0.0200156393480868,0.0200156393480868,FALSE
"铅钡","35",1,11,-0.442884846754735,-0.466482251706284,-0.0235974049515483,0.0235974049515483,TRUE
"铅钡","35",1,12,-0.405414568376801,-0.369736181294852,0.0356783870819494,0.0356783870819494,TRUE
"铅钡","35",1,13,0.162785470824505,0.145539994215319,-0.017245476609186,0.017245476609186,TRUE
"铅钡","35",1,14,-0.393845594224813,-0.417823271411804,-0.023977677186991,0.023977677186991,TRUE
"铅钡","35",2,3,0.0597086312240278,0.0581418339902816,-0.00156679723374613,0.00156679723374613,TRUE
"铅钡","35",2,4,-0.306707790289593,-0.307981375930912,-0.00127358564131896,0.00127358564131896,TRUE
"铅钡","35",2,5,-0.0283363657795519,-0.0329242478067262,-0.00458788202717432,0.00458788202717432,TRUE
"铅钡","35",2,6,0.196520770713179,0.19829882804723,0.00177805733405095,0.00177805733405095,TRUE
"铅钡","35",2,7,-0.244863554505206,-0.243128663835239,0.00173489066996727,0.00173489066996727,TRUE
"铅钡","35",2,8,0.00693077503836697,0.00448784706275664,-0.00244292797561033,0.00244292797561033,TRUE
"铅钡","35",2,9,-0.179517729608024,-0.176738636128011,0.00277909348001301,0.00277909348001301,TRUE
"铅钡","35",2,10,0.111941093229568,0.114719840380803,0.00277874715123459,0.00277874715123459,TRUE
"铅钡","35",2,11,-0.655999924925786,-0.65591464246533,8.52824604556934e-05,8.52824604556934e-05,TRUE
"铅钡","35",2,12,-0.100383893901076,-0.109947054534017,-0.00956316063294031,0.00956316063294031,TRUE
"铅钡","35",2,13,-0.0875873889053817,-0.0850526797992725,0.00253470910610924,0.00253470910610924,TRUE
"铅钡","35",2,14,-0.212223176307397,-0.211570892194543,0.000652284112853896,0.000652284112853896,TRUE
"铅钡","35",3,4,-0.353780277873086,-0.35570739201025,-0.00192711413716473,0.00192711413716473,TRUE
"铅钡","35",3,5,0.116030407125434,0.110955376577584,-0.00507503054785034,0.00507503054785034,TRUE
"铅钡","35",3,6,0.420627619904456,0.423601702098044,0.00297408219358858,0.00297408219358858,TRUE
"铅钡","35",3,7,0.00831808266171102,0.0119533505135159,0.00363526785180488,0.00363526785180488,TRUE
"铅钡","35",3,8,-0.218551780512528,-0.222848513743293,-0.00429673323076488,0.00429673323076488,TRUE
"铅钡","35",3,9,-0.293952217550467,-0.290535725829407,0.0034164917210599,0.0034164917210599,TRUE
"铅钡","35",3,10,-0.0806002332811004,-0.0774626231391145,0.00313761014198592,0.00313761014198592,TRUE
"铅钡","35",3,11,-0.304723869346192,-0.304332004303343,0.000391865042848771,0.000391865042848771,TRUE
"铅钡","35",3,12,-0.265354112529637,-0.28182187422636,-0.016467761696723,0.016467761696723,TRUE
"铅钡","35",3,13,0.0419051642023464,0.0461904864150308,0.00428532221268435,0.00428532221268435,TRUE
"铅钡","35",3,14,-0.0884794205922686,-0.0874226791960856,0.00105674139618298,0.00105674139618298,TRUE
"铅钡","35",4,5,-0.0145588989726392,-0.0182377882861491,-0.00367888931350994,0.00367888931350994,TRUE
"铅钡","35",4,6,-0.336293156554504,-0.335525938942551,0.000767217611953086,0.000767217611953086,TRUE
"铅钡","35",4,7,0.20123829444502,0.20396019071713,0.00272189627210989,0.00272189627210989,TRUE
"铅钡","35",4,8,-0.279482433659153,-0.282326676052824,-0.00284424239367059,0.00284424239367059,TRUE
"铅钡","35",4,9,0.123548152930095,0.128011315927539,0.00446316299744313,0.00446316299744313,TRUE
"铅钡","35",4,10,-0.067251732704916,-0.0654546570697465,0.0017970756351695,0.0017970756351695,TRUE
"铅钡","35",4,11,0.168791870606677,0.169340547470458,0.000548676863780378,0.000548676863780378,TRUE
"铅钡","35",4,12,0.0779470010722535,0.0737428496681555,-0.00420415140409806,0.00420415140409806,TRUE
"铅钡","35",4,13,0.0370674613678593,0.0395838876774126,0.00251642630955329,0.00251642630955329,TRUE
"铅钡","35",4,14,0.0105264263527887,0.0112225035272095,0.000696077174420752,0.000696077174420752,TRUE
"铅钡","35",5,6,0.410693685597871,0.419763461165401,0.00906977556753041,0.00906977556753041,TRUE
"铅钡","35",5,7,0.103299298652924,0.113765684278667,0.010466385625743,0.010466385625743,TRUE
"铅钡","35",5,8,-0.289825620905861,-0.301912855839568,-0.0120872349337069,0.0120872349337069,TRUE
"铅钡","35",5,9,-0.206563347984303,-0.194205038308712,0.0123583096755919,0.0123583096755919,TRUE
"铅钡","35",5,10,-0.52805299936826,-0.524649526715382,0.00340347265287777,0.00340347265287777,TRUE
"铅钡","35",5,11,-0.027404440648597,-0.0255681447492538,0.00183629589934318,0.00183629589934318,TRUE
"铅钡","35",5,12,0.0205187220803414,-0.00556360501893852,-0.0260823270992799,0.0260823270992799,FALSE
"铅钡","35",5,13,0.0894599362647757,0.10110958709278,0.0116496508280041,0.0116496508280041,TRUE
"铅钡","35",5,14,-0.564445233505777,-0.566009736659015,-0.00156450315323797,0.00156450315323797,TRUE
"铅钡","35",6,7,0.203664125537772,0.201224162588573,-0.00243996294919915,0.00243996294919915,TRUE
"铅钡","35",6,8,-0.226044414625151,-0.223754264049637,0.00229015057551457,0.00229015057551457,TRUE
"铅钡","35",6,9,-0.266426530914206,-0.273999346224806,-0.00757281531059956,0.00757281531059956,TRUE
"铅钡","35",6,10,-0.338008209406635,-0.342202838636235,-0.0041946292296004,0.0041946292296004,TRUE
"铅钡","35",6,11,-0.315828388842643,-0.316862763342295,-0.00103437449965182,0.00103437449965182,TRUE
"铅钡","35",6,12,-0.393605267546621,-0.393591797634504,1.34699121168147e-05,1.34699121168147e-05,TRUE
"铅钡","35",6,13,0.21955960403091,0.216921872377855,-0.00263773165305548,0.00263773165305548,TRUE
"铅钡","35",6,14,-0.476967541457419,-0.478601509287737,-0.00163396783031738,0.00163396783031738,TRUE
"铅钡","35",7,8,-0.496838473763456,-0.494168930554524,0.00266954320893231,0.00266954320893231,TRUE
"铅钡","35",7,9,-0.0657825007642135,-0.0756117569674269,-0.00982925620321341,0.00982925620321341,TRUE
"铅钡","35",7,10,-0.332608832894976,-0.339594168009188,-0.0069853351142124,0.0069853351142124,TRUE
"铅钡","35",7,11,0.112678882230645,0.111794800374212,-0.000884081856432781,0.000884081856432781,TRUE
"铅钡","35",7,12,-0.194445224709006,-0.183609796205319,0.0108354285036863,0.0108354285036863,TRUE
"铅钡","35",7,13,0.218988084043737,0.214127048653858,-0.00486103538987914,0.00486103538987914,TRUE
"铅钡","35",7,14,-0.465323564499552,-0.468552535686826,-0.003228971187274,0.003228971187274,TRUE
"铅钡","35",8,9,0.131815321030706,0.14198895353529,0.010173632504584,0.010173632504584,TRUE
"铅钡","35",8,10,0.220831132098425,0.227008952833675,0.00617782073525014,0.00617782073525014,TRUE
"铅钡","35",8,11,0.0718740967436118,0.073234522647201,0.00136042590358913,0.00136042590358913,TRUE
"铅钡","35",8,12,0.00906971695505722,-0.00584991443231536,-0.0149196313873726,0.0149196313873726,FALSE
"铅钡","35",8,13,-0.56732047651293,-0.564758494820767,0.00256198169216382,0.00256198169216382,TRUE
"铅钡","35",8,14,0.386127534481157,0.388981578491946,0.00285404401078837,0.00285404401078837,TRUE
"铅钡","35",9,10,-0.0817406514741246,-0.0912862400195371,-0.00954558854541254,0.00954558854541254,TRUE
"铅钡","35",9,11,0.163515564051569,0.162766542384775,-0.000749021666794664,0.000749021666794664,TRUE
"铅钡","35",9,12,0.141694479567348,0.172025179970651,0.0303307004033026,0.0303307004033026,TRUE
"铅钡","35",9,13,0.00429197339331716,-0.00604049903922133,-0.0103324724325385,0.0103324724325385,FALSE
"铅钡","35",9,14,0.000932984375030425,-0.00207540517813965,-0.00300838955317007,0.00300838955317007,FALSE
"铅钡","35",10,11,-0.306665140269122,-0.308622761665932,-0.00195762139681055,0.00195762139681055,TRUE
"铅钡","35",10,12,0.00273204655993985,0.0177484353415538,0.0150163887816139,0.0150163887816139,TRUE
"铅钡","35",10,13,-0.00151100012354863,-0.00746607627511492,-0.00595507615156629,0.00595507615156629,TRUE
"铅钡","35",10,14,0.281443293399004,0.280502145854111,-0.000941147544893106,0.000941147544893106,TRUE
"铅钡","35",11,12,0.0612725898186707,0.0660836784544094,0.0048110886357387,0.0048110886357387,TRUE
"铅钡","35",11,13,-0.156849542999958,-0.158795648327858,-0.00194610532790018,0.00194610532790018,TRUE
"铅钡","35",11,14,0.179640675374564,0.179319847710544,-0.000320827664019613,0.000320827664019613,TRUE
"铅钡","35",12,13,-0.136130144878921,-0.121838821644952,0.0142913232339691,0.0142913232339691,TRUE
"铅钡","35",12,14,0.111754790810533,0.119431227248398,0.00767643643786518,0.00767643643786518,TRUE
"铅钡","35",13,14,-0.181384208932658,-0.184135636269921,-0.00275142733726361,0.00275142733726361,TRUE
"铅钡","36",1,2,0.387523957612379,0.385630724000722,-0.00189323361165744,0.00189323361165744,TRUE
"铅钡","36",1,3,0.228797605759243,0.225282732380378,-0.003514873378865,0.003514873378865,TRUE
"铅钡","36",1,4,-0.355658624390269,-0.352246837899663,0.00341178649060631,0.00341178649060631,TRUE
"铅钡","36",1,5,0.0314736239332106,0.04234012574596,0.0108665018127493,0.0108665018127493,TRUE
"铅钡","36",1,6,0.523569636177258,0.531739967547659,0.00817033137040102,0.00817033137040102,TRUE
"铅钡","36",1,7,0.00896500867408218,0.00539318661807313,-0.00357182205600905,0.00357182205600905,TRUE
"铅钡","36",1,8,-0.078807711440175,-0.0786167547202478,0.000190956719927138,0.000190956719927138,TRUE
"铅钡","36",1,9,0.0782389207139882,0.0732526374008651,-0.00498628331312312,0.00498628331312312,TRUE
"铅钡","36",1,10,0.0169940233852727,0.0136505987363533,-0.00334342464891936,0.00334342464891936,TRUE
"铅钡","36",1,11,-0.442884846754735,-0.440419678265284,0.00246516848945155,0.00246516848945155,TRUE
"铅钡","36",1,12,-0.405414568376801,-0.407118715012513,-0.00170414663571156,0.00170414663571156,TRUE
"铅钡","36",1,13,0.162785470824505,0.164763022837312,0.00197755201280661,0.00197755201280661,TRUE
"铅钡","36",1,14,-0.393845594224813,-0.39267119746633,0.00117439675848269,0.00117439675848269,TRUE
"铅钡","36",2,3,0.0597086312240278,0.0417787074861942,-0.0179299237378335,0.0179299237378335,TRUE
"铅钡","36",2,4,-0.306707790289593,-0.290430581695496,0.016277208594097,0.016277208594097,TRUE
"铅钡","36",2,5,-0.0283363657795519,0.0134845444374999,0.0418209102170518,0.0418209102170518,FALSE
"铅钡","36",2,6,0.196520770713179,0.223935063871054,0.0274142931578755,0.0274142931578755,TRUE
"铅钡","36",2,7,-0.244863554505206,-0.266896401888025,-0.0220328473828191,0.0220328473828191,TRUE
"铅钡","36",2,8,0.00693077503836697,0.00841250568809805,0.00148173064973109,0.00148173064973109,TRUE
"铅钡","36",2,9,-0.179517729608024,-0.208168324641488,-0.0286505950334637,0.0286505950334637,TRUE
"铅钡","36",2,10,0.111941093229568,0.100811547390627,-0.0111295458389411,0.0111295458389411,TRUE
"铅钡","36",2,11,-0.655999924925786,-0.644960789091197,0.0110391358345883,0.0110391358345883,TRUE
"铅钡","36",2,12,-0.100383893901076,-0.107315126849126,-0.00693123294805013,0.00693123294805013,TRUE
"铅钡","36",2,13,-0.0875873889053817,-0.0829521294342034,0.00463525947117835,0.00463525947117835,TRUE
"铅钡","36",2,14,-0.212223176307397,-0.209354065435494,0.00286911087190281,0.00286911087190281,TRUE
"铅钡","36",3,4,-0.353780277873086,-0.347568389137629,0.00621188873545653,0.00621188873545653,TRUE
"铅钡","36",3,5,0.116030407125434,0.134582735072244,0.0185523279468095,0.0185523279468095,TRUE
"铅钡","36",3,6,0.420627619904456,0.43201428524326,0.0113866653388049,0.0113866653388049,TRUE
"铅钡","36",3,7,0.00831808266171102,0.00271722904174056,-0.00560085361997045,0.00560085361997045,TRUE
"铅钡","36",3,8,-0.218551780512528,-0.218872455715957,-0.0003206752034286,0.0003206752034286,TRUE
"铅钡","36",3,9,-0.293952217550467,-0.305131499801199,-0.0111792822507321,0.0111792822507321,TRUE
"铅钡","36",3,10,-0.0806002332811004,-0.0863838300775254,-0.00578359679642494,0.00578359679642494,TRUE
"铅钡","36",3,11,-0.304723869346192,-0.296022455806197,0.00870141353999493,0.00870141353999493,TRUE
"铅钡","36",3,12,-0.265354112529637,-0.26798360628556,-0.00262949375592275,0.00262949375592275,TRUE
"铅钡","36",3,13,0.0419051642023464,0.0446783977413217,0.00277323353897528,0.00277323353897528,TRUE
"铅钡","36",3,14,-0.0884794205922686,-0.0856730015166308,0.00280641907563781,0.00280641907563781,TRUE
"铅钡","36",4,5,-0.0145588989726392,-0.0364044366053563,-0.0218455376327171,0.0218455376327171,TRUE
"铅钡","36",4,6,-0.336293156554504,-0.350657737002893,-0.014364580448389,0.014364580448389,TRUE
"铅钡","36",4,7,0.20123829444502,0.210538763967379,0.00930046952235891,0.00930046952235891,TRUE
"铅钡","36",4,8,-0.279482433659153,-0.281966225726789,-0.00248379206763627,0.00248379206763627,TRUE
"铅钡","36",4,9,0.123548152930095,0.136487933767706,0.0129397808376108,0.0129397808376108,TRUE
"铅钡","36",4,10,-0.067251732704916,-0.0607027849432206,0.00654894776169544,0.00654894776169544,TRUE
"铅钡","36",4,11,0.168791870606677,0.153767232295229,-0.0150246383114485,0.0150246383114485,TRUE
"铅钡","36",4,12,0.0779470010722535,0.0806174808932529,0.0026704798209994,0.0026704798209994,TRUE
"铅钡","36",4,13,0.0370674613678593,0.0338552670270958,-0.00321219434076356,0.00321219434076356,TRUE
"铅钡","36",4,14,0.0105264263527887,0.00633841205387606,-0.00418801429891267,0.00418801429891267,TRUE
"铅钡","36",5,6,0.410693685597871,0.402172017845634,-0.00852166775223639,0.00852166775223639,TRUE
"铅钡","36",5,7,0.103299298652924,0.117671848832031,0.0143725501791069,0.0143725501791069,TRUE
"铅钡","36",5,8,-0.289825620905861,-0.295945444829632,-0.00611982392377081,0.00611982392377081,TRUE
"铅钡","36",5,9,-0.206563347984303,-0.192394873323076,0.0141684746612276,0.0141684746612276,TRUE
"铅钡","36",5,10,-0.52805299936826,-0.526644755884822,0.00140824348343727,0.00140824348343727,TRUE
"铅钡","36",5,11,-0.027404440648597,-0.0581372638803876,-0.0307328232317907,0.0307328232317907,TRUE
"铅钡","36",5,12,0.0205187220803414,0.0243919700284972,0.00387324794815578,0.00387324794815578,TRUE
"铅钡","36",5,13,0.0894599362647757,0.0853804027489963,-0.00407953351577933,0.00407953351577933,TRUE
"铅钡","36",5,14,-0.564445233505777,-0.581659467585369,-0.0172142340795919,0.0172142340795919,TRUE
"铅钡","36",6,7,0.203664125537772,0.211132070058221,0.00746794452044897,0.00746794452044897,TRUE
"铅钡","36",6,8,-0.226044414625151,-0.227558251301478,-0.00151383667632621,0.00151383667632621,TRUE
"铅钡","36",6,9,-0.266426530914206,-0.25956310878561,0.00686342212859686,0.00686342212859686,TRUE
"铅钡","36",6,10,-0.338008209406635,-0.334335175941746,0.00367303346488862,0.00367303346488862,TRUE
"铅钡","36",6,11,-0.315828388842643,-0.336082650350089,-0.0202542615074455,0.0202542615074455,TRUE
"铅钡","36",6,12,-0.393605267546621,-0.393636687830496,-3.14202838754274e-05,3.14202838754274e-05,TRUE
"铅钡","36",6,13,0.21955960403091,0.217788128638025,-0.00177147539288544,0.00177147539288544,TRUE
"铅钡","36",6,14,-0.476967541457419,-0.482841004626799,-0.00587346316937998,0.00587346316937998,TRUE
"铅钡","36",7,8,-0.496838473763456,-0.497548674357268,-0.000710200593812105,0.000710200593812105,TRUE
"铅钡","36",7,9,-0.0657825007642135,-0.0728639577502754,-0.00708145698606183,0.00708145698606183,TRUE
"铅钡","36",7,10,-0.332608832894976,-0.338059905086466,-0.0054510721914896,0.0054510721914896,TRUE
"铅钡","36",7,11,0.112678882230645,0.124845056292324,0.0121661740616794,0.0121661740616794,TRUE
"铅钡","36",7,12,-0.194445224709006,-0.196132844811284,-0.00168762010227819,0.00168762010227819,TRUE
"铅钡","36",7,13,0.218988084043737,0.221556602925963,0.00256851888222581,0.00256851888222581,TRUE
"铅钡","36",7,14,-0.465323564499552,-0.464204240091148,0.00111932440840468,0.00111932440840468,TRUE
"铅钡","36",8,9,0.131815321030706,0.133048765857098,0.00123344482639254,0.00123344482639254,TRUE
"铅钡","36",8,10,0.220831132098425,0.221612299432793,0.000781167334368282,0.000781167334368282,TRUE
"铅钡","36",8,11,0.0718740967436118,0.0718797139287136,5.61718510178055e-06,5.61718510178055e-06,TRUE
"铅钡","36",8,12,0.00906971695505722,0.009177564741112,0.000107847786054775,0.000107847786054775,TRUE
"铅钡","36",8,13,-0.56732047651293,-0.567761463558972,-0.000440987046042007,0.000440987046042007,TRUE
"铅钡","36",8,14,0.386127534481157,0.386190062938877,6.25284577197016e-05,6.25284577197016e-05,TRUE
"铅钡","36",9,10,-0.0817406514741246,-0.0885454727386744,-0.00680482126454984,0.00680482126454984,TRUE
"铅钡","36",9,11,0.163515564051569,0.182420052068426,0.0189044880168572,0.0189044880168572,TRUE
"铅钡","36",9,12,0.141694479567348,0.140551725361421,-0.00114275420592724,0.00114275420592724,TRUE
"铅钡","36",9,13,0.00429197339331716,0.00735639343343169,0.00306442004011453,0.00306442004011453,TRUE
"铅钡","36",9,14,0.000932984375030425,0.00467308319581802,0.00374009882078759,0.00374009882078759,TRUE
"铅钡","36",10,11,-0.306665140269122,-0.301232946946519,0.00543219332260314,0.00543219332260314,TRUE
"铅钡","36",10,12,0.00273204655993985,0.00157454585192318,-0.00115750070801667,0.00115750070801667,TRUE
"铅钡","36",10,13,-0.00151100012354863,0.000367053571673692,0.00187805369522232,0.00187805369522232,FALSE
"铅钡","36",10,14,0.281443293399004,0.284491876580961,0.00304858318195733,0.00304858318195733,TRUE
"铅钡","36",11,12,0.0612725898186707,0.0650435073161494,0.00377091749747877,0.00377091749747877,TRUE
"铅钡","36",11,13,-0.156849542999958,-0.163733969968691,-0.00688442696873365,0.00688442696873365,TRUE
"铅钡","36",11,14,0.179640675374564,0.176103564377788,-0.00353711099677598,0.00353711099677598,TRUE
"铅钡","36",12,13,-0.136130144878921,-0.135649198925692,0.000480945953229256,0.000480945953229256,TRUE
"铅钡","36",12,14,0.111754790810533,0.112548425272123,0.000793634461590045,0.000793634461590045,TRUE
"铅钡","36",13,14,-0.181384208932658,-0.182719951219612,-0.00133574228695391,0.00133574228695391,TRUE
"铅钡","37",1,2,0.387523957612379,0.398320713319251,0.0107967557068718,0.0107967557068718,TRUE
"铅钡","37",1,3,0.228797605759243,0.222364582028108,-0.00643302373113513,0.00643302373113513,TRUE
"铅钡","37",1,4,-0.355658624390269,-0.353391235870518,0.0022673885197515,0.0022673885197515,TRUE
"铅钡","37",1,5,0.0314736239332106,0.0487301581091507,0.0172565341759401,0.0172565341759401,TRUE
"铅钡","37",1,6,0.523569636177258,0.528855723650224,0.00528608747296644,0.00528608747296644,TRUE
"铅钡","37",1,7,0.00896500867408218,0.0228001241405454,0.0138351154664633,0.0138351154664633,TRUE
"铅钡","37",1,8,-0.078807711440175,-0.0877921894768977,-0.00898447803672275,0.00898447803672275,TRUE
"铅钡","37",1,9,0.0782389207139882,0.0916835503735265,0.0134446296595383,0.0134446296595383,TRUE
"铅钡","37",1,10,0.0169940233852727,0.0145973078686689,-0.00239671551660385,0.00239671551660385,TRUE
"铅钡","37",1,11,-0.442884846754735,-0.446893801549948,-0.00400895479521285,0.00400895479521285,TRUE
"铅钡","37",1,12,-0.405414568376801,-0.408800805655536,-0.00338623727873494,0.00338623727873494,TRUE
"铅钡","37",1,13,0.162785470824505,0.169372206963558,0.00658673613905261,0.00658673613905261,TRUE
"铅钡","37",1,14,-0.393845594224813,-0.460077519514019,-0.0662319252892062,0.0662319252892062,TRUE
"铅钡","37",2,3,0.0597086312240278,0.0710479973943067,0.011339366170279,0.011339366170279,TRUE
"铅钡","37",2,4,-0.306707790289593,-0.313311730475369,-0.00660394018577576,0.00660394018577576,TRUE
"铅钡","37",2,5,-0.0283363657795519,-0.0498859663615158,-0.0215496005819639,0.0215496005819639,TRUE
"铅钡","37",2,6,0.196520770713179,0.193559063671051,-0.00296170704212789,0.00296170704212789,TRUE
"铅钡","37",2,7,-0.244863554505206,-0.26704140189139,-0.0221778473861847,0.0221778473861847,TRUE
"铅钡","37",2,8,0.00693077503836697,0.0174804622566963,0.0105496872183293,0.0105496872183293,TRUE
"铅钡","37",2,9,-0.179517729608024,-0.198051048684905,-0.0185333190768808,0.0185333190768808,TRUE
"铅钡","37",2,10,0.111941093229568,0.115642342613001,0.00370124938343293,0.00370124938343293,TRUE
"铅钡","37",2,11,-0.655999924925786,-0.656430314286615,-0.000430389360829508,0.000430389360829508,TRUE
"铅钡","37",2,12,-0.100383893901076,-0.0983641520461476,0.00201974185492861,0.00201974185492861,TRUE
"铅钡","37",2,13,-0.0875873889053817,-0.0953909228667695,-0.00780353396138778,0.00780353396138778,TRUE
"铅钡","37",2,14,-0.212223176307397,-0.18992235467705,0.0223008216303468,0.0223008216303468,TRUE
"铅钡","37",3,4,-0.353780277873086,-0.351044921612283,0.00273535626080268,0.00273535626080268,TRUE
"铅钡","37",3,5,0.116030407125434,0.142079985076881,0.026049577951447,0.026049577951447,TRUE
"铅钡","37",3,6,0.420627619904456,0.427935879676128,0.00730825977167221,0.00730825977167221,TRUE
"铅钡","37",3,7,0.00831808266171102,0.0274312215773536,0.0191131389156426,0.0191131389156426,TRUE
"铅钡","37",3,8,-0.218551780512528,-0.232562157315037,-0.0140103768025091,0.0140103768025091,TRUE
"铅钡","37",3,9,-0.293952217550467,-0.282308582932531,0.011643634617936,0.011643634617936,TRUE
"铅钡","37",3,10,-0.0806002332811004,-0.0845154248710529,-0.00391519158995243,0.00391519158995243,TRUE
"铅钡","37",3,11,-0.304723869346192,-0.310036406959735,-0.00531253761354344,0.00531253761354344,TRUE
"铅钡","37",3,12,-0.265354112529637,-0.269784267461881,-0.00443015493224419,0.00443015493224419,TRUE
"铅钡","37",3,13,0.0419051642023464,0.0501040602947608,0.00819889609241439,0.00819889609241439,TRUE
"铅钡","37",3,14,-0.0884794205922686,-0.141259724505376,-0.0527803039131079,0.0527803039131079,TRUE
"铅钡","37",4,5,-0.0145588989726392,-0.0250354629787582,-0.010476564006119,0.010476564006119,TRUE
"铅钡","37",4,6,-0.336293156554504,-0.338964504240499,-0.00267134768599503,0.00267134768599503,TRUE
"铅钡","37",4,7,0.20123829444502,0.196107783513964,-0.00513051093105554,0.00513051093105554,TRUE
"铅钡","37",4,8,-0.279482433659153,-0.276266635636341,0.00321579802281191,0.00321579802281191,TRUE
"铅钡","37",4,9,0.123548152930095,0.117656570462934,-0.00589158246716184,0.00589158246716184,TRUE
"铅钡","37",4,10,-0.067251732704916,-0.0658500111416224,0.00140172156329359,0.00140172156329359,TRUE
"铅钡","37",4,11,0.168791870606677,0.170572172683423,0.00178030207674554,0.00178030207674554,TRUE
"铅钡","37",4,12,0.0779470010722535,0.0793028198948693,0.00135581882261579,0.00135581882261579,TRUE
"铅钡","37",4,13,0.0370674613678593,0.0337210738673979,-0.00334638750046148,0.00334638750046148,TRUE
"铅钡","37",4,14,0.0105264263527887,0.0313748601057325,0.0208484337529438,0.0208484337529438,TRUE
"铅钡","37",5,6,0.410693685597871,0.411343070548922,0.000649384951051546,0.000649384951051546,TRUE
"铅钡","37",5,7,0.103299298652924,0.0703656283224846,-0.0329336703304393,0.0329336703304393,TRUE
"铅钡","37",5,8,-0.289825620905861,-0.275501648304279,0.0143239726015818,0.0143239726015818,TRUE
"铅钡","37",5,9,-0.206563347984303,-0.246635066494083,-0.0400717185097791,0.0400717185097791,TRUE
"铅钡","37",5,10,-0.52805299936826,-0.533282263368953,-0.00522926400069346,0.00522926400069346,TRUE
"铅钡","37",5,11,-0.027404440648597,-0.0214510439758368,0.00595339667276017,0.00595339667276017,TRUE
"铅钡","37",5,12,0.0205187220803414,0.0263944128835016,0.00587569080316015,0.00587569080316015,TRUE
"铅钡","37",5,13,0.0894599362647757,0.0764196093734795,-0.0130403268912962,0.0130403268912962,TRUE
"铅钡","37",5,14,-0.564445233505777,-0.537140399650337,0.0273048338554401,0.0273048338554401,TRUE
"铅钡","37",6,7,0.203664125537772,0.199694858785143,-0.00396926675262904,0.00396926675262904,TRUE
"铅钡","37",6,8,-0.226044414625151,-0.22311640918919,0.002928005435961,0.002928005435961,TRUE
"铅钡","37",6,9,-0.266426530914206,-0.276385687591823,-0.00995915667761665,0.00995915667761665,TRUE
"铅钡","37",6,10,-0.338008209406635,-0.337164382563074,0.000843826843561324,0.000843826843561324,TRUE
"铅钡","37",6,11,-0.315828388842643,-0.314961454551463,0.000866934291180399,0.000866934291180399,TRUE
"铅钡","37",6,12,-0.393605267546621,-0.393007458447637,0.000597809098983326,0.000597809098983326,TRUE
"铅钡","37",6,13,0.21955960403091,0.217326600338511,-0.00223300369239909,0.00223300369239909,TRUE
"铅钡","37",6,14,-0.476967541457419,-0.499614407776645,-0.0226468663192253,0.0226468663192253,TRUE
"铅钡","37",7,8,-0.496838473763456,-0.488655476738408,0.00818299702504832,0.00818299702504832,TRUE
"铅钡","37",7,9,-0.0657825007642135,-0.0949646093400491,-0.0291821085758356,0.0291821085758356,TRUE
"铅钡","37",7,10,-0.332608832894976,-0.33232731198484,0.000281520910135946,0.000281520910135946,TRUE
"铅钡","37",7,11,0.112678882230645,0.11989506012722,0.00721617789657579,0.00721617789657579,TRUE
"铅钡","37",7,12,-0.194445224709006,-0.192959706270242,0.00148551843876354,0.00148551843876354,TRUE
"铅钡","37",7,13,0.218988084043737,0.210237178520855,-0.00875090552288274,0.00875090552288274,TRUE
"铅钡","37",7,14,-0.465323564499552,-0.438902712005782,0.0264208524937709,0.0264208524937709,TRUE
"铅钡","37",8,9,0.131815321030706,0.15078792482308,0.0189726037923746,0.0189726037923746,TRUE
"铅钡","37",8,10,0.220831132098425,0.21884725374654,-0.00198387835188504,0.00198387835188504,TRUE
"铅钡","37",8,11,0.0718740967436118,0.0690026003619745,-0.00287149638163732,0.00287149638163732,TRUE
"铅钡","37",8,12,0.00906971695505722,0.00639253638708561,-0.00267718056797161,0.00267718056797161,TRUE
"铅钡","37",8,13,-0.56732047651293,-0.56431695105867,0.00300352545426052,0.00300352545426052,TRUE
"铅钡","37",8,14,0.386127534481157,0.376349926364646,-0.00977760811651118,0.00977760811651118,TRUE
"铅钡","37",9,10,-0.0817406514741246,-0.0778585533232741,0.00388209815085047,0.00388209815085047,TRUE
"铅钡","37",9,11,0.163515564051569,0.170474099563026,0.00695853551145645,0.00695853551145645,TRUE
"铅钡","37",9,12,0.141694479567348,0.147499499376371,0.00580501980902326,0.00580501980902326,TRUE
"铅钡","37",9,13,0.00429197339331716,-0.00698052283315376,-0.0112724962264709,0.0112724962264709,FALSE
"铅钡","37",9,14,0.000932984375030425,0.0659431158614445,0.065010131486414,0.065010131486414,TRUE
"铅钡","37",10,11,-0.306665140269122,-0.30794555144485,-0.00128041117572769,0.00128041117572769,TRUE
"铅钡","37",10,12,0.00273204655993985,0.00192581007722396,-0.00080623648271589,0.00080623648271589,TRUE
"铅钡","37",10,13,-0.00151100012354863,0.000758188998281029,0.00226918912182966,0.00226918912182966,FALSE
"铅钡","37",10,14,0.281443293399004,0.291797779228655,0.0103544858296515,0.0103544858296515,TRUE
"铅钡","37",11,12,0.0612725898186707,0.0605197891446641,-0.000752800674006605,0.000752800674006605,TRUE
"铅钡","37",11,13,-0.156849542999958,-0.15507827272396,0.00177127027599727,0.00177127027599727,TRUE
"铅钡","37",11,14,0.179640675374564,0.18162797354811,0.00198729817354668,0.00198729817354668,TRUE
"铅钡","37",12,13,-0.136130144878921,-0.134668382771695,0.00146176210722596,0.00146176210722596,TRUE
"铅钡","37",12,14,0.111754790810533,0.11034742500289,-0.00140736580764338,0.00140736580764338,TRUE
"铅钡","37",13,14,-0.181384208932658,-0.166857005670297,0.0145272032623613,0.0145272032623613,TRUE
"铅钡","38",1,2,0.387523957612379,0.393211508915941,0.00568755130356169,0.00568755130356169,TRUE
"铅钡","38",1,3,0.228797605759243,0.231850272235964,0.00305266647672098,0.00305266647672098,TRUE
"铅钡","38",1,4,-0.355658624390269,-0.355804616076084,-0.000145991685814917,0.000145991685814917,TRUE
"铅钡","38",1,5,0.0314736239332106,0.033443210255064,0.0019695863218534,0.0019695863218534,TRUE
"铅钡","38",1,6,0.523569636177258,0.523655509248447,8.58730711896794e-05,8.58730711896794e-05,TRUE
"铅钡","38",1,7,0.00896500867408218,0.0086039240169044,-0.000361084657177784,0.000361084657177784,TRUE
"铅钡","38",1,8,-0.078807711440175,-0.0787664266453608,4.12847948141476e-05,4.12847948141476e-05,TRUE
"铅钡","38",1,9,0.0782389207139882,0.0779439332165943,-0.000294987497393914,0.000294987497393914,TRUE
"铅钡","38",1,10,0.0169940233852727,0.0166837302577755,-0.0003102931274972,0.0003102931274972,TRUE
"铅钡","38",1,11,-0.442884846754735,-0.442884131808114,7.14946621349632e-07,7.14946621349632e-07,TRUE
"铅钡","38",1,12,-0.405414568376801,-0.407780220094762,-0.00236565171796083,0.00236565171796083,TRUE
"铅钡","38",1,13,0.162785470824505,0.163219541587983,0.000434070763477817,0.000434070763477817,TRUE
"铅钡","38",1,14,-0.393845594224813,-0.393911025450523,-6.54312257096223e-05,6.54312257096223e-05,TRUE
"铅钡","38",2,3,0.0597086312240278,0.0872349239081912,0.0275262926841635,0.0275262926841635,TRUE
"铅钡","38",2,4,-0.306707790289593,-0.302312335973132,0.00439545431646166,0.00439545431646166,TRUE
"铅钡","38",2,5,-0.0283363657795519,0.00766319138375667,0.0359995571633085,0.0359995571633085,FALSE
"铅钡","38",2,6,0.196520770713179,0.201607265372675,0.00508649465949582,0.00508649465949582,TRUE
"铅钡","38",2,7,-0.244863554505206,-0.259641130153732,-0.0147775756485267,0.0147775756485267,TRUE
"铅钡","38",2,8,0.00693077503836697,0.00825605086364998,0.00132527582528301,0.00132527582528301,TRUE
"铅钡","38",2,9,-0.179517729608024,-0.207273368006633,-0.0277556383986086,0.0277556383986086,TRUE
"铅钡","38",2,10,0.111941093229568,0.105313812462138,-0.00662728076743067,0.00662728076743067,TRUE
"铅钡","38",2,11,-0.655999924925786,-0.662386144093522,-0.0063862191677363,0.0063862191677363,TRUE
"铅钡","38",2,12,-0.100383893901076,-0.12019737963743,-0.0198134857363536,0.0198134857363536,TRUE
"铅钡","38",2,13,-0.0875873889053817,-0.0814097784508624,0.00617761045451931,0.00617761045451931,TRUE
"铅钡","38",2,14,-0.212223176307397,-0.208051843236662,0.00417133307073486,0.00417133307073486,TRUE
"铅钡","38",3,4,-0.353780277873086,-0.364882558661514,-0.0111022807884283,0.0111022807884283,TRUE
"铅钡","38",3,5,0.116030407125434,0.0931337180440787,-0.0228966890813554,0.0228966890813554,TRUE
"铅钡","38",3,6,0.420627619904456,0.423400897133879,0.00277327722942372,0.00277327722942372,TRUE
"铅钡","38",3,7,0.00831808266171102,0.0154435621570186,0.0071254794953076,0.0071254794953076,TRUE
"铅钡","38",3,8,-0.218551780512528,-0.221386669236177,-0.00283488872364857,0.00283488872364857,TRUE
"铅钡","38",3,9,-0.293952217550467,-0.2824540965245,0.0114981210259666,0.0114981210259666,TRUE
"铅钡","38",3,10,-0.0806002332811004,-0.0752254686128807,0.00537476466821968,0.00537476466821968,TRUE
"铅钡","38",3,11,-0.304723869346192,-0.311768526916523,-0.00704465757033135,0.00704465757033135,TRUE
"铅钡","38",3,12,-0.265354112529637,-0.256507737404338,0.00884637512529929,0.00884637512529929,TRUE
"铅钡","38",3,13,0.0419051642023464,0.0367900185016704,-0.005115145700676,0.005115145700676,TRUE
"铅钡","38",3,14,-0.0884794205922686,-0.0951688927934405,-0.00668947220117193,0.00668947220117193,TRUE
"铅钡","38",4,5,-0.0145588989726392,-0.0253828476968851,-0.0108239487242459,0.0108239487242459,TRUE
"铅钡","38",4,6,-0.336293156554504,-0.337229886659044,-0.000936730104540096,0.000936730104540096,TRUE
"铅钡","38",4,7,0.20123829444502,0.204648284159398,0.00340998971437834,0.00340998971437834,TRUE
"铅钡","38",4,8,-0.279482433659153,-0.280243160198273,-0.000760726539120071,0.000760726539120071,TRUE
"铅钡","38",4,9,0.123548152930095,0.131215343616398,0.00766719068630277,0.00766719068630277,TRUE
"铅钡","38",4,10,-0.067251732704916,-0.0649251393161969,0.00232659338871909,0.00232659338871909,TRUE
"铅钡","38",4,11,0.168791870606677,0.167454706774278,-0.00133716383239926,0.00133716383239926,TRUE
"铅钡","38",4,12,0.0779470010722535,0.083381180132115,0.0054341790598615,0.0054341790598615,TRUE
"铅钡","38",4,13,0.0370674613678593,0.0349230789341138,-0.00214438243374553,0.00214438243374553,TRUE
"铅钡","38",4,14,0.0105264263527887,0.00821156287533267,-0.00231486347745606,0.00231486347745606,TRUE
"铅钡","38",5,6,0.410693685597871,0.416794072889445,0.00610038729157431,0.00610038729157431,TRUE
"铅钡","38",5,7,0.103299298652924,0.115428275636922,0.0121289769839982,0.0121289769839982,TRUE
"铅钡","38",5,8,-0.289825620905861,-0.296408358965027,-0.00658273805916582,0.00658273805916582,TRUE
"铅钡","38",5,9,-0.206563347984303,-0.188553353603047,0.0180099943812565,0.0180099943812565,TRUE
"铅钡","38",5,10,-0.52805299936826,-0.529534383611672,-0.00148138424341238,0.00148138424341238,TRUE
"铅钡","38",5,11,-0.027404440648597,-0.0338396378827078,-0.00643519723411085,0.00643519723411085,TRUE
"铅钡","38",5,12,0.0205187220803414,0.038701950736743,0.0181832286564016,0.0181832286564016,TRUE
"铅钡","38",5,13,0.0894599362647757,0.0832768656609774,-0.00618307060379829,0.00618307060379829,TRUE
"铅钡","38",5,14,-0.564445233505777,-0.583733899715387,-0.0192886662096093,0.0192886662096093,TRUE
"铅钡","38",6,7,0.203664125537772,0.204355736845277,0.000691611307504947,0.000691611307504947,TRUE
"铅钡","38",6,8,-0.226044414625151,-0.226104935890061,-6.05212649091857e-05,6.05212649091857e-05,TRUE
"铅钡","38",6,9,-0.266426530914206,-0.26742454247055,-0.000998011556343437,0.000998011556343437,TRUE
"铅钡","38",6,10,-0.338008209406635,-0.338013640764657,-5.43135802177908e-06,5.43135802177908e-06,TRUE
"铅钡","38",6,11,-0.315828388842643,-0.316226077932427,-0.000397689089783826,0.000397689089783826,TRUE
"铅钡","38",6,12,-0.393605267546621,-0.394546901131106,-0.000941633584485901,0.000941633584485901,TRUE
"铅钡","38",6,13,0.21955960403091,0.219428856536077,-0.000130747494833605,0.000130747494833605,TRUE
"铅钡","38",6,14,-0.476967541457419,-0.477759456844644,-0.000791915387225228,0.000791915387225228,TRUE
"铅钡","38",7,8,-0.496838473763456,-0.497196100532363,-0.000357626768906882,0.000357626768906882,TRUE
"铅钡","38",7,9,-0.0657825007642135,-0.0726477640192428,-0.0068652632550293,0.0068652632550293,TRUE
"铅钡","38",7,10,-0.332608832894976,-0.335797868716128,-0.0031890358211516,0.0031890358211516,TRUE
"铅钡","38",7,11,0.112678882230645,0.114478378213719,0.00179949598307468,0.00179949598307468,TRUE
"铅钡","38",7,12,-0.194445224709006,-0.20029866659485,-0.00585344188584438,0.00585344188584438,TRUE
"铅钡","38",7,13,0.218988084043737,0.221602068782418,0.00261398473868019,0.00261398473868019,TRUE
"铅钡","38",7,14,-0.465323564499552,-0.464146258596966,0.00117730590258619,0.00117730590258619,TRUE
"铅钡","38",8,9,0.131815321030706,0.133533276928058,0.00171795589735269,0.00171795589735269,TRUE
"铅钡","38",8,10,0.220831132098425,0.221354136702447,0.000523004604021687,0.000523004604021687,TRUE
"铅钡","38",8,11,0.0718740967436118,0.0717177130203128,-0.000156383723299,0.000156383723299,TRUE
"铅钡","38",8,12,0.00906971695505722,0.0096812234579991,0.000611506502941875,0.000611506502941875,TRUE
"铅钡","38",8,13,-0.56732047651293,-0.568063108976122,-0.000742632463191173,0.000742632463191173,TRUE
"铅钡","38",8,14,0.386127534481157,0.386222427402554,9.48929213970828e-05,9.48929213970828e-05,TRUE
"铅钡","38",9,10,-0.0817406514741246,-0.0879615819983816,-0.00622093052425696,0.00622093052425696,TRUE
"铅钡","38",9,11,0.163515564051569,0.168479628296622,0.00496406424505227,0.00496406424505227,TRUE
"铅钡","38",9,12,0.141694479567348,0.132249514747176,-0.00944496482017224,0.00944496482017224,TRUE
"铅钡","38",9,13,0.00429197339331716,0.00927510605366041,0.00498313266034324,0.00498313266034324,TRUE
"铅钡","38",9,14,0.000932984375030425,0.00613239858765449,0.00519941421262406,0.00519941421262406,TRUE
"铅钡","38",10,11,-0.306665140269122,-0.305728496332751,0.000936643936370829,0.000936643936370829,TRUE
"铅钡","38",10,12,0.00273204655993985,-0.00145369244463995,-0.0041857390045798,0.0041857390045798,FALSE
"铅钡","38",10,13,-0.00151100012354863,0.000362907307163409,0.00187390743071204,0.00187390743071204,FALSE
"铅钡","38",10,14,0.281443293399004,0.283967756137472,0.00252446273846857,0.00252446273846857,TRUE
"铅钡","38",11,12,0.0612725898186707,0.0643611794816209,0.00308858966295025,0.00308858966295025,TRUE
"铅钡","38",11,13,-0.156849542999958,-0.15830694773073,-0.0014574047307721,0.0014574047307721,TRUE
"铅钡","38",11,14,0.179640675374564,0.17857629294106,-0.00106438243350357,0.00106438243350357,TRUE
"铅钡","38",12,13,-0.136130144878921,-0.133063288151954,0.00306685672696741,0.00306685672696741,TRUE
"铅钡","38",12,14,0.111754790810533,0.116262727651325,0.0045079368407923,0.0045079368407923,TRUE
"铅钡","38",13,14,-0.181384208932658,-0.183462497438422,-0.00207828850576455,0.00207828850576455,TRUE
"铅钡","39",1,2,0.387523957612379,0.391682092267835,0.00415813465545584,0.00415813465545584,TRUE
"铅钡","39",1,3,0.228797605759243,0.234412876806334,0.0056152710470917,0.0056152710470917,TRUE
"铅钡","39",1,4,-0.355658624390269,-0.359898467591332,-0.00423984320106258,0.00423984320106258,TRUE
"铅钡","39",1,5,0.0314736239332106,0.0403335296545056,0.00885990572129493,0.00885990572129493,TRUE
"铅钡","39",1,6,0.523569636177258,0.556634187851899,0.033064551674641,0.033064551674641,TRUE
"铅钡","39",1,7,0.00896500867408218,0.0157016941312159,0.00673668545713377,0.00673668545713377,TRUE
"铅钡","39",1,8,-0.078807711440175,-0.0822544056647676,-0.00344669422459261,0.00344669422459261,TRUE
"铅钡","39",1,9,0.0782389207139882,0.0655448606087094,-0.0126940601052788,0.0126940601052788,TRUE
"铅钡","39",1,10,0.0169940233852727,0.0135193928695094,-0.00347463051576326,0.00347463051576326,TRUE
"铅钡","39",1,11,-0.442884846754735,-0.448073574371151,-0.00518872761641531,0.00518872761641531,TRUE
"铅钡","39",1,12,-0.405414568376801,-0.427306513961493,-0.0218919455846923,0.0218919455846923,TRUE
"铅钡","39",1,13,0.162785470824505,0.161066217598606,-0.00171925322589891,0.00171925322589891,TRUE
"铅钡","39",1,14,-0.393845594224813,-0.394422462976689,-0.000576868751876403,0.000576868751876403,TRUE
"铅钡","39",2,3,0.0597086312240278,0.0556707926491499,-0.00403783857487788,0.00403783857487788,TRUE
"铅钡","39",2,4,-0.306707790289593,-0.30463441472301,0.00207337556658355,0.00207337556658355,TRUE
"铅钡","39",2,5,-0.0283363657795519,-0.0367852167928186,-0.00844885101326671,0.00844885101326671,TRUE
"铅钡","39",2,6,0.196520770713179,0.189420802602127,-0.00709996811105207,0.00709996811105207,TRUE
"铅钡","39",2,7,-0.244863554505206,-0.253314615684711,-0.00845106117950514,0.00845106117950514,TRUE
"铅钡","39",2,8,0.00693077503836697,0.0100082703691886,0.00307749533082167,0.00307749533082167,TRUE
"铅钡","39",2,9,-0.179517729608024,-0.171677419579297,0.0078403100287274,0.0078403100287274,TRUE
"铅钡","39",2,10,0.111941093229568,0.115706621975604,0.00376552874603546,0.00376552874603546,TRUE
"铅钡","39",2,11,-0.655999924925786,-0.654856186141005,0.00114373878478091,0.00114373878478091,TRUE
"铅钡","39",2,12,-0.100383893901076,-0.0913269937108552,0.009056900190221,0.009056900190221,TRUE
"铅钡","39",2,13,-0.0875873889053817,-0.0857770201921968,0.00181036871318489,0.00181036871318489,TRUE
"铅钡","39",2,14,-0.212223176307397,-0.212564894794182,-0.000341718486784992,0.000341718486784992,TRUE
"铅钡","39",3,4,-0.353780277873086,-0.350975705980066,0.00280457189301964,0.00280457189301964,TRUE
"铅钡","39",3,5,0.116030407125434,0.105545938584501,-0.0104844685409334,0.0104844685409334,TRUE
"铅钡","39",3,6,0.420627619904456,0.415090788367753,-0.00553683153670231,0.00553683153670231,TRUE
"铅钡","39",3,7,0.00831808266171102,-0.00119269514503982,-0.00951077780675084,0.00951077780675084,FALSE
"铅钡","39",3,8,-0.218551780512528,-0.215014289200926,0.0035374913116018,0.0035374913116018,TRUE
"铅钡","39",3,9,-0.293952217550467,-0.283665114570919,0.0102871029795483,0.0102871029795483,TRUE
"铅钡","39",3,10,-0.0806002332811004,-0.075928634530937,0.0046715987501634,0.0046715987501634,TRUE
"铅钡","39",3,11,-0.304723869346192,-0.301172463118054,0.00355140622813777,0.00355140622813777,TRUE
"铅钡","39",3,12,-0.265354112529637,-0.254969161470148,0.0103849510594888,0.0103849510594888,TRUE
"铅钡","39",3,13,0.0419051642023464,0.0450784851810217,0.00317332097867527,0.00317332097867527,TRUE
"铅钡","39",3,14,-0.0884794205922686,-0.0888236041110915,-0.000344183518822913,0.000344183518822913,TRUE
"铅钡","39",4,5,-0.0145588989726392,-0.00630562157261626,0.00825327740002294,0.00825327740002294,TRUE
"铅钡","39",4,6,-0.336293156554504,-0.333526188041311,0.00276696851319325,0.00276696851319325,TRUE
"铅钡","39",4,7,0.20123829444502,0.209624369140125,0.00838607469510547,0.00838607469510547,TRUE
"铅钡","39",4,8,-0.279482433659153,-0.283564759280052,-0.00408232562089933,0.00408232562089933,TRUE
"铅钡","39",4,9,0.123548152930095,0.112748924522919,-0.0107992284071767,0.0107992284071767,TRUE
"铅钡","39",4,10,-0.067251732704916,-0.0710211878906815,-0.00376945518576552,0.00376945518576552,TRUE
"铅钡","39",4,11,0.168791870606677,0.165820915890306,-0.00297095471637093,0.00297095471637093,TRUE
"铅钡","39",4,12,0.0779470010722535,0.067852093990243,-0.0100949070820105,0.0100949070820105,TRUE
"铅钡","39",4,13,0.0370674613678593,0.0350666673079599,-0.00200079405989945,0.00200079405989945,TRUE
"铅钡","39",4,14,0.0105264263527887,0.0105822781221677,5.58517693789902e-05,5.58517693789902e-05,TRUE
"铅钡","39",5,6,0.410693685597871,0.389825191101981,-0.0208684944958892,0.0208684944958892,TRUE
"铅钡","39",5,7,0.103299298652924,0.0872341267932554,-0.0160651718596685,0.0160651718596685,TRUE
"铅钡","39",5,8,-0.289825620905861,-0.284967314008108,0.00485830689775307,0.00485830689775307,TRUE
"铅钡","39",5,9,-0.206563347984303,-0.174210684196368,0.0323526637879353,0.0323526637879353,TRUE
"铅钡","39",5,10,-0.52805299936826,-0.525565753883766,0.00248724548449386,0.00248724548449386,TRUE
"铅钡","39",5,11,-0.027404440648597,-0.0180932354611605,0.00931120518743649,0.00931120518743649,TRUE
"铅钡","39",5,12,0.0205187220803414,0.0536424572046672,0.0331237351243258,0.0331237351243258,TRUE
"铅钡","39",5,13,0.0894599362647757,0.0961714999708541,0.00671156370607842,0.00671156370607842,TRUE
"铅钡","39",5,14,-0.564445233505777,-0.57095467003332,-0.00650943652754288,0.00650943652754288,TRUE
"铅钡","39",6,7,0.203664125537772,0.180888240636266,-0.0227758849015063,0.0227758849015063,TRUE
"铅钡","39",6,8,-0.226044414625151,-0.21909697177896,0.00694744284619145,0.00694744284619145,TRUE
"铅钡","39",6,9,-0.266426530914206,-0.211916588088,0.0545099428262062,0.0545099428262062,TRUE
"铅钡","39",6,10,-0.338008209406635,-0.333548929716851,0.00445927968978355,0.00445927968978355,TRUE
"铅钡","39",6,11,-0.315828388842643,-0.310359538753445,0.00546885008919795,0.00546885008919795,TRUE
"铅钡","39",6,12,-0.393605267546621,-0.359994384409747,0.0336108831368739,0.0336108831368739,TRUE
"铅钡","39",6,13,0.21955960403091,0.236843028574215,0.0172834245433042,0.0172834245433042,TRUE
"铅钡","39",6,14,-0.476967541457419,-0.493176418701452,-0.0162088772440324,0.0162088772440324,TRUE
"铅钡","39",7,8,-0.496838473763456,-0.494365057890307,0.00247341587314903,0.00247341587314903,TRUE
"铅钡","39",7,9,-0.0657825007642135,-0.0350077676645145,0.030774733099699,0.030774733099699,TRUE
"铅钡","39",7,10,-0.332608832894976,-0.328106170741887,0.00450266215308942,0.00450266215308942,TRUE
"铅钡","39",7,11,0.112678882230645,0.121331572434445,0.00865269020380068,0.00865269020380068,TRUE
"铅钡","39",7,12,-0.194445224709006,-0.17473711485312,0.0197081098558854,0.0197081098558854,TRUE
"铅钡","39",7,13,0.218988084043737,0.225124745528086,0.00613666148434897,0.00613666148434897,TRUE
"铅钡","39",7,14,-0.465323564499552,-0.468690500254181,-0.00336693575462826,0.00336693575462826,TRUE
"铅钡","39",8,9,0.131815321030706,0.121024625041238,-0.010790695989468,0.010790695989468,TRUE
"铅钡","39",8,10,0.220831132098425,0.218025295434974,-0.00280583666345099,0.00280583666345099,TRUE
"铅钡","39",8,11,0.0718740967436118,0.0684806051680672,-0.00339349157554462,0.00339349157554462,TRUE
"铅钡","39",8,12,0.00906971695505722,-0.0029612691949341,-0.0120309861499913,0.0120309861499913,FALSE
"铅钡","39",8,13,-0.56732047651293,-0.570768680986634,-0.00344820447370375,0.00344820447370375,TRUE
"铅钡","39",8,14,0.386127534481157,0.386796616414151,0.000669081932994031,0.000669081932994031,TRUE
"铅钡","39",9,10,-0.0817406514741246,-0.103136964518019,-0.0213963130438941,0.0213963130438941,TRUE
"铅钡","39",9,11,0.163515564051569,0.152120107203809,-0.0113954568477604,0.0113954568477604,TRUE
"铅钡","39",9,12,0.141694479567348,0.089588227277081,-0.0521062522902672,0.0521062522902672,TRUE
"铅钡","39",9,13,0.00429197339331716,-0.00615089427274847,-0.0104428676660656,0.0104428676660656,FALSE
"铅钡","39",9,14,0.000932984375030425,0.0011708350508687,0.000237850675838275,0.000237850675838275,TRUE
"铅钡","39",10,11,-0.306665140269122,-0.311954380959183,-0.00528924069006081,0.00528924069006081,TRUE
"铅钡","39",10,12,0.00273204655993985,-0.010757813866841,-0.0134898604267808,0.0134898604267808,FALSE
"铅钡","39",10,13,-0.00151100012354863,-0.00387119450442345,-0.00236019438087482,0.00236019438087482,TRUE
"铅钡","39",10,14,0.281443293399004,0.282048900558968,0.000605607159963995,0.000605607159963995,TRUE
"铅钡","39",11,12,0.0612725898186707,0.049043732273109,-0.0122288575455617,0.0122288575455617,TRUE
"铅钡","39",11,13,-0.156849542999958,-0.159670544467919,-0.00282100146796155,0.00282100146796155,TRUE
"铅钡","39",11,14,0.179640675374564,0.180054351074973,0.000413675700409288,0.000413675700409288,TRUE
"铅钡","39",12,13,-0.136130144878921,-0.147332085665238,-0.0112019407863169,0.0112019407863169,TRUE
"铅钡","39",12,14,0.111754790810533,0.114451135061282,0.00269634425074873,0.00269634425074873,TRUE
"铅钡","39",13,14,-0.181384208932658,-0.181484067438848,-9.98585061904311e-05,9.98585061904311e-05,TRUE
"铅钡","40",1,2,0.387523957612379,0.387361589785989,-0.00016236782639012,0.00016236782639012,TRUE
"铅钡","40",1,3,0.228797605759243,0.228439680102646,-0.000357925656596481,0.000357925656596481,TRUE
"铅钡","40",1,4,-0.355658624390269,-0.356705819843613,-0.00104719545334392,0.00104719545334392,TRUE
"铅钡","40",1,5,0.0314736239332106,0.0298397436094901,-0.00163388032372056,0.00163388032372056,TRUE
"铅钡","40",1,6,0.523569636177258,0.538675030967787,0.0151053947905296,0.0151053947905296,TRUE
"铅钡","40",1,7,0.00896500867408218,0.00983901643630637,0.000874007762224183,0.000874007762224183,TRUE
"铅钡","40",1,8,-0.078807711440175,-0.0864197028805718,-0.00761199144039681,0.00761199144039681,TRUE
"铅钡","40",1,9,0.0782389207139882,0.0871397993335785,0.00890087861959035,0.00890087861959035,TRUE
"铅钡","40",1,10,0.0169940233852727,0.0178769137555241,0.000882890370251403,0.000882890370251403,TRUE
"铅钡","40",1,11,-0.442884846754735,-0.443728118005218,-0.000843271250482558,0.000843271250482558,TRUE
"铅钡","40",1,12,-0.405414568376801,-0.413740217710043,-0.00832564933324209,0.00832564933324209,TRUE
"铅钡","40",1,13,0.162785470824505,0.16363988887133,0.000854418046825428,0.000854418046825428,TRUE
"铅钡","40",1,14,-0.393845594224813,-0.393817643094895,2.79511299179913e-05,2.79511299179913e-05,TRUE
"铅钡","40",2,3,0.0597086312240278,0.0563451309291095,-0.0033635002949183,0.0033635002949183,TRUE
"铅钡","40",2,4,-0.306707790289593,-0.303351254347706,0.00335653594188717,0.00335653594188717,TRUE
"铅钡","40",2,5,-0.0283363657795519,-0.0358034478582327,-0.00746708207868079,0.00746708207868079,TRUE
"铅钡","40",2,6,0.196520770713179,0.190542951462709,-0.00597781925046945,0.00597781925046945,TRUE
"铅钡","40",2,7,-0.244863554505206,-0.242545106012996,0.00231844849220966,0.00231844849220966,TRUE
"铅钡","40",2,8,0.00693077503836697,-0.00758238601276568,-0.0145131610511327,0.0145131610511327,FALSE
"铅钡","40",2,9,-0.179517729608024,-0.173117229961411,0.0064004996466126,0.0064004996466126,TRUE
"铅钡","40",2,10,0.111941093229568,0.115371358828626,0.00343026559905807,0.00343026559905807,TRUE
"铅钡","40",2,11,-0.655999924925786,-0.655128048395085,0.000871876530700533,0.000871876530700533,TRUE
"铅钡","40",2,12,-0.100383893901076,-0.091564725836409,0.00881916806466725,0.00881916806466725,TRUE
"铅钡","40",2,13,-0.0875873889053817,-0.0854321706963658,0.00215521820901596,0.00215521820901596,TRUE
"铅钡","40",2,14,-0.212223176307397,-0.212230742811336,-7.56650393923808e-06,7.56650393923808e-06,TRUE
"铅钡","40",3,4,-0.353780277873086,-0.348395753717695,0.00538452415539026,0.00538452415539026,TRUE
"铅钡","40",3,5,0.116030407125434,0.106925568474702,-0.00910483865073168,0.00910483865073168,TRUE
"铅钡","40",3,6,0.420627619904456,0.417077552431627,-0.00355006747282877,0.00355006747282877,TRUE
"铅钡","40",3,7,0.00831808266171102,0.0129816595920106,0.00466357693029958,0.00466357693029958,TRUE
"铅钡","40",3,8,-0.218551780512528,-0.251021509222064,-0.0324697287095356,0.0324697287095356,TRUE
"铅钡","40",3,9,-0.293952217550467,-0.286356743632822,0.0075954739176447,0.0075954739176447,TRUE
"铅钡","40",3,10,-0.0806002332811004,-0.076388994672602,0.0042112386084984,0.0042112386084984,TRUE
"铅钡","40",3,11,-0.304723869346192,-0.2998169656786,0.00490690366759194,0.00490690366759194,TRUE
"铅钡","40",3,12,-0.265354112529637,-0.256045341569881,0.00930877095975569,0.00930877095975569,TRUE
"铅钡","40",3,13,0.0419051642023464,0.0455873737518115,0.0036822095494651,0.0036822095494651,TRUE
"铅钡","40",3,14,-0.0884794205922686,-0.0883432435471411,0.000136177045127514,0.000136177045127514,TRUE
"铅钡","40",4,5,-0.0145588989726392,0.00304548723220839,0.0176043862048476,0.0176043862048476,FALSE
"铅钡","40",4,6,-0.336293156554504,-0.317764535912053,0.0185286206424514,0.0185286206424514,TRUE
"铅钡","40",4,7,0.20123829444502,0.19538989781208,-0.00584839663293951,0.00584839663293951,TRUE
"铅钡","40",4,8,-0.279482433659153,-0.25700784232893,0.0224745913302232,0.0224745913302232,TRUE
"铅钡","40",4,9,0.123548152930095,0.0898968225874931,-0.0336513303426024,0.0336513303426024,TRUE
"铅钡","40",4,10,-0.067251732704916,-0.0755936986183301,-0.00834196591341409,0.00834196591341409,TRUE
"铅钡","40",4,11,0.168791870606677,0.158797973459217,-0.00999389714746085,0.00999389714746085,TRUE
"铅钡","40",4,12,0.0779470010722535,0.0512164241578183,-0.0267305769144353,0.0267305769144353,TRUE
"铅钡","40",4,13,0.0370674613678593,0.0314744455150937,-0.00559301585276564,0.00559301585276564,TRUE
"铅钡","40",4,14,0.0105264263527887,0.00997737213758571,-0.000549054215203014,0.000549054215203014,TRUE
"铅钡","40",5,6,0.410693685597871,0.390649976118608,-0.0200437094792627,0.0200437094792627,TRUE
"铅钡","40",5,7,0.103299298652924,0.113769442817627,0.0104701441647032,0.0104701441647032,TRUE
"铅钡","40",5,8,-0.289825620905861,-0.349808697533045,-0.059983076627184,0.059983076627184,TRUE
"铅钡","40",5,9,-0.206563347984303,-0.171290115985575,0.0352732319987285,0.0352732319987285,TRUE
"铅钡","40",5,10,-0.52805299936826,-0.525543214367366,0.00250978500089383,0.00250978500089383,TRUE
"铅钡","40",5,11,-0.027404440648597,-0.0135493057280078,0.0138551349205892,0.0138551349205892,TRUE
"铅钡","40",5,12,0.0205187220803414,0.0562375407598833,0.0357188186795419,0.0357188186795419,TRUE
"铅钡","40",5,13,0.0894599362647757,0.0974919487412532,0.00803201247647758,0.00803201247647758,TRUE
"铅钡","40",5,14,-0.564445233505777,-0.56963638776885,-0.00519115426307293,0.00519115426307293,TRUE
"铅钡","40",6,7,0.203664125537772,0.228398048084752,0.0247339225469798,0.0247339225469798,TRUE
"铅钡","40",6,8,-0.226044414625151,-0.326012932864083,-0.0999685182389318,0.0999685182389318,TRUE
"铅钡","40",6,9,-0.266426530914206,-0.200272844020752,0.0661536868934547,0.0661536868934547,TRUE
"铅钡","40",6,10,-0.338008209406635,-0.333880068542663,0.00412814086397201,0.00412814086397201,TRUE
"铅钡","40",6,11,-0.315828388842643,-0.302187360538251,0.0136410283043924,0.0136410283043924,TRUE
"铅钡","40",6,12,-0.393605267546621,-0.354464594912231,0.0391406726343899,0.0391406726343899,TRUE
"铅钡","40",6,13,0.21955960403091,0.240639935657825,0.021080331626915,0.021080331626915,TRUE
"铅钡","40",6,14,-0.476967541457419,-0.492638097870872,-0.0156705564134528,0.0156705564134528,TRUE
"铅钡","40",7,8,-0.496838473763456,-0.500958412766696,-0.00411993900323981,0.00411993900323981,TRUE
"铅钡","40",7,9,-0.0657825007642135,-0.0908586033021465,-0.025076102537933,0.025076102537933,TRUE
"铅钡","40",7,10,-0.332608832894976,-0.337880982551606,-0.00527214965663053,0.00527214965663053,TRUE
"铅钡","40",7,11,0.112678882230645,0.107240209432883,-0.00543867279776114,0.00543867279776114,TRUE
"铅钡","40",7,12,-0.194445224709006,-0.215558727053451,-0.0211135023444454,0.0211135023444454,TRUE
"铅钡","40",7,13,0.218988084043737,0.216639884676295,-0.00234819936744224,0.00234819936744224,TRUE
"铅钡","40",7,14,-0.465323564499552,-0.46657991229006,-0.00125634779050726,0.00125634779050726,TRUE
"铅钡","40",8,9,0.131815321030706,0.247138818782481,0.115323497751775,0.115323497751775,TRUE
"铅钡","40",8,10,0.220831132098425,0.250047657731646,0.0292165256332209,0.0292165256332209,TRUE
"铅钡","40",8,11,0.0718740967436118,0.105116468571989,0.0332423718283774,0.0332423718283774,TRUE
"铅钡","40",8,12,0.00906971695505722,0.0823148953028167,0.0732451783477595,0.0732451783477595,TRUE
"铅钡","40",8,13,-0.56732047651293,-0.578785751998214,-0.0114652754852841,0.0114652754852841,TRUE
"铅钡","40",8,14,0.386127534481157,0.404899807494635,0.0187722730134779,0.0187722730134779,TRUE
"铅钡","40",9,10,-0.0817406514741246,-0.107548755759574,-0.0258081042854491,0.0258081042854491,TRUE
"铅钡","40",9,11,0.163515564051569,0.140259657463155,-0.0232559065884139,0.0232559065884139,TRUE
"铅钡","40",9,12,0.141694479567348,0.0727637655160667,-0.0689307140512815,0.0689307140512815,TRUE
"铅钡","40",9,13,0.00429197339331716,-0.0116835058425486,-0.0159754792358657,0.0159754792358657,FALSE
"铅钡","40",9,14,0.000932984375030425,-0.000738522410091612,-0.00167150678512204,0.00167150678512204,FALSE
"铅钡","40",10,11,-0.306665140269122,-0.314899976586663,-0.00823483631754113,0.00823483631754113,TRUE
"铅钡","40",10,12,0.00273204655993985,-0.0122349188956591,-0.014966965455599,0.014966965455599,FALSE
"铅钡","40",10,13,-0.00151100012354863,-0.00452818368571868,-0.00301718356217005,0.00301718356217005,TRUE
"铅钡","40",10,14,0.281443293399004,0.281678354876262,0.000235061477257714,0.000235061477257714,TRUE
"铅钡","40",11,12,0.0612725898186707,0.0397077177418292,-0.0215648720768415,0.0215648720768415,TRUE
"铅钡","40",11,13,-0.156849542999958,-0.162513486806999,-0.00566394380704105,0.00566394380704105,TRUE
"铅钡","40",11,14,0.179640675374564,0.180006039714505,0.000365364339941249,0.000365364339941249,TRUE
"铅钡","40",12,13,-0.136130144878921,-0.151725772758427,-0.015595627879506,0.015595627879506,TRUE
"铅钡","40",12,14,0.111754790810533,0.113709640639819,0.001954849829286,0.001954849829286,TRUE
"铅钡","40",13,14,-0.181384208932658,-0.181842087991872,-0.000457879059213823,0.000457879059213823,TRUE
"铅钡","41",1,2,0.387523957612379,0.371960942634528,-0.0155630149778514,0.0155630149778514,TRUE
"铅钡","41",1,3,0.228797605759243,0.26524873229321,0.0364511265339675,0.0364511265339675,TRUE
"铅钡","41",1,4,-0.355658624390269,-0.344080236882397,0.0115783875078729,0.0115783875078729,TRUE
"铅钡","41",1,5,0.0314736239332106,0.0677985142363897,0.0363248903031791,0.0363248903031791,TRUE
"铅钡","41",1,6,0.523569636177258,0.519432610799843,-0.00413702537741489,0.00413702537741489,TRUE
"铅钡","41",1,7,0.00896500867408218,0.0408521435566087,0.0318871348825265,0.0318871348825265,TRUE
"铅钡","41",1,8,-0.078807711440175,-0.122994803342716,-0.0441870919025415,0.0441870919025415,TRUE
"铅钡","41",1,9,0.0782389207139882,0.0721839409866755,-0.00605497972731268,0.00605497972731268,TRUE
"铅钡","41",1,10,0.0169940233852727,0.0152474855514166,-0.00174653783385612,0.00174653783385612,TRUE
"铅钡","41",1,11,-0.442884846754735,-0.431013740095401,0.0118711066593344,0.0118711066593344,TRUE
"铅钡","41",1,12,-0.405414568376801,-0.408710209521656,-0.00329564114485503,0.00329564114485503,TRUE
"铅钡","41",1,13,0.162785470824505,0.136896782573396,-0.0258886882511092,0.0258886882511092,TRUE
"铅钡","41",1,14,-0.393845594224813,-0.426066652956001,-0.0322210587311877,0.0322210587311877,TRUE
"铅钡","41",2,3,0.0597086312240278,0.0783221732106979,0.0186135419866702,0.0186135419866702,TRUE
"铅钡","41",2,4,-0.306707790289593,-0.297861067567273,0.00884672272232018,0.00884672272232018,TRUE
"铅钡","41",2,5,-0.0283363657795519,-0.00773291986002243,0.0206034459195295,0.0206034459195295,TRUE
"铅钡","41",2,6,0.196520770713179,0.188071310204691,-0.00844946050848752,0.00844946050848752,TRUE
"铅钡","41",2,7,-0.244863554505206,-0.230516916739151,0.0143466377660553,0.0143466377660553,TRUE
"铅钡","41",2,8,0.00693077503836697,-0.017582246929484,-0.024513021967851,0.024513021967851,FALSE
"铅钡","41",2,9,-0.179517729608024,-0.185883970632553,-0.00636624102452918,0.00636624102452918,TRUE
"铅钡","41",2,10,0.111941093229568,0.111589373532524,-0.000351719697044228,0.000351719697044228,TRUE
"铅钡","41",2,11,-0.655999924925786,-0.650867601144645,0.00513232378114037,0.00513232378114037,TRUE
"铅钡","41",2,12,-0.100383893901076,-0.0976082470673309,0.0027756468337453,0.0027756468337453,TRUE
"铅钡","41",2,13,-0.0875873889053817,-0.108169265232992,-0.0205818763276101,0.0205818763276101,TRUE
"铅钡","41",2,14,-0.212223176307397,-0.227898635420762,-0.015675459113365,0.015675459113365,TRUE
"铅钡","41",3,4,-0.353780277873086,-0.37246928334217,-0.0186890054690843,0.0186890054690843,TRUE
"铅钡","41",3,5,0.116030407125434,0.0963047151698384,-0.0197256919555957,0.0197256919555957,TRUE
"铅钡","41",3,6,0.420627619904456,0.437326177371747,0.016698557467291,0.016698557467291,TRUE
"铅钡","41",3,7,0.00831808266171102,-0.0115949437915852,-0.0199130264532962,0.0199130264532962,FALSE
"铅钡","41",3,8,-0.218551780512528,-0.198536449710962,0.0200153308015667,0.0200153308015667,TRUE
"铅钡","41",3,9,-0.293952217550467,-0.291851172594289,0.00210104495617841,0.00210104495617841,TRUE
"铅钡","41",3,10,-0.0806002332811004,-0.0799912628390043,0.000608970442096082,0.000608970442096082,TRUE
"铅钡","41",3,11,-0.304723869346192,-0.325494254892798,-0.0207703855466064,0.0207703855466064,TRUE
"铅钡","41",3,12,-0.265354112529637,-0.271751567924469,-0.00639745539483172,0.00639745539483172,TRUE
"铅钡","41",3,13,0.0419051642023464,0.062674849034021,0.0207696848316746,0.0207696848316746,TRUE
"铅钡","41",3,14,-0.0884794205922686,-0.0761870869439773,0.0122923336482912,0.0122923336482912,TRUE
"铅钡","41",4,5,-0.0145588989726392,-0.0313095199689921,-0.0167506209963529,0.0167506209963529,TRUE
"铅钡","41",4,6,-0.336293156554504,-0.330789974054764,0.00550318249974041,0.00550318249974041,TRUE
"铅钡","41",4,7,0.20123829444502,0.189641213675138,-0.0115970807698817,0.0115970807698817,TRUE
"铅钡","41",4,8,-0.279482433659153,-0.266797516133618,0.0126849175255348,0.0126849175255348,TRUE
"铅钡","41",4,9,0.123548152930095,0.127943575853085,0.0043954229229899,0.0043954229229899,TRUE
"铅钡","41",4,10,-0.067251732704916,-0.0665933337895354,0.000658398915380567,0.000658398915380567,TRUE
"铅钡","41",4,11,0.168791870606677,0.159090264224355,-0.00970160638232265,0.00970160638232265,TRUE
"铅钡","41",4,12,0.0779470010722535,0.0755351421149225,-0.00241185895733108,0.00241185895733108,TRUE
"铅钡","41",4,13,0.0370674613678593,0.052338427467262,0.0152709660994027,0.0152709660994027,TRUE
"铅钡","41",4,14,0.0105264263527887,0.0206155531816294,0.0100891268288407,0.0100891268288407,TRUE
"铅钡","41",5,6,0.410693685597871,0.43136502637823,0.0206713407803598,0.0206713407803598,TRUE
"铅钡","41",5,7,0.103299298652924,0.0815563341829926,-0.0217429644699313,0.0217429644699313,TRUE
"铅钡","41",5,8,-0.289825620905861,-0.267591606830119,0.0222340140757419,0.0222340140757419,TRUE
"铅钡","41",5,9,-0.206563347984303,-0.203423935288536,0.00313941269576715,0.00313941269576715,TRUE
"铅钡","41",5,10,-0.52805299936826,-0.533529531912722,-0.00547653254446234,0.00547653254446234,TRUE
"铅钡","41",5,11,-0.027404440648597,-0.0471442188354588,-0.0197397781868618,0.0197397781868618,TRUE
"铅钡","41",5,12,0.0205187220803414,0.0161554880653962,-0.00436323401494523,0.00436323401494523,TRUE
"铅钡","41",5,13,0.0894599362647757,0.11571276819272,0.0262528319279445,0.0262528319279445,TRUE
"铅钡","41",5,14,-0.564445233505777,-0.558479555155886,0.00596567834989115,0.00596567834989115,TRUE
"铅钡","41",6,7,0.203664125537772,0.218897177052784,0.0152330515150118,0.0152330515150118,TRUE
"铅钡","41",6,8,-0.226044414625151,-0.24690208596553,-0.020857671340379,0.020857671340379,TRUE
"铅钡","41",6,9,-0.266426530914206,-0.270604938150259,-0.00417840723605256,0.00417840723605256,TRUE
"铅钡","41",6,10,-0.338008209406635,-0.340030095269851,-0.00202188586321655,0.00202188586321655,TRUE
"铅钡","41",6,11,-0.315828388842643,-0.309341800513681,0.00648658832896243,0.00648658832896243,TRUE
"铅钡","41",6,12,-0.393605267546621,-0.392772131921873,0.000833135624747405,0.000833135624747405,TRUE
"铅钡","41",6,13,0.21955960403091,0.210453297583068,-0.00910630644784272,0.00910630644784272,TRUE
"铅钡","41",6,14,-0.476967541457419,-0.489298841046426,-0.0123312995890067,0.0123312995890067,TRUE
"铅钡","41",7,8,-0.496838473763456,-0.483092390790389,0.0137460829730676,0.0137460829730676,TRUE
"铅钡","41",7,9,-0.0657825007642135,-0.0611049735998985,0.00467752716431506,0.00467752716431506,TRUE
"铅钡","41",7,10,-0.332608832894976,-0.33475821303366,-0.00214938013868404,0.00214938013868404,TRUE
"铅钡","41",7,11,0.112678882230645,0.0974494841215464,-0.0152293981090982,0.0152293981090982,TRUE
"铅钡","41",7,12,-0.194445224709006,-0.20080224731471,-0.00635702260570462,0.00635702260570462,TRUE
"铅钡","41",7,13,0.218988084043737,0.245346221726115,0.0263581376823771,0.0263581376823771,TRUE
"铅钡","41",7,14,-0.465323564499552,-0.457992783965328,0.00733078053422459,0.00733078053422459,TRUE
"铅钡","41",8,9,0.131815321030706,0.127251617692115,-0.00456370333859024,0.00456370333859024,TRUE
"铅钡","41",8,10,0.220831132098425,0.22294117744703,0.00211004534860509,0.00211004534860509,TRUE
"铅钡","41",8,11,0.0718740967436118,0.0959990129187414,0.0241249161751295,0.0241249161751295,TRUE
"铅钡","41",8,12,0.00906971695505722,0.0146458076189011,0.00557609066384391,0.00557609066384391,TRUE
"铅钡","41",8,13,-0.56732047651293,-0.611803407575436,-0.0444829310625058,0.0444829310625058,TRUE
"铅钡","41",8,14,0.386127534481157,0.376022553985467,-0.0101049804956905,0.0101049804956905,TRUE
"铅钡","41",9,10,-0.0817406514741246,-0.0821670298919019,-0.00042637841777729,0.00042637841777729,TRUE
"铅钡","41",9,11,0.163515564051569,0.169033930330542,0.00551836627897229,0.00551836627897229,TRUE
"铅钡","41",9,12,0.141694479567348,0.142888115920678,0.00119363635333025,0.00119363635333025,TRUE
"铅钡","41",9,13,0.00429197339331716,-0.0010543368161995,-0.00534631020951667,0.00534631020951667,FALSE
"铅钡","41",9,14,0.000932984375030425,-0.00272913682309165,-0.00366212119812208,0.00366212119812208,FALSE
"铅钡","41",10,11,-0.306665140269122,-0.307598671148572,-0.000933530879449807,0.000933530879449807,TRUE
"铅钡","41",10,12,0.00273204655993985,0.00301491150279873,0.000282864942858883,0.000282864942858883,TRUE
"铅钡","41",10,13,-0.00151100012354863,-0.0029868800839685,-0.00147587996041987,0.00147587996041987,TRUE
"铅钡","41",10,14,0.281443293399004,0.281857278419286,0.000413985020282337,0.000413985020282337,TRUE
"铅钡","41",11,12,0.0612725898186707,0.0584144621865075,-0.00285812763216315,0.00285812763216315,TRUE
"铅钡","41",11,13,-0.156849542999958,-0.142503858506279,0.0143456844936782,0.0143456844936782,TRUE
"铅钡","41",11,14,0.179640675374564,0.193375254448468,0.0137345790739044,0.0137345790739044,TRUE
"铅钡","41",12,13,-0.136130144878921,-0.133497026303441,0.00263311857548004,0.00263311857548004,TRUE
"铅钡","41",12,14,0.111754790810533,0.115167494371288,0.00341270356075497,0.00341270356075497,TRUE
"铅钡","41",13,14,-0.181384208932658,-0.198817016929136,-0.0174328079964776,0.0174328079964776,TRUE
"铅钡","42",1,2,0.387523957612379,0.376969634299515,-0.0105543233128644,0.0105543233128644,TRUE
"铅钡","42",1,3,0.228797605759243,0.20970650076091,-0.0190911049983324,0.0190911049983324,TRUE
"铅钡","42",1,4,-0.355658624390269,-0.338325127085329,0.0173334973049405,0.0173334973049405,TRUE
"铅钡","42",1,5,0.0314736239332106,0.00918493124222448,-0.0222886926909862,0.0222886926909862,TRUE
"铅钡","42",1,6,0.523569636177258,0.514145559248176,-0.00942407692908154,0.00942407692908154,TRUE
"铅钡","42",1,7,0.00896500867408218,0.0336387117605386,0.0246737030864564,0.0246737030864564,TRUE
"铅钡","42",1,8,-0.078807711440175,-0.0995263931838743,-0.0207186817436993,0.0207186817436993,TRUE
"铅钡","42",1,9,0.0782389207139882,0.0884699528265278,0.0102310321125396,0.0102310321125396,TRUE
"铅钡","42",1,10,0.0169940233852727,0.00778038694076236,-0.00921363644451035,0.00921363644451035,TRUE
"铅钡","42",1,11,-0.442884846754735,-0.431154009547156,0.0117308372075791,0.0117308372075791,TRUE
"铅钡","42",1,12,-0.405414568376801,-0.391605727333355,0.0138088410434462,0.0138088410434462,TRUE
"铅钡","42",1,13,0.162785470824505,0.169738227727245,0.00695275690273953,0.00695275690273953,TRUE
"铅钡","42",1,14,-0.393845594224813,-0.392097710743398,0.00174788348141497,0.00174788348141497,TRUE
"铅钡","42",2,3,0.0597086312240278,-0.0127814814116126,-0.0724901126356404,0.0724901126356404,FALSE
"铅钡","42",2,4,-0.306707790289593,-0.193428901916056,0.113278888373537,0.113278888373537,TRUE
"铅钡","42",2,5,-0.0283363657795519,-0.115789061390331,-0.0874526956107794,0.0874526956107794,TRUE
"铅钡","42",2,6,0.196520770713179,0.154749377908534,-0.0417713928046445,0.0417713928046445,TRUE
"铅钡","42",2,7,-0.244863554505206,-0.172354968350454,0.0725085861547514,0.0725085861547514,TRUE
"铅钡","42",2,8,0.00693077503836697,-0.0604725312281394,-0.0674033062665063,0.0674033062665063,FALSE
"铅钡","42",2,9,-0.179517729608024,-0.148666286988825,0.0308514426191996,0.0308514426191996,TRUE
"铅钡","42",2,10,0.111941093229568,0.0922730002036958,-0.0196680930258725,0.0196680930258725,TRUE
"铅钡","42",2,11,-0.655999924925786,-0.614372208045915,0.0416277168798703,0.0416277168798703,TRUE
"铅钡","42",2,12,-0.100383893901076,-0.0253564121319016,0.0750274817691746,0.0750274817691746,TRUE
"铅钡","42",2,13,-0.0875873889053817,-0.0645883156928465,0.0229990732125352,0.0229990732125352,TRUE
"铅钡","42",2,14,-0.212223176307397,-0.202012803262959,0.0102103730444384,0.0102103730444384,TRUE
"铅钡","42",3,4,-0.353780277873086,-0.301672205647358,0.0521080722257274,0.0521080722257274,TRUE
"铅钡","42",3,5,0.116030407125434,0.0825441758324873,-0.0334862312929468,0.0334862312929468,TRUE
"铅钡","42",3,6,0.420627619904456,0.398215166633801,-0.022412453270655,0.022412453270655,TRUE
"铅钡","42",3,7,0.00831808266171102,0.0488847326342022,0.0405666499724912,0.0405666499724912,TRUE
"铅钡","42",3,8,-0.218551780512528,-0.257543311236502,-0.038991530723974,0.038991530723974,TRUE
"铅钡","42",3,9,-0.293952217550467,-0.287964664202773,0.00598755334769457,0.00598755334769457,TRUE
"铅钡","42",3,10,-0.0806002332811004,-0.0980622426467793,-0.0174620093656789,0.0174620093656789,TRUE
"铅钡","42",3,11,-0.304723869346192,-0.265747733794482,0.038976135551709,0.038976135551709,TRUE
"铅钡","42",3,12,-0.265354112529637,-0.224425815058089,0.0409282974715483,0.0409282974715483,TRUE
"铅钡","42",3,13,0.0419051642023464,0.0511698824092119,0.00926471820686544,0.00926471820686544,TRUE
"铅钡","42",3,14,-0.0884794205922686,-0.0808228600554705,0.00765656053679813,0.00765656053679813,TRUE
"铅钡","42",4,5,-0.0145588989726392,0.0706427089062082,0.0852016078788474,0.0852016078788474,FALSE
"铅钡","42",4,6,-0.336293156554504,-0.284986302054335,0.0513068545001685,0.0513068545001685,TRUE
"铅钡","42",4,7,0.20123829444502,0.142085498273388,-0.0591527961716311,0.0591527961716311,TRUE
"铅钡","42",4,8,-0.279482433659153,-0.242949307089118,0.0365331265700346,0.0365331265700346,TRUE
"铅钡","42",4,9,0.123548152930095,0.109028454457133,-0.0145196984729623,0.0145196984729623,TRUE
"铅钡","42",4,10,-0.067251732704916,-0.0386085589310369,0.0286431737738791,0.0286431737738791,TRUE
"铅钡","42",4,11,0.168791870606677,0.0596480950206175,-0.10914377558606,0.10914377558606,TRUE
"铅钡","42",4,12,0.0779470010722535,-0.0533861727604351,-0.131333173832689,0.131333173832689,FALSE
"铅钡","42",4,13,0.0370674613678593,0.0259123126194641,-0.0111551487483953,0.0111551487483953,TRUE
"铅钡","42",4,14,0.0105264263527887,-0.00860244699886968,-0.0191288733516584,0.0191288733516584,FALSE
"铅钡","42",5,6,0.410693685597871,0.39514739852471,-0.015546287073161,0.015546287073161,TRUE
"铅钡","42",5,7,0.103299298652924,0.15414070542759,0.0508414067746663,0.0508414067746663,TRUE
"铅钡","42",5,8,-0.289825620905861,-0.330995369521288,-0.0411697486154275,0.0411697486154275,TRUE
"铅钡","42",5,9,-0.206563347984303,-0.191552790830605,0.0150105571536989,0.0150105571536989,TRUE
"铅钡","42",5,10,-0.52805299936826,-0.554135456647893,-0.0260824572796333,0.0260824572796333,TRUE
"铅钡","42",5,11,-0.027404440648597,0.0326286602062301,0.0600331008548271,0.0600331008548271,FALSE
"铅钡","42",5,12,0.0205187220803414,0.0672855926916614,0.04676687061132,0.04676687061132,TRUE
"铅钡","42",5,13,0.0894599362647757,0.104686373977446,0.0152264377126699,0.0152264377126699,TRUE
"铅钡","42",5,14,-0.564445233505777,-0.564146134500546,0.000299099005231618,0.000299099005231618,TRUE
"铅钡","42",6,7,0.203664125537772,0.243360116807293,0.0396959912695209,0.0396959912695209,TRUE
"铅钡","42",6,8,-0.226044414625151,-0.260340405816725,-0.0342959911915736,0.0342959911915736,TRUE
"铅钡","42",6,9,-0.266426530914206,-0.266495970016653,-6.94391024468888e-05,6.94391024468888e-05,TRUE
"铅钡","42",6,10,-0.338008209406635,-0.360084821054678,-0.022076611648043,0.022076611648043,TRUE
"铅钡","42",6,11,-0.315828388842643,-0.287382570733294,0.0284458181093493,0.0284458181093493,TRUE
"铅钡","42",6,12,-0.393605267546621,-0.358455882862182,0.0351493846844382,0.0351493846844382,TRUE
"铅钡","42",6,13,0.21955960403091,0.227918247233228,0.00835864320231761,0.00835864320231761,TRUE
"铅钡","42",6,14,-0.476967541457419,-0.482173497905888,-0.00520595644846888,0.00520595644846888,TRUE
"铅钡","42",7,8,-0.496838473763456,-0.480810079785993,0.0160283939774636,0.0160283939774636,TRUE
"铅钡","42",7,9,-0.0657825007642135,-0.0975290757943167,-0.0317465750301032,0.0317465750301032,TRUE
"铅钡","42",7,10,-0.332608832894976,-0.327669686451561,0.00493914644341531,0.00493914644341531,TRUE
"铅钡","42",7,11,0.112678882230645,0.0487951684578511,-0.0638837137727935,0.0638837137727935,TRUE
"铅钡","42",7,12,-0.194445224709006,-0.249441259715508,-0.054996035006502,0.054996035006502,TRUE
"铅钡","42",7,13,0.218988084043737,0.206760541345558,-0.0122275426981794,0.0122275426981794,TRUE
"铅钡","42",7,14,-0.465323564499552,-0.497547293420154,-0.0322237289206015,0.0322237289206015,TRUE
"铅钡","42",8,9,0.131815321030706,0.150955845467559,0.0191405244368533,0.0191405244368533,TRUE
"铅钡","42",8,10,0.220831132098425,0.212532921279596,-0.00829821081882931,0.00829821081882931,TRUE
"铅钡","42",8,11,0.0718740967436118,0.126472057435017,0.0545979606914053,0.0545979606914053,TRUE
"铅钡","42",8,12,0.00906971695505722,0.0478981853852934,0.0388284684302362,0.0388284684302362,TRUE
"铅钡","42",8,13,-0.56732047651293,-0.566844088855841,0.00047638765708935,0.00047638765708935,TRUE
"铅钡","42",8,14,0.386127534481157,0.40239206601385,0.0162645315326932,0.0162645315326932,TRUE
"铅钡","42",9,10,-0.0817406514741246,-0.0767357192329431,0.00500493224118148,0.00500493224118148,TRUE
"铅钡","42",9,11,0.163515564051569,0.139707021693155,-0.0238085423584144,0.0238085423584144,TRUE
"铅钡","42",9,12,0.141694479567348,0.140799379427632,-0.000895100139715999,0.000895100139715999,TRUE
"铅钡","42",9,13,0.00429197339331716,-0.00754887657994778,-0.0118408499732649,0.0118408499732649,FALSE
"铅钡","42",9,14,0.000932984375030425,-0.00893496943157986,-0.00986795380661029,0.00986795380661029,FALSE
"铅钡","42",10,11,-0.306665140269122,-0.29965912685091,0.00700601341821144,0.00700601341821144,TRUE
"铅钡","42",10,12,0.00273204655993985,0.0237995914470957,0.0210675448871558,0.0210675448871558,TRUE
"铅钡","42",10,13,-0.00151100012354863,0.00189601206227586,0.00340701218582449,0.00340701218582449,FALSE
"铅钡","42",10,14,0.281443293399004,0.286931865223814,0.00548857182480977,0.00548857182480977,TRUE
"铅钡","42",11,12,0.0612725898186707,-0.00420108874193263,-0.0654736785606033,0.0654736785606033,FALSE
"铅钡","42",11,13,-0.156849542999958,-0.185916323869438,-0.0290667808694801,0.0290667808694801,TRUE
"铅钡","42",11,14,0.179640675374564,0.168276364934383,-0.0113643104401807,0.0113643104401807,TRUE
"铅钡","42",12,13,-0.136130144878921,-0.145346287772869,-0.00921614289394795,0.00921614289394795,TRUE
"铅钡","42",12,14,0.111754790810533,0.110037016881713,-0.00171777392881968,0.00171777392881968,TRUE
"铅钡","42",13,14,-0.181384208932658,-0.189478267708425,-0.00809405877576683,0.00809405877576683,TRUE
"铅钡","43",1,2,0.387523957612379,0.367880825578752,-0.0196431320336273,0.0196431320336273,TRUE
"铅钡","43",1,3,0.228797605759243,0.185597204841383,-0.0432004009178593,0.0432004009178593,TRUE
"铅钡","43",1,4,-0.355658624390269,-0.319543976133393,0.036114648256876,0.036114648256876,TRUE
"铅钡","43",1,5,0.0314736239332106,0.0690319060838298,0.0375582821506191,0.0375582821506191,TRUE
"铅钡","43",1,6,0.523569636177258,0.524929404573926,0.00135976839666874,0.00135976839666874,TRUE
"铅钡","43",1,7,0.00896500867408218,0.0550520141620671,0.0460870054879849,0.0460870054879849,TRUE
"铅钡","43",1,8,-0.078807711440175,-0.0462034940670674,0.0326042173731076,0.0326042173731076,TRUE
"铅钡","43",1,9,0.0782389207139882,0.110947389212062,0.0327084684980739,0.0327084684980739,TRUE
"铅钡","43",1,10,0.0169940233852727,0.00569633237368488,-0.0112976910115878,0.0112976910115878,TRUE
"铅钡","43",1,11,-0.442884846754735,-0.499369175407464,-0.0564843286527282,0.0564843286527282,TRUE
"铅钡","43",1,12,-0.405414568376801,-0.386669583515379,0.0187449848614226,0.0187449848614226,TRUE
"铅钡","43",1,13,0.162785470824505,0.14116792220887,-0.021617548615635,0.021617548615635,TRUE
"铅钡","43",1,14,-0.393845594224813,-0.428834761712832,-0.0349891674880194,0.0349891674880194,TRUE
"铅钡","43",2,3,0.0597086312240278,0.0261930033321001,-0.0335156278919276,0.0335156278919276,TRUE
"铅钡","43",2,4,-0.306707790289593,-0.284205101853448,0.0225026884361452,0.0225026884361452,TRUE
"铅钡","43",2,5,-0.0283363657795519,-0.00704453957465591,0.021291826204896,0.021291826204896,TRUE
"铅钡","43",2,6,0.196520770713179,0.190124980375971,-0.00639579033720755,0.00639579033720755,TRUE
"铅钡","43",2,7,-0.244863554505206,-0.223460197111675,0.0214033573935309,0.0214033573935309,TRUE
"铅钡","43",2,8,0.00693077503836697,0.0262561019275513,0.0193253268891844,0.0193253268891844,TRUE
"铅钡","43",2,9,-0.179517729608024,-0.168665676941008,0.0108520526670162,0.0108520526670162,TRUE
"铅钡","43",2,10,0.111941093229568,0.104022530534003,-0.00791856269556529,0.00791856269556529,TRUE
"铅钡","43",2,11,-0.655999924925786,-0.699812669981303,-0.0438127450555171,0.0438127450555171,TRUE
"铅钡","43",2,12,-0.100383893901076,-0.0828176662198253,0.0175662276812509,0.0175662276812509,TRUE
"铅钡","43",2,13,-0.0875873889053817,-0.107663109540774,-0.0200757206353925,0.0200757206353925,TRUE
"铅钡","43",2,14,-0.212223176307397,-0.229906752884593,-0.0176835765771955,0.0176835765771955,TRUE
"铅钡","43",3,4,-0.353780277873086,-0.31849522820803,0.0352850496650555,0.0352850496650555,TRUE
"铅钡","43",3,5,0.116030407125434,0.156026006886078,0.0399955997606443,0.0399955997606443,TRUE
"铅钡","43",3,6,0.420627619904456,0.419027013766481,-0.00160060613797408,0.00160060613797408,TRUE
"铅钡","43",3,7,0.00831808266171102,0.0549152333430195,0.0465971506813085,0.0465971506813085,TRUE
"铅钡","43",3,8,-0.218551780512528,-0.19776248552455,0.0207892949879778,0.0207892949879778,TRUE
"铅钡","43",3,9,-0.293952217550467,-0.281946417836203,0.0120057997142636,0.0120057997142636,TRUE
"铅钡","43",3,10,-0.0806002332811004,-0.0989983828140487,-0.0183981495329482,0.0183981495329482,TRUE
"铅钡","43",3,11,-0.304723869346192,-0.335285011839906,-0.0305611424937146,0.0305611424937146,TRUE
"铅钡","43",3,12,-0.265354112529637,-0.244296386119105,0.0210577264105319,0.0210577264105319,TRUE
"铅钡","43",3,13,0.0419051642023464,0.0137256802533092,-0.0281794839490373,0.0281794839490373,TRUE
"铅钡","43",3,14,-0.0884794205922686,-0.11456417751485,-0.0260847569225809,0.0260847569225809,TRUE
"铅钡","43",4,5,-0.0145588989726392,-0.0506123317403265,-0.0360534327676873,0.0360534327676873,TRUE
"铅钡","43",4,6,-0.336293156554504,-0.331912026303938,0.00438113025056591,0.00438113025056591,TRUE
"铅钡","43",4,7,0.20123829444502,0.165770687664325,-0.035467606780695,0.035467606780695,TRUE
"铅钡","43",4,8,-0.279482433659153,-0.326865540481416,-0.0473831068222629,0.0473831068222629,TRUE
"铅钡","43",4,9,0.123548152930095,0.0997729155260973,-0.0237752374039982,0.0237752374039982,TRUE
"铅钡","43",4,10,-0.067251732704916,-0.0576531480358862,0.00959858466902978,0.00959858466902978,TRUE
"铅钡","43",4,11,0.168791870606677,0.202698145950224,0.0339062753435468,0.0339062753435468,TRUE
"铅钡","43",4,12,0.0779470010722535,0.0465375871101238,-0.0314094139621297,0.0314094139621297,TRUE
"铅钡","43",4,13,0.0370674613678593,0.06541276667222,0.0283453053043607,0.0283453053043607,TRUE
"铅钡","43",4,14,0.0105264263527887,0.0323975192604386,0.0218710929076499,0.0218710929076499,TRUE
"铅钡","43",5,6,0.410693685597871,0.425251507999175,0.014557822401304,0.014557822401304,TRUE
"铅钡","43",5,7,0.103299298652924,0.0776868448834832,-0.0256124537694407,0.0256124537694407,TRUE
"铅钡","43",5,8,-0.289825620905861,-0.32155743600786,-0.031731815101999,0.031731815101999,TRUE
"铅钡","43",5,9,-0.206563347984303,-0.230983454205355,-0.0244201062210517,0.0244201062210517,TRUE
"铅钡","43",5,10,-0.52805299936826,-0.529690432587094,-0.00163743321883481,0.00163743321883481,TRUE
"铅钡","43",5,11,-0.027404440648597,-0.01278521178046,0.0146192288681369,0.0146192288681369,TRUE
"铅钡","43",5,12,0.0205187220803414,-0.00184214610188955,-0.022360868182231,0.022360868182231,FALSE
"铅钡","43",5,13,0.0894599362647757,0.108240661957849,0.0187807256930732,0.0187807256930732,TRUE
"铅钡","43",5,14,-0.564445233505777,-0.559915082448027,0.0045301510577509,0.0045301510577509,TRUE
"铅钡","43",6,7,0.203664125537772,0.219378568033091,0.0157144424953188,0.0157144424953188,TRUE
"铅钡","43",6,8,-0.226044414625151,-0.221455738636319,0.0045886759888325,0.0045886759888325,TRUE
"铅钡","43",6,9,-0.266426530914206,-0.263226712997824,0.00319981791638241,0.00319981791638241,TRUE
"铅钡","43",6,10,-0.338008209406635,-0.343512941328157,-0.00550473192152173,0.00550473192152173,TRUE
"铅钡","43",6,11,-0.315828388842643,-0.335923920879735,-0.0200955320370919,0.0200955320370919,TRUE
"铅钡","43",6,12,-0.393605267546621,-0.390568129902817,0.00303713764380376,0.00303713764380376,TRUE
"铅钡","43",6,13,0.21955960403091,0.214557294963092,-0.00500230906781815,0.00500230906781815,TRUE
"铅钡","43",6,14,-0.476967541457419,-0.485728458694947,-0.00876091723752803,0.00876091723752803,TRUE
"铅钡","43",7,8,-0.496838473763456,-0.540364506175837,-0.0435260324123804,0.0435260324123804,TRUE
"铅钡","43",7,9,-0.0657825007642135,-0.0887621950041906,-0.0229796942399771,0.0229796942399771,TRUE
"铅钡","43",7,10,-0.332608832894976,-0.328690543891481,0.00391828900349533,0.00391828900349533,TRUE
"铅钡","43",7,11,0.112678882230645,0.129959847937855,0.0172809657072105,0.0172809657072105,TRUE
"铅钡","43",7,12,-0.194445224709006,-0.227205847498169,-0.0327606227891638,0.0327606227891638,TRUE
"铅钡","43",7,13,0.218988084043737,0.248117741097428,0.0291296570536908,0.0291296570536908,TRUE
"铅钡","43",7,14,-0.465323564499552,-0.457779407930736,0.00754415656881674,0.00754415656881674,TRUE
"铅钡","43",8,9,0.131815321030706,0.107227954047955,-0.0245873669827505,0.0245873669827505,TRUE
"铅钡","43",8,10,0.220831132098425,0.224784114572448,0.00395298247402287,0.00395298247402287,TRUE
"铅钡","43",8,11,0.0718740967436118,0.120220352608591,0.0483462558649796,0.0483462558649796,TRUE
"铅钡","43",8,12,0.00906971695505722,-0.0185560983993351,-0.0276258153543923,0.0276258153543923,FALSE
"铅钡","43",8,13,-0.56732047651293,-0.568960631441993,-0.00164015492906244,0.00164015492906244,TRUE
"铅钡","43",8,14,0.386127534481157,0.404999117253648,0.0188715827724905,0.0188715827724905,TRUE
"铅钡","43",9,10,-0.0817406514741246,-0.0851292699584824,-0.00338861848435777,0.00338861848435777,TRUE
"铅钡","43",9,11,0.163515564051569,0.214580084505765,0.0510645204541953,0.0510645204541953,TRUE
"铅钡","43",9,12,0.141694479567348,0.121460596634379,-0.0202338829329693,0.0202338829329693,TRUE
"铅钡","43",9,13,0.00429197339331716,0.0133391586955937,0.00904718530227654,0.00904718530227654,TRUE
"铅钡","43",9,14,0.000932984375030425,0.00920773112115345,0.00827474674612302,0.00827474674612302,TRUE
"铅钡","43",10,11,-0.306665140269122,-0.30280493414384,0.00386020612528237,0.00386020612528237,TRUE
"铅钡","43",10,12,0.00273204655993985,0.00547915369202662,0.00274710713208677,0.00274710713208677,TRUE
"铅钡","43",10,13,-0.00151100012354863,-0.0115713578793638,-0.0100603577558152,0.0100603577558152,TRUE
"铅钡","43",10,14,0.281443293399004,0.276977393375961,-0.00446590002304298,0.00446590002304298,TRUE
"铅钡","43",11,12,0.0612725898186707,0.0955387070089022,0.0342661171902316,0.0342661171902316,TRUE
"铅钡","43",11,13,-0.156849542999958,-0.160363474453797,-0.00351393145383994,0.00351393145383994,TRUE
"铅钡","43",11,14,0.179640675374564,0.190103219500918,0.0104625441263548,0.0104625441263548,TRUE
"铅钡","43",12,13,-0.136130144878921,-0.124892002623359,0.0112381422555622,0.0112381422555622,TRUE
"铅钡","43",12,14,0.111754790810533,0.125495545886498,0.0137407550759647,0.0137407550759647,TRUE
"铅钡","43",13,14,-0.181384208932658,-0.195882454249285,-0.0144982453166268,0.0144982453166268,TRUE
"铅钡","44",1,2,0.387523957612379,0.376265794168481,-0.0112581634438981,0.0112581634438981,TRUE
"铅钡","44",1,3,0.228797605759243,0.220552007688735,-0.00824559807050756,0.00824559807050756,TRUE
"铅钡","44",1,4,-0.355658624390269,-0.364576548284047,-0.00891792389377749,0.00891792389377749,TRUE
"铅钡","44",1,5,0.0314736239332106,0.0526565500580793,0.0211829261248687,0.0211829261248687,TRUE
"铅钡","44",1,6,0.523569636177258,0.520754720457352,-0.00281491571990589,0.00281491571990589,TRUE
"铅钡","44",1,7,0.00896500867408218,-0.00318943976121011,-0.0121544484352923,0.0121544484352923,FALSE
"铅钡","44",1,8,-0.078807711440175,-0.0728290574447314,0.00597865399544353,0.00597865399544353,TRUE
"铅钡","44",1,9,0.0782389207139882,0.0986142316310091,0.0203753109170209,0.0203753109170209,TRUE
"铅钡","44",1,10,0.0169940233852727,0.0191417442901732,0.00214772090490045,0.00214772090490045,TRUE
"铅钡","44",1,11,-0.442884846754735,-0.433679425445112,0.00920542130962287,0.00920542130962287,TRUE
"铅钡","44",1,12,-0.405414568376801,-0.409333732918879,-0.00391916454207791,0.00391916454207791,TRUE
"铅钡","44",1,13,0.162785470824505,0.169497861004279,0.00671239017977387,0.00671239017977387,TRUE
"铅钡","44",1,14,-0.393845594224813,-0.391221503425246,0.00262409079956727,0.00262409079956727,TRUE
"铅钡","44",2,3,0.0597086312240278,0.036417251744338,-0.0232913794796898,0.0232913794796898,TRUE
"铅钡","44",2,4,-0.306707790289593,-0.331157708899773,-0.0244499186101797,0.0244499186101797,TRUE
"铅钡","44",2,5,-0.0283363657795519,0.0185536257327405,0.0468899915122924,0.0468899915122924,FALSE
"铅钡","44",2,6,0.196520770713179,0.133651733203721,-0.0628690375094578,0.0628690375094578,TRUE
"铅钡","44",2,7,-0.244863554505206,-0.282692705172082,-0.0378291506668762,0.0378291506668762,TRUE
"铅钡","44",2,8,0.00693077503836697,0.0226459198401863,0.0157151448018193,0.0157151448018193,TRUE
"铅钡","44",2,9,-0.179517729608024,-0.143542878792642,0.0359748508153823,0.0359748508153823,TRUE
"铅钡","44",2,10,0.111941093229568,0.120009991954747,0.0080688987251788,0.0080688987251788,TRUE
"铅钡","44",2,11,-0.655999924925786,-0.634342075066213,0.0216578498595723,0.0216578498595723,TRUE
"铅钡","44",2,12,-0.100383893901076,-0.107467337856111,-0.00708344395503449,0.00708344395503449,TRUE
"铅钡","44",2,13,-0.0875873889053817,-0.0768832090936649,0.0107041798117169,0.0107041798117169,TRUE
"铅钡","44",2,14,-0.212223176307397,-0.206326537848989,0.00589663845840777,0.00589663845840777,TRUE
"铅钡","44",3,4,-0.353780277873086,-0.363118179173368,-0.009337901300282,0.009337901300282,TRUE
"铅钡","44",3,5,0.116030407125434,0.140280433509755,0.0242500263843213,0.0242500263843213,TRUE
"铅钡","44",3,6,0.420627619904456,0.41055418145758,-0.0100734384468757,0.0100734384468757,TRUE
"铅钡","44",3,7,0.00831808266171102,-0.00436790630356553,-0.0126859889652765,0.0126859889652765,FALSE
"铅钡","44",3,8,-0.218551780512528,-0.213397698380514,0.0051540821320144,0.0051540821320144,TRUE
"铅钡","44",3,9,-0.293952217550467,-0.281105796616026,0.012846420934441,0.012846420934441,TRUE
"铅钡","44",3,10,-0.0806002332811004,-0.0789195146919066,0.00168071858919383,0.00168071858919383,TRUE
"铅钡","44",3,11,-0.304723869346192,-0.289009840562662,0.0157140287835292,0.0157140287835292,TRUE
"铅钡","44",3,12,-0.265354112529637,-0.268730686713398,-0.00337657418376103,0.00337657418376103,TRUE
"铅钡","44",3,13,0.0419051642023464,0.0480725905919285,0.00616742638958204,0.00616742638958204,TRUE
"铅钡","44",3,14,-0.0884794205922686,-0.0837153973864041,0.00476402320586446,0.00476402320586446,TRUE
"铅钡","44",4,5,-0.0145588989726392,-0.00217886050977241,0.0123800384628668,0.0123800384628668,TRUE
"铅钡","44",4,6,-0.336293156554504,-0.375681205070657,-0.0393880485161532,0.0393880485161532,TRUE
"铅钡","44",4,7,0.20123829444502,0.195470230359939,-0.00576806408508063,0.00576806408508063,TRUE
"铅钡","44",4,8,-0.279482433659153,-0.276543806354423,0.00293862730473016,0.00293862730473016,TRUE
"铅钡","44",4,9,0.123548152930095,0.137497163817074,0.0139490108869785,0.0139490108869785,TRUE
"铅钡","44",4,10,-0.067251732704916,-0.0661176007957816,0.00113413190913444,0.00113413190913444,TRUE
"铅钡","44",4,11,0.168791870606677,0.191674448944251,0.0228825783375737,0.0228825783375737,TRUE
"铅钡","44",4,12,0.0779470010722535,0.0770033593606493,-0.000943641711604257,0.000943641711604257,TRUE
"铅钡","44",4,13,0.0370674613678593,0.0407045039248519,0.00363704255699257,0.00363704255699257,TRUE
"铅钡","44",4,14,0.0105264263527887,0.0137693997740895,0.00324297342130072,0.00324297342130072,TRUE
"铅钡","44",5,6,0.410693685597871,0.507648613769933,0.0969549281720627,0.0969549281720627,TRUE
"铅钡","44",5,7,0.103299298652924,0.130530382045423,0.0272310833924993,0.0272310833924993,TRUE
"铅钡","44",5,8,-0.289825620905861,-0.30927561820382,-0.0194499972979588,0.0194499972979588,TRUE
"铅钡","44",5,9,-0.206563347984303,-0.251338077370723,-0.0447747293864191,0.0447747293864191,TRUE
"铅钡","44",5,10,-0.52805299936826,-0.542850420126625,-0.0147974207583649,0.0147974207583649,TRUE
"铅钡","44",5,11,-0.027404440648597,-0.0822542663846779,-0.0548498257360809,0.0548498257360809,TRUE
"铅钡","44",5,12,0.0205187220803414,0.0244782707687876,0.00395954868844622,0.00395954868844622,TRUE
"铅钡","44",5,13,0.0894599362647757,0.0802071275977624,-0.00925280866701325,0.00925280866701325,TRUE
"铅钡","44",5,14,-0.564445233505777,-0.586754365309249,-0.0223091318034716,0.0223091318034716,TRUE
"铅钡","44",6,7,0.203664125537772,0.176051823577688,-0.0276123019600841,0.0276123019600841,TRUE
"铅钡","44",6,8,-0.226044414625151,-0.217196443226012,0.0088479713991394,0.0088479713991394,TRUE
"铅钡","44",6,9,-0.266426530914206,-0.224477181515572,0.0419493493986345,0.0419493493986345,TRUE
"铅钡","44",6,10,-0.338008209406635,-0.349319819497841,-0.011311610091206,0.011311610091206,TRUE
"铅钡","44",6,11,-0.315828388842643,-0.256605828899689,0.0592225599429544,0.0592225599429544,TRUE
"铅钡","44",6,12,-0.393605267546621,-0.420379823450013,-0.0267745559033924,0.0267745559033924,TRUE
"铅钡","44",6,13,0.21955960403091,0.249921509688325,0.0303619056574143,0.0303619056574143,TRUE
"铅钡","44",6,14,-0.476967541457419,-0.486149763973661,-0.00918222251624218,0.00918222251624218,TRUE
"铅钡","44",7,8,-0.496838473763456,-0.493683421729146,0.00315505203430977,0.00315505203430977,TRUE
"铅钡","44",7,9,-0.0657825007642135,-0.0450655056922553,0.0207169950719582,0.0207169950719582,TRUE
"铅钡","44",7,10,-0.332608832894976,-0.332648302526116,-3.94696311399878e-05,3.94696311399878e-05,TRUE
"铅钡","44",7,11,0.112678882230645,0.149507737649182,0.0368288554185376,0.0368288554185376,TRUE
"铅钡","44",7,12,-0.194445224709006,-0.198029590107567,-0.00358436539856163,0.00358436539856163,TRUE
"铅钡","44",7,13,0.218988084043737,0.227661048290013,0.00867296424627506,0.00867296424627506,TRUE
"铅钡","44",7,14,-0.465323564499552,-0.463170446296185,0.00215311820336728,0.00215311820336728,TRUE
"铅钡","44",8,9,0.131815321030706,0.122403372723875,-0.00941194830683102,0.00941194830683102,TRUE
"铅钡","44",8,10,0.220831132098425,0.2200243152266,-0.000806816871824684,0.000806816871824684,TRUE
"铅钡","44",8,11,0.0718740967436118,0.0573806454572692,-0.0144934512863426,0.0144934512863426,TRUE
"铅钡","44",8,12,0.00906971695505722,0.0102283525768451,0.00115863562178787,0.00115863562178787,TRUE
"铅钡","44",8,13,-0.56732047651293,-0.572975317746202,-0.00565484123327131,0.00565484123327131,TRUE
"铅钡","44",8,14,0.386127534481157,0.38414571153823,-0.00198182294292759,0.00198182294292759,TRUE
"铅钡","44",9,10,-0.0817406514741246,-0.0868752215461951,-0.00513457007207047,0.00513457007207047,TRUE
"铅钡","44",9,11,0.163515564051569,0.123204904014284,-0.0403106600372852,0.0403106600372852,TRUE
"铅钡","44",9,12,0.141694479567348,0.147343479163532,0.00564899959618423,0.00564899959618423,TRUE
"铅钡","44",9,13,0.00429197339331716,-0.00586565017208748,-0.0101576235654046,0.0101576235654046,FALSE
"铅钡","44",9,14,0.000932984375030425,-0.00841768387357831,-0.00935066824860873,0.00935066824860873,FALSE
"铅钡","44",10,11,-0.306665140269122,-0.322691100824084,-0.0160259605549622,0.0160259605549622,TRUE
"铅钡","44",10,12,0.00273204655993985,0.00309072037844722,0.000358673818507369,0.000358673818507369,TRUE
"铅钡","44",10,13,-0.00151100012354863,-0.00264270746084669,-0.00113170733729806,0.00113170733729806,TRUE
"铅钡","44",10,14,0.281443293399004,0.2808319453483,-0.000611348050704008,0.000611348050704008,TRUE
"铅钡","44",11,12,0.0612725898186707,0.0680599773571298,0.0067873875384591,0.0067873875384591,TRUE
"铅钡","44",11,13,-0.156849542999958,-0.177232594825081,-0.0203830518251237,0.0203830518251237,TRUE
"铅钡","44",11,14,0.179640675374564,0.172605062134616,-0.0070356132399477,0.0070356132399477,TRUE
"铅钡","44",12,13,-0.136130144878921,-0.135382917437077,0.000747227441844134,0.000747227441844134,TRUE
"铅钡","44",12,14,0.111754790810533,0.112811905759119,0.00105711494858622,0.00105711494858622,TRUE
"铅钡","44",13,14,-0.181384208932658,-0.184725095768323,-0.00334088683566505,0.00334088683566505,TRUE
"铅钡","45",1,2,0.387523957612379,0.371659093297487,-0.0158648643148922,0.0158648643148922,TRUE
"铅钡","45",1,3,0.228797605759243,0.224203454640691,-0.00459415111855163,0.00459415111855163,TRUE
"铅钡","45",1,4,-0.355658624390269,-0.35503173122852,0.000626893161749797,0.000626893161749797,TRUE
"铅钡","45",1,5,0.0314736239332106,0.0183953085507553,-0.0130783153824553,0.0130783153824553,TRUE
"铅钡","45",1,6,0.523569636177258,0.515234323848471,-0.00833531232878648,0.00833531232878648,TRUE
"铅钡","45",1,7,0.00896500867408218,0.0288099485085823,0.0198449398345001,0.0198449398345001,TRUE
"铅钡","45",1,8,-0.078807711440175,-0.075213995482594,0.003593715957581,0.003593715957581,TRUE
"铅钡","45",1,9,0.0782389207139882,0.0945600311290708,0.0163211104150826,0.0163211104150826,TRUE
"铅钡","45",1,10,0.0169940233852727,0.00988229891464544,-0.00711172447062727,0.00711172447062727,TRUE
"铅钡","45",1,11,-0.442884846754735,-0.428690867031394,0.0141939797233414,0.0141939797233414,TRUE
"铅钡","45",1,12,-0.405414568376801,-0.410794174643809,-0.00537960626700767,0.00537960626700767,TRUE
"铅钡","45",1,13,0.162785470824505,0.16891494190163,0.00612947107712516,0.00612947107712516,TRUE
"铅钡","45",1,14,-0.393845594224813,-0.392086256123372,0.00175933810144052,0.00175933810144052,TRUE
"铅钡","45",2,3,0.0597086312240278,0.0486882817679634,-0.0110203494560644,0.0110203494560644,TRUE
"铅钡","45",2,4,-0.306707790289593,-0.308675744285664,-0.00196795399607075,0.00196795399607075,TRUE
"铅钡","45",2,5,-0.0283363657795519,-0.0550306644838165,-0.0266942987042646,0.0266942987042646,TRUE
"铅钡","45",2,6,0.196520770713179,0.17044075478566,-0.0260800159275189,0.0260800159275189,TRUE
"铅钡","45",2,7,-0.244863554505206,-0.217355459689534,0.0275080948156713,0.0275080948156713,TRUE
"铅钡","45",2,8,0.00693077503836697,0.0152329039455865,0.00830212890721953,0.00830212890721953,TRUE
"铅钡","45",2,9,-0.179517729608024,-0.157060095881037,0.0224576337269871,0.0224576337269871,TRUE
"铅钡","45",2,10,0.111941093229568,0.101417254583521,-0.0105238386460477,0.0105238386460477,TRUE
"铅钡","45",2,11,-0.655999924925786,-0.635073071205551,0.0209268537202343,0.0209268537202343,TRUE
"铅钡","45",2,12,-0.100383893901076,-0.107320457007763,-0.00693656310668649,0.00693656310668649,TRUE
"铅钡","45",2,13,-0.0875873889053817,-0.0810730241496371,0.00651436475574459,0.00651436475574459,TRUE
"铅钡","45",2,14,-0.212223176307397,-0.208507870103371,0.00371530620402588,0.00371530620402588,TRUE
"铅钡","45",3,4,-0.353780277873086,-0.352911790694701,0.000868487178384614,0.000868487178384614,TRUE
"铅钡","45",3,5,0.116030407125434,0.111084174689141,-0.00494623243629316,0.00494623243629316,TRUE
"铅钡","45",3,6,0.420627619904456,0.417837516501555,-0.00279010340290031,0.00279010340290031,TRUE
"铅钡","45",3,7,0.00831808266171102,0.0168579160201528,0.00853983335844181,0.00853983335844181,TRUE
"铅钡","45",3,8,-0.218551780512528,-0.217169309332619,0.00138247117990914,0.00138247117990914,TRUE
"铅钡","45",3,9,-0.293952217550467,-0.290034488330845,0.00391772921962247,0.00391772921962247,TRUE
"铅钡","45",3,10,-0.0806002332811004,-0.0839686278711133,-0.00336839459001283,0.00336839459001283,TRUE
"铅钡","45",3,11,-0.304723869346192,-0.301285465233473,0.00343840411271829,0.00343840411271829,TRUE
"铅钡","45",3,12,-0.265354112529637,-0.266698945533583,-0.00134483300394589,0.00134483300394589,TRUE
"铅钡","45",3,13,0.0419051642023464,0.0440273608486189,0.00212219664627246,0.00212219664627246,TRUE
"铅钡","45",3,14,-0.0884794205922686,-0.0864670006536007,0.00201241993866792,0.00201241993866792,TRUE
"铅钡","45",4,5,-0.0145588989726392,-0.0115917876624959,0.00296711131014329,0.00296711131014329,TRUE
"铅钡","45",4,6,-0.336293156554504,-0.335759655389998,0.000533501164505901,0.000533501164505901,TRUE
"铅钡","45",4,7,0.20123829444502,0.19933838655286,-0.00189990789215944,0.00189990789215944,TRUE
"铅钡","45",4,8,-0.279482433659153,-0.280719006852263,-0.00123657319310982,0.00123657319310982,TRUE
"铅钡","45",4,9,0.123548152930095,0.121072456977447,-0.0024756959526489,0.0024756959526489,TRUE
"铅钡","45",4,10,-0.067251732704916,-0.0657459563496755,0.00150577635524045,0.00150577635524045,TRUE
"铅钡","45",4,11,0.168791870606677,0.167059551984546,-0.00173231862213091,0.00173231862213091,TRUE
"铅钡","45",4,12,0.0779470010722535,0.0784780623231535,0.000531061250900008,0.000531061250900008,TRUE
"铅钡","45",4,13,0.0370674613678593,0.036035569906824,-0.0010318914610353,0.0010318914610353,TRUE
"铅钡","45",4,14,0.0105264263527887,0.00936946923283009,-0.00115695711995863,0.00115695711995863,TRUE
"铅钡","45",5,6,0.410693685597871,0.401951560725463,-0.00874212487240711,0.00874212487240711,TRUE
"铅钡","45",5,7,0.103299298652924,0.122136523603611,0.0188372249506876,0.0188372249506876,TRUE
"铅钡","45",5,8,-0.289825620905861,-0.288007956395542,0.0018176645103184,0.0018176645103184,TRUE
"铅钡","45",5,9,-0.206563347984303,-0.196221170073937,0.0103421779103668,0.0103421779103668,TRUE
"铅钡","45",5,10,-0.52805299936826,-0.538290636090081,-0.0102376367218211,0.0102376367218211,TRUE
"铅钡","45",5,11,-0.027404440648597,-0.000775021441625909,0.0266294192069711,0.0266294192069711,TRUE
"铅钡","45",5,12,0.0205187220803414,0.0187804513653516,-0.0017382707149898,0.0017382707149898,TRUE
"铅钡","45",5,13,0.0894599362647757,0.0941346982788218,0.0046747620140461,0.0046747620140461,TRUE
"铅钡","45",5,14,-0.564445233505777,-0.563749064923599,0.000696168582178358,0.000696168582178358,TRUE
"铅钡","45",6,7,0.203664125537772,0.230335962070194,0.0266718365324216,0.0266718365324216,TRUE
"铅钡","45",6,8,-0.226044414625151,-0.223619061495783,0.00242535312936809,0.00242535312936809,TRUE
"铅钡","45",6,9,-0.266426530914206,-0.253978689323139,0.0124478415910673,0.0124478415910673,TRUE
"铅钡","45",6,10,-0.338008209406635,-0.350109626209944,-0.0121014168033095,0.0121014168033095,TRUE
"铅钡","45",6,11,-0.315828388842643,-0.293141491238022,0.0226868976046211,0.0226868976046211,TRUE
"铅钡","45",6,12,-0.393605267546621,-0.399978992508316,-0.00637372496169508,0.00637372496169508,TRUE
"铅钡","45",6,13,0.21955960403091,0.227225141582048,0.00766553755113708,0.00766553755113708,TRUE
"铅钡","45",6,14,-0.476967541457419,-0.476268293953933,0.0006992475034861,0.0006992475034861,TRUE
"铅钡","45",7,8,-0.496838473763456,-0.508567818025993,-0.0117293442625366,0.0117293442625366,TRUE
"铅钡","45",7,9,-0.0657825007642135,-0.0860817326453365,-0.0202992318811229,0.0202992318811229,TRUE
"铅钡","45",7,10,-0.332608832894976,-0.328125455903696,0.0044833769912801,0.0044833769912801,TRUE
"铅钡","45",7,11,0.112678882230645,0.0774566610358035,-0.0352222211948411,0.0352222211948411,TRUE
"铅钡","45",7,12,-0.194445224709006,-0.194152045941393,0.000293178767612368,0.000293178767612368,TRUE
"铅钡","45",7,13,0.218988084043737,0.215879700336853,-0.00310838370688474,0.00310838370688474,TRUE
"铅钡","45",7,14,-0.465323564499552,-0.477926918505326,-0.0126033540057732,0.0126033540057732,TRUE
"铅钡","45",8,9,0.131815321030706,0.12874074584165,-0.00307457518905596,0.00307457518905596,TRUE
"铅钡","45",8,10,0.220831132098425,0.223307480130373,0.00247634803194752,0.00247634803194752,TRUE
"铅钡","45",8,11,0.0718740967436118,0.0655247331681612,-0.0063493635754506,0.0063493635754506,TRUE
"铅钡","45",8,12,0.00906971695505722,0.00966226463678776,0.000592547681730534,0.000592547681730534,TRUE
"铅钡","45",8,13,-0.56732047651293,-0.569343914294318,-0.00202343778138758,0.00202343778138758,TRUE
"铅钡","45",8,14,0.386127534481157,0.385275707106104,-0.000851827375053349,0.000851827375053349,TRUE
"铅钡","45",9,10,-0.0817406514741246,-0.0754453748637711,0.00629527661035348,0.00629527661035348,TRUE
"铅钡","45",9,11,0.163515564051569,0.139019711142132,-0.0244958529094373,0.0244958529094373,TRUE
"铅钡","45",9,12,0.141694479567348,0.144833202616469,0.00313872304912047,0.00313872304912047,TRUE
"铅钡","45",9,13,0.00429197339331716,-0.000257171220779657,-0.00454914461409682,0.00454914461409682,FALSE
"铅钡","45",9,14,0.000932984375030425,-0.00405624539209555,-0.00498922976712598,0.00498922976712598,FALSE
"铅钡","45",10,11,-0.306665140269122,-0.302217634978117,0.00444750529100446,0.00444750529100446,TRUE
"铅钡","45",10,12,0.00273204655993985,0.00173529330225504,-0.000996753257684814,0.000996753257684814,TRUE
"铅钡","45",10,13,-0.00151100012354863,0.000687818994713464,0.00219881911826209,0.00219881911826209,FALSE
"铅钡","45",10,14,0.281443293399004,0.284559769803969,0.00311647640496487,0.00311647640496487,TRUE
"铅钡","45",11,12,0.0612725898186707,0.0676843626977544,0.00641177287908369,0.00641177287908369,TRUE
"铅钡","45",11,13,-0.156849542999958,-0.171758074717324,-0.0149085317173669,0.0149085317173669,TRUE
"铅钡","45",11,14,0.179640675374564,0.175017593705378,-0.00462308166918529,0.00462308166918529,TRUE
"铅钡","45",12,13,-0.136130144878921,-0.135594934032658,0.000535210846263318,0.000535210846263318,TRUE
"铅钡","45",12,14,0.111754790810533,0.112578771555426,0.000823980744892996,0.000823980744892996,TRUE
"铅钡","45",13,14,-0.181384208932658,-0.183234697023965,-0.00185048809130739,0.00185048809130739,TRUE
"铅钡","46",1,2,0.387523957612379,0.403252595127125,0.0157286375147455,0.0157286375147455,TRUE
"铅钡","46",1,3,0.228797605759243,0.208781889415671,-0.0200157163435716,0.0200157163435716,TRUE
"铅钡","46",1,4,-0.355658624390269,-0.326057096890768,0.0296015274995011,0.0296015274995011,TRUE
"铅钡","46",1,5,0.0314736239332106,0.00241848786158137,-0.0290551360716293,0.0290551360716293,TRUE
"铅钡","46",1,6,0.523569636177258,0.510363182139879,-0.0132064540373784,0.0132064540373784,TRUE
"铅钡","46",1,7,0.00896500867408218,0.0299791361219546,0.0210141274478724,0.0210141274478724,TRUE
"铅钡","46",1,8,-0.078807711440175,-0.0833398483032907,-0.00453213686311577,0.00453213686311577,TRUE
"铅钡","46",1,9,0.0782389207139882,0.07415426372126,-0.00408465699272824,0.00408465699272824,TRUE
"铅钡","46",1,10,0.0169940233852727,0.00614751644407904,-0.0108465069411937,0.0108465069411937,TRUE
"铅钡","46",1,11,-0.442884846754735,-0.438141505107388,0.00474334164734747,0.00474334164734747,TRUE
"铅钡","46",1,12,-0.405414568376801,-0.434230458501941,-0.0288158901251399,0.0288158901251399,TRUE
"铅钡","46",1,13,0.162785470824505,0.164408960302676,0.00162348947817079,0.00162348947817079,TRUE
"铅钡","46",1,14,-0.393845594224813,-0.395414738360315,-0.00156914413550185,0.00156914413550185,TRUE
"铅钡","46",2,3,0.0597086312240278,0.0723871728263156,0.0126785416022878,0.0126785416022878,TRUE
"铅钡","46",2,4,-0.306707790289593,-0.370431335673575,-0.0637235453839816,0.0637235453839816,TRUE
"铅钡","46",2,5,-0.0283363657795519,-0.0154748441395645,0.0128615216399873,0.0128615216399873,TRUE
"铅钡","46",2,6,0.196520770713179,0.21310161798375,0.0165808472705711,0.0165808472705711,TRUE
"铅钡","46",2,7,-0.244863554505206,-0.257071207450325,-0.0122076529451192,0.0122076529451192,TRUE
"铅钡","46",2,8,0.00693077503836697,0.00856633314219601,0.00163555810382905,0.00163555810382905,TRUE
"铅钡","46",2,9,-0.179517729608024,-0.177777593096417,0.00174013651160659,0.00174013651160659,TRUE
"铅钡","46",2,10,0.111941093229568,0.117474572110985,0.0055334788814171,0.0055334788814171,TRUE
"铅钡","46",2,11,-0.655999924925786,-0.664181349966603,-0.00818142504081787,0.00818142504081787,TRUE
"铅钡","46",2,12,-0.100383893901076,-0.0923431910410125,0.00804070286006374,0.00804070286006374,TRUE
"铅钡","46",2,13,-0.0875873889053817,-0.0876804334687344,-9.30445633526844e-05,9.30445633526844e-05,TRUE
"铅钡","46",2,14,-0.212223176307397,-0.214119931610315,-0.00189675530291827,0.00189675530291827,TRUE
"铅钡","46",3,4,-0.353780277873086,-0.316297918551858,0.0374823593212281,0.0374823593212281,TRUE
"铅钡","46",3,5,0.116030407125434,0.0861855173453788,-0.0298448897800554,0.0298448897800554,TRUE
"铅钡","46",3,6,0.420627619904456,0.402181358524314,-0.0184462613801419,0.0184462613801419,TRUE
"铅钡","46",3,7,0.00831808266171102,0.0319619497936583,0.0236438671319473,0.0236438671319473,TRUE
"铅钡","46",3,8,-0.218551780512528,-0.225847796147172,-0.00729601563464333,0.00729601563464333,TRUE
"铅钡","46",3,9,-0.293952217550467,-0.304045325918877,-0.0100931083684097,0.0100931083684097,TRUE
"铅钡","46",3,10,-0.0806002332811004,-0.0944697403362917,-0.0138695070551913,0.0138695070551913,TRUE
"铅钡","46",3,11,-0.304723869346192,-0.297576018129052,0.00714785121713946,0.00714785121713946,TRUE
"铅钡","46",3,12,-0.265354112529637,-0.294671011245147,-0.0293168987155097,0.0293168987155097,TRUE
"铅钡","46",3,13,0.0419051642023464,0.0422368292881553,0.000331665085808876,0.000331665085808876,TRUE
"铅钡","46",3,14,-0.0884794205922686,-0.0863680904626535,0.00211133012961505,0.00211133012961505,TRUE
"铅钡","46",4,5,-0.0145588989726392,0.0752049007497714,0.0897637997224106,0.0897637997224106,FALSE
"铅钡","46",4,6,-0.336293156554504,-0.29058459746457,0.0457085590899341,0.0457085590899341,TRUE
"铅钡","46",4,7,0.20123829444502,0.160372616883248,-0.040865677561772,0.040865677561772,TRUE
"铅钡","46",4,8,-0.279482433659153,-0.297129578204966,-0.0176471445458126,0.0176471445458126,TRUE
"铅钡","46",4,9,0.123548152930095,0.151568257060469,0.0280201041303739,0.0280201041303739,TRUE
"铅钡","46",4,10,-0.067251732704916,-0.0405157367611447,0.0267359959437713,0.0267359959437713,TRUE
"铅钡","46",4,11,0.168791870606677,0.152978255448207,-0.0158136151584707,0.0158136151584707,TRUE
"铅钡","46",4,12,0.0779470010722535,0.149064869354607,0.0711178682823533,0.0711178682823533,TRUE
"铅钡","46",4,13,0.0370674613678593,0.0416052867869818,0.00453782541912251,0.00453782541912251,TRUE
"铅钡","46",4,14,0.0105264263527887,0.00235497811461825,-0.00817144823817048,0.00817144823817048,TRUE
"铅钡","46",5,6,0.410693685597871,0.38899372828861,-0.0216999573092602,0.0216999573092602,TRUE
"铅钡","46",5,7,0.103299298652924,0.133353132108041,0.0300538334551173,0.0300538334551173,TRUE
"铅钡","46",5,8,-0.289825620905861,-0.30019756938078,-0.0103719484749192,0.0103719484749192,TRUE
"铅钡","46",5,9,-0.206563347984303,-0.217206066775155,-0.0106427187908511,0.0106427187908511,TRUE
"铅钡","46",5,10,-0.52805299936826,-0.554104752724318,-0.0260517533560588,0.0260517533560588,TRUE
"铅钡","46",5,11,-0.027404440648597,-0.0137053533038593,0.0136990873447377,0.0136990873447377,TRUE
"铅钡","46",5,12,0.0205187220803414,-0.00549352831721451,-0.0260122503975559,0.0260122503975559,FALSE
"铅钡","46",5,13,0.0894599362647757,0.0908692848226923,0.00140934855791666,0.00140934855791666,TRUE
"铅钡","46",5,14,-0.564445233505777,-0.571528613020436,-0.00708337951465832,0.00708337951465832,TRUE
"铅钡","46",6,7,0.203664125537772,0.234678171368516,0.0310140458307439,0.0310140458307439,TRUE
"铅钡","46",6,8,-0.226044414625151,-0.234434129635478,-0.00838971501032695,0.00838971501032695,TRUE
"铅钡","46",6,9,-0.266426530914206,-0.277341976389246,-0.0109154454750394,0.0109154454750394,TRUE
"铅钡","46",6,10,-0.338008209406635,-0.358363770422211,-0.020355561015576,0.020355561015576,TRUE
"铅钡","46",6,11,-0.315828388842643,-0.308613940407975,0.00721444843466817,0.00721444843466817,TRUE
"铅钡","46",6,12,-0.393605267546621,-0.429123734865443,-0.0355184673188229,0.0355184673188229,TRUE
"铅钡","46",6,13,0.21955960403091,0.223046086207551,0.00348648217664102,0.00348648217664102,TRUE
"铅钡","46",6,14,-0.476967541457419,-0.481570745947392,-0.00460320448997303,0.00460320448997303,TRUE
"铅钡","46",7,8,-0.496838473763456,-0.498372277875211,-0.00153380411175491,0.00153380411175491,TRUE
"铅钡","46",7,9,-0.0657825007642135,-0.0619021911550464,0.00388030960916716,0.00388030960916716,TRUE
"铅钡","46",7,10,-0.332608832894976,-0.326613669384823,0.00599516351015306,0.00599516351015306,TRUE
"铅钡","46",7,11,0.112678882230645,0.1041112241274,-0.00856765810324478,0.00856765810324478,TRUE
"铅钡","46",7,12,-0.194445224709006,-0.179587560831556,0.0148576638774494,0.0148576638774494,TRUE
"铅钡","46",7,13,0.218988084043737,0.221256607824989,0.00226852378125142,0.00226852378125142,TRUE
"铅钡","46",7,14,-0.465323564499552,-0.472499635092398,-0.00717607059284547,0.00717607059284547,TRUE
"铅钡","46",8,9,0.131815321030706,0.131140205828285,-0.000675115202420251,0.000675115202420251,TRUE
"铅钡","46",8,10,0.220831132098425,0.21975023789381,-0.00108089420461527,0.00108089420461527,TRUE
"铅钡","46",8,11,0.0718740967436118,0.0737989881180159,0.00192489137440408,0.00192489137440408,TRUE
"铅钡","46",8,12,0.00906971695505722,0.005961738712407,-0.00310797824265022,0.00310797824265022,TRUE
"铅钡","46",8,13,-0.56732047651293,-0.567519172975912,-0.00019869646298154,0.00019869646298154,TRUE
"铅钡","46",8,14,0.386127534481157,0.386786348413347,0.000658813932189362,0.000658813932189362,TRUE
"铅钡","46",9,10,-0.0817406514741246,-0.0844149346832244,-0.00267428320909981,0.00267428320909981,TRUE
"铅钡","46",9,11,0.163515564051569,0.166426743476133,0.00291117942456393,0.00291117942456393,TRUE
"铅钡","46",9,12,0.141694479567348,0.138598997115321,-0.00309548245202712,0.00309548245202712,TRUE
"铅钡","46",9,13,0.00429197339331716,0.00424071702036855,-5.1256372948616e-05,5.1256372948616e-05,TRUE
"铅钡","46",9,14,0.000932984375030425,0.00159372702620264,0.000660742651172216,0.000660742651172216,TRUE
"铅钡","46",10,11,-0.306665140269122,-0.303004338829898,0.00366080143922409,0.00366080143922409,TRUE
"铅钡","46",10,12,0.00273204655993985,-0.00705538622406437,-0.00978743278400422,0.00978743278400422,FALSE
"铅钡","46",10,13,-0.00151100012354863,-0.00163326428656913,-0.000122264163020503,0.000122264163020503,TRUE
"铅钡","46",10,14,0.281443293399004,0.283703188170923,0.00225989477191935,0.00225989477191935,TRUE
"铅钡","46",11,12,0.0612725898186707,0.071730905260471,0.0104583154418004,0.0104583154418004,TRUE
"铅钡","46",11,13,-0.156849542999958,-0.157142778040953,-0.00029323504099546,0.00029323504099546,TRUE
"铅钡","46",11,14,0.179640675374564,0.178701825770313,-0.000938849604250447,0.000938849604250447,TRUE
"铅钡","46",12,13,-0.136130144878921,-0.137576401228726,-0.00144625634980494,0.00144625634980494,TRUE
"铅钡","46",12,14,0.111754790810533,0.115472007645373,0.00371721683484053,0.00371721683484053,TRUE
"铅钡","46",13,14,-0.181384208932658,-0.181388217457226,-4.00852456788892e-06,4.00852456788892e-06,TRUE
"铅钡","47",1,2,0.387523957612379,0.390325755250666,0.00280179763828714,0.00280179763828714,TRUE
"铅钡","47",1,3,0.228797605759243,0.225811263754015,-0.00298634200522821,0.00298634200522821,TRUE
"铅钡","47",1,4,-0.355658624390269,-0.354263093313656,0.00139553107661322,0.00139553107661322,TRUE
"铅钡","47",1,5,0.0314736239332106,0.0288998817947552,-0.00257374213845546,0.00257374213845546,TRUE
"铅钡","47",1,6,0.523569636177258,0.525316003223867,0.00174636704660969,0.00174636704660969,TRUE
"铅钡","47",1,7,0.00896500867408218,0.0162737604994485,0.00730875182536631,0.00730875182536631,TRUE
"铅钡","47",1,8,-0.078807711440175,-0.0772756187216777,0.00153209271849727,0.00153209271849727,TRUE
"铅钡","47",1,9,0.0782389207139882,0.0818565017398214,0.00361758102583325,0.00361758102583325,TRUE
"铅钡","47",1,10,0.0169940233852727,0.0163887615198231,-0.000605261865449559,0.000605261865449559,TRUE
"铅钡","47",1,11,-0.442884846754735,-0.442534083733746,0.000350763020989409,0.000350763020989409,TRUE
"铅钡","47",1,12,-0.405414568376801,-0.416565051480294,-0.0111504831034931,0.0111504831034931,TRUE
"铅钡","47",1,13,0.162785470824505,0.166901694059119,0.00411622323461361,0.00411622323461361,TRUE
"铅钡","47",1,14,-0.393845594224813,-0.392393576168133,0.0014520180566796,0.0014520180566796,TRUE
"铅钡","47",2,3,0.0597086312240278,0.0293734976230674,-0.0303351336009604,0.0303351336009604,TRUE
"铅钡","47",2,4,-0.306707790289593,-0.302477613848516,0.00423017644107759,0.00423017644107759,TRUE
"铅钡","47",2,5,-0.0283363657795519,-0.0467809532147506,-0.0184445874351987,0.0184445874351987,TRUE
"铅钡","47",2,6,0.196520770713179,0.210364183655532,0.0138434129423532,0.0138434129423532,TRUE
"铅钡","47",2,7,-0.244863554505206,-0.210215148977826,0.0346484055273799,0.0346484055273799,TRUE
"铅钡","47",2,8,0.00693077503836697,0.0180357050299168,0.0111049299915498,0.0111049299915498,TRUE
"铅钡","47",2,9,-0.179517729608024,-0.164536932303259,0.0149807973047646,0.0149807973047646,TRUE
"铅钡","47",2,10,0.111941093229568,0.111543843464464,-0.000397249765104149,0.000397249765104149,TRUE
"铅钡","47",2,11,-0.655999924925786,-0.644982552444563,0.0110173724812228,0.0110173724812228,TRUE
"铅钡","47",2,12,-0.100383893901076,-0.144468536965263,-0.0440846430641868,0.0440846430641868,TRUE
"铅钡","47",2,13,-0.0875873889053817,-0.0686306289620734,0.0189567599433083,0.0189567599433083,TRUE
"铅钡","47",2,14,-0.212223176307397,-0.202318707475424,0.00990446883197338,0.00990446883197338,TRUE
"铅钡","47",3,4,-0.353780277873086,-0.349926741573141,0.00385353629994512,0.00385353629994512,TRUE
"铅钡","47",3,5,0.116030407125434,0.108591201448625,-0.0074392056768094,0.0074392056768094,TRUE
"铅钡","47",3,6,0.420627619904456,0.42784940192842,0.00722178202396462,0.00722178202396462,TRUE
"铅钡","47",3,7,0.00831808266171102,0.0316875992514123,0.0233695165897013,0.0233695165897013,TRUE
"铅钡","47",3,8,-0.218551780512528,-0.215129657896968,0.00342212261555999,0.00342212261555999,TRUE
"铅钡","47",3,9,-0.293952217550467,-0.286724283881503,0.00722793366896424,0.00722793366896424,TRUE
"铅钡","47",3,10,-0.0806002332811004,-0.0832711142056364,-0.00267088092453596,0.00267088092453596,TRUE
"铅钡","47",3,11,-0.304723869346192,-0.290795892357063,0.0139279769891286,0.0139279769891286,TRUE
"铅钡","47",3,12,-0.265354112529637,-0.29026425889323,-0.0249101463635928,0.0249101463635928,TRUE
"铅钡","47",3,13,0.0419051642023464,0.0533686796110739,0.0114635154087274,0.0114635154087274,TRUE
"铅钡","47",3,14,-0.0884794205922686,-0.0808224641942604,0.00765695639800822,0.00765695639800822,TRUE
"铅钡","47",4,5,-0.0145588989726392,-0.0107295969352461,0.00382930203739307,0.00382930203739307,TRUE
"铅钡","47",4,6,-0.336293156554504,-0.338621768100982,-0.00232861154647834,0.00232861154647834,TRUE
"铅钡","47",4,7,0.20123829444502,0.194458908364082,-0.00677938608093795,0.00677938608093795,TRUE
"铅钡","47",4,8,-0.279482433659153,-0.282611585976858,-0.00312915231770489,0.00312915231770489,TRUE
"铅钡","47",4,9,0.123548152930095,0.119400289545014,-0.00414786338508111,0.00414786338508111,TRUE
"铅钡","47",4,10,-0.067251732704916,-0.0664672158283759,0.000784516876540048,0.000784516876540048,TRUE
"铅钡","47",4,11,0.168791870606677,0.162088686561423,-0.00670318404525394,0.00670318404525394,TRUE
"铅钡","47",4,12,0.0779470010722535,0.087811201322139,0.00986420024988544,0.00986420024988544,TRUE
"铅钡","47",4,13,0.0370674613678593,0.0323349836238563,-0.00473247774400304,0.00473247774400304,TRUE
"铅钡","47",4,14,0.0105264263527887,0.00671332066348726,-0.00381310568930147,0.00381310568930147,TRUE
"铅钡","47",5,6,0.410693685597871,0.413748861934206,0.00305517633633517,0.00305517633633517,TRUE
"铅钡","47",5,7,0.103299298652924,0.117569715830545,0.014270417177621,0.014270417177621,TRUE
"铅钡","47",5,8,-0.289825620905861,-0.287883313611678,0.00194230729418254,0.00194230729418254,TRUE
"铅钡","47",5,9,-0.206563347984303,-0.202094792968924,0.00446855501537927,0.00446855501537927,TRUE
"铅钡","47",5,10,-0.52805299936826,-0.530402960480978,-0.0023499611127179,0.0023499611127179,TRUE
"铅钡","47",5,11,-0.027404440648597,-0.0170311077200953,0.0103733329285016,0.0103733329285016,TRUE
"铅钡","47",5,12,0.0205187220803414,0.0103631363316928,-0.0101555857486486,0.0101555857486486,TRUE
"铅钡","47",5,13,0.0894599362647757,0.0958382293476574,0.00637829308288175,0.00637829308288175,TRUE
"铅钡","47",5,14,-0.564445233505777,-0.562456621880062,0.00198861162571595,0.00198861162571595,TRUE
"铅钡","47",6,7,0.203664125537772,0.201883657567617,-0.00178046797015516,0.00178046797015516,TRUE
"铅钡","47",6,8,-0.226044414625151,-0.227548727964453,-0.00150431333930187,0.00150431333930187,TRUE
"铅钡","47",6,9,-0.266426530914206,-0.269851265433689,-0.0034247345194825,0.0034247345194825,TRUE
"铅钡","47",6,10,-0.338008209406635,-0.33773737437101,0.000270835035624639,0.000270835035624639,TRUE
"铅钡","47",6,11,-0.315828388842643,-0.324468148636372,-0.00863975979372894,0.00863975979372894,TRUE
"铅钡","47",6,12,-0.393605267546621,-0.393998347306603,-0.000393079759982151,0.000393079759982151,TRUE
"铅钡","47",6,13,0.21955960403091,0.217997997654718,-0.00156160637619285,0.00156160637619285,TRUE
"铅钡","47",6,14,-0.476967541457419,-0.480167831667129,-0.00320029020971013,0.00320029020971013,TRUE
"铅钡","47",7,8,-0.496838473763456,-0.513117004639113,-0.0162785308756567,0.0162785308756567,TRUE
"铅钡","47",7,9,-0.0657825007642135,-0.0822663059223004,-0.0164838051580869,0.0164838051580869,TRUE
"铅钡","47",7,10,-0.332608832894976,-0.335236073891718,-0.00262724099674205,0.00262724099674205,TRUE
"铅钡","47",7,11,0.112678882230645,0.0870787077883745,-0.0256001744422702,0.0256001744422702,TRUE
"铅钡","47",7,12,-0.194445224709006,-0.171976305889909,0.0224689188190966,0.0224689188190966,TRUE
"铅钡","47",7,13,0.218988084043737,0.207751635429522,-0.0112364486142156,0.0112364486142156,TRUE
"铅钡","47",7,14,-0.465323564499552,-0.486252629099467,-0.0209290645999145,0.0209290645999145,TRUE
"铅钡","47",8,9,0.131815321030706,0.128863902228869,-0.0029514188018365,0.0029514188018365,TRUE
"铅钡","47",8,10,0.220831132098425,0.221722239938369,0.000891107839944172,0.000891107839944172,TRUE
"铅钡","47",8,11,0.0718740967436118,0.066124981868346,-0.00574911487526586,0.00574911487526586,TRUE
"铅钡","47",8,12,0.00906971695505722,0.0156910969950307,0.00662138003997347,0.00662138003997347,TRUE
"铅钡","47",8,13,-0.56732047651293,-0.573565326785003,-0.00624485027207222,0.00624485027207222,TRUE
"铅钡","47",8,14,0.386127534481157,0.384502064855949,-0.00162546962520838,0.00162546962520838,TRUE
"铅钡","47",9,10,-0.0817406514741246,-0.0807190915342337,0.00102155993989093,0.00102155993989093,TRUE
"铅钡","47",9,11,0.163515564051569,0.152881666165946,-0.0106338978856235,0.0106338978856235,TRUE
"铅钡","47",9,12,0.141694479567348,0.156709147899363,0.0150146683320146,0.0150146683320146,TRUE
"铅钡","47",9,13,0.00429197339331716,-0.00286160534805969,-0.00715357874137686,0.00715357874137686,FALSE
"铅钡","47",9,14,0.000932984375030425,-0.00467772657209328,-0.00561071094712371,0.00561071094712371,FALSE
"铅钡","47",10,11,-0.306665140269122,-0.308045059949986,-0.00137991968086376,0.00137991968086376,TRUE
"铅钡","47",10,12,0.00273204655993985,0.000337549050163073,-0.00239449750977678,0.00239449750977678,TRUE
"铅钡","47",10,13,-0.00151100012354863,-0.000159552165634993,0.00135144795791364,0.00135144795791364,TRUE
"铅钡","47",10,14,0.281443293399004,0.283175726785667,0.00173243338666279,0.00173243338666279,TRUE
"铅钡","47",11,12,0.0612725898186707,0.0872279721357086,0.0259553823170379,0.0259553823170379,TRUE
"铅钡","47",11,13,-0.156849542999958,-0.173080394779458,-0.0162308517795006,0.0162308517795006,TRUE
"铅钡","47",11,14,0.179640675374564,0.171614435787306,-0.00802623958725771,0.00802623958725771,TRUE
"铅钡","47",12,13,-0.136130144878921,-0.124992631466487,0.0111375134124346,0.0111375134124346,TRUE
"铅钡","47",12,14,0.111754790810533,0.123684357817241,0.0119295670067081,0.0119295670067081,TRUE
"铅钡","47",13,14,-0.181384208932658,-0.18825880414365,-0.00687459521099207,0.00687459521099207,TRUE
"铅钡","48",1,2,0.387523957612379,0.394908811758771,0.00738485414639178,0.00738485414639178,TRUE
"铅钡","48",1,3,0.228797605759243,0.233726165098446,0.00492855933920294,0.00492855933920294,TRUE
"铅钡","48",1,4,-0.355658624390269,-0.355286895330344,0.000371729059924941,0.000371729059924941,TRUE
"铅钡","48",1,5,0.0314736239332106,0.0365054338321726,0.00503180989896197,0.00503180989896197,TRUE
"铅钡","48",1,6,0.523569636177258,0.541922185353347,0.0183525491760899,0.0183525491760899,TRUE
"铅钡","48",1,7,0.00896500867408218,0.0132770887378807,0.0043120800637985,0.0043120800637985,TRUE
"铅钡","48",1,8,-0.078807711440175,-0.108141847568845,-0.0293341361286701,0.0293341361286701,TRUE
"铅钡","48",1,9,0.0782389207139882,0.0672758773416839,-0.0109630433723042,0.0109630433723042,TRUE
"铅钡","48",1,10,0.0169940233852727,0.0145829190372861,-0.00241110434798663,0.00241110434798663,TRUE
"铅钡","48",1,11,-0.442884846754735,-0.444835360863328,-0.00195051410859298,0.00195051410859298,TRUE
"铅钡","48",1,12,-0.405414568376801,-0.410845389035927,-0.00543082065912559,0.00543082065912559,TRUE
"铅钡","48",1,13,0.162785470824505,0.214831060807451,0.0520455899829462,0.0520455899829462,TRUE
"铅钡","48",1,14,-0.393845594224813,-0.401820897438914,-0.00797530321410156,0.00797530321410156,TRUE
"铅钡","48",2,3,0.0597086312240278,0.0517197450487429,-0.00798888617528482,0.00798888617528482,TRUE
"铅钡","48",2,4,-0.306707790289593,-0.310184842225462,-0.00347705193586878,0.00347705193586878,TRUE
"铅钡","48",2,5,-0.0283363657795519,-0.0391889609479106,-0.0108525951683587,0.0108525951683587,TRUE
"铅钡","48",2,6,0.196520770713179,0.181750350065852,-0.014770420647327,0.014770420647327,TRUE
"铅钡","48",2,7,-0.244863554505206,-0.256480809403655,-0.0116172548984488,0.0116172548984488,TRUE
"铅钡","48",2,8,0.00693077503836697,0.0545783791452431,0.0476476041068761,0.0476476041068761,TRUE
"铅钡","48",2,9,-0.179517729608024,-0.1567905896818,0.0227271399262238,0.0227271399262238,TRUE
"铅钡","48",2,10,0.111941093229568,0.118044831329446,0.0061037380998776,0.0061037380998776,TRUE
"铅钡","48",2,11,-0.655999924925786,-0.656918482161366,-0.000918557235580097,0.000918557235580097,TRUE
"铅钡","48",2,12,-0.100383893901076,-0.0931005420449602,0.00728335185611605,0.00728335185611605,TRUE
"铅钡","48",2,13,-0.0875873889053817,-0.160563808556028,-0.072976419650646,0.072976419650646,TRUE
"铅钡","48",2,14,-0.212223176307397,-0.203317503136963,0.00890567317043395,0.00890567317043395,TRUE
"铅钡","48",3,4,-0.353780277873086,-0.356466215191392,-0.00268593731830613,0.00268593731830613,TRUE
"铅钡","48",3,5,0.116030407125434,0.108613856012513,-0.00741655111292074,0.00741655111292074,TRUE
"铅钡","48",3,6,0.420627619904456,0.413969650034945,-0.00665796986951012,0.00665796986951012,TRUE
"铅钡","48",3,7,0.00831808266171102,0.000951944905969983,-0.00736613775574103,0.00736613775574103,TRUE
"铅钡","48",3,8,-0.218551780512528,-0.203436696146925,0.0151150843656029,0.0151150843656029,TRUE
"铅钡","48",3,9,-0.293952217550467,-0.283272192912326,0.0106800246381413,0.0106800246381413,TRUE
"铅钡","48",3,10,-0.0806002332811004,-0.0767103118978737,0.00388992138322677,0.00388992138322677,TRUE
"铅钡","48",3,11,-0.304723869346192,-0.303622773084653,0.00110109626153865,0.00110109626153865,TRUE
"铅钡","48",3,12,-0.265354112529637,-0.260593461044949,0.00476065148468796,0.00476065148468796,TRUE
"铅钡","48",3,13,0.0419051642023464,0.00130653327684339,-0.040598630925503,0.040598630925503,TRUE
"铅钡","48",3,14,-0.0884794205922686,-0.0802909326306591,0.00818848796160951,0.00818848796160951,TRUE
"铅钡","48",4,5,-0.0145588989726392,-0.0164150352773383,-0.00185613630469913,0.00185613630469913,TRUE
"铅钡","48",4,6,-0.336293156554504,-0.345338362706856,-0.0090452061523516,0.0090452061523516,TRUE
"铅钡","48",4,7,0.20123829444502,0.200515868101795,-0.000722426343224558,0.000722426343224558,TRUE
"铅钡","48",4,8,-0.279482433659153,-0.299104902179673,-0.0196224685205202,0.0196224685205202,TRUE
"铅钡","48",4,9,0.123548152930095,0.134906343881594,0.0113581909514985,0.0113581909514985,TRUE
"铅钡","48",4,10,-0.067251732704916,-0.066449727617829,0.000802005087086985,0.000802005087086985,TRUE
"铅钡","48",4,11,0.168791870606677,0.169355004370659,0.000563133763981122,0.000563133763981122,TRUE
"铅钡","48",4,12,0.0779470010722535,0.0795695681507449,0.00162256707849136,0.00162256707849136,TRUE
"铅钡","48",4,13,0.0370674613678593,0.0327536194734987,-0.00431384189436065,0.00431384189436065,TRUE
"铅钡","48",4,14,0.0105264263527887,0.0124965117366983,0.00197008538390954,0.00197008538390954,TRUE
"铅钡","48",5,6,0.410693685597871,0.400914121708928,-0.00977956388894241,0.00977956388894241,TRUE
"铅钡","48",5,7,0.103299298652924,0.09504628171708,-0.00825301693584393,0.00825301693584393,TRUE
"铅钡","48",5,8,-0.289825620905861,-0.273577104997235,0.0162485159086264,0.0162485159086264,TRUE
"铅钡","48",5,9,-0.206563347984303,-0.185611003731248,0.0209523442530557,0.0209523442530557,TRUE
"铅钡","48",5,10,-0.52805299936826,-0.526217121714809,0.00183587765345106,0.00183587765345106,TRUE
"铅钡","48",5,11,-0.027404440648597,-0.0247707353123138,0.00263370533628321,0.00263370533628321,TRUE
"铅钡","48",5,12,0.0205187220803414,0.0287286338227621,0.00820991174242073,0.00820991174242073,TRUE
"铅钡","48",5,13,0.0894599362647757,0.0451498751749139,-0.0443100610898618,0.0443100610898618,TRUE
"铅钡","48",5,14,-0.564445233505777,-0.559588789912371,0.00485644359340609,0.00485644359340609,TRUE
"铅钡","48",6,7,0.203664125537772,0.191233382290375,-0.012430743247397,0.012430743247397,TRUE
"铅钡","48",6,8,-0.226044414625151,-0.168102377485046,0.0579420371401049,0.0579420371401049,TRUE
"铅钡","48",6,9,-0.266426530914206,-0.225820297380608,0.0406062335335984,0.0406062335335984,TRUE
"铅钡","48",6,10,-0.338008209406635,-0.334620894352052,0.00338731505458328,0.00338731505458328,TRUE
"铅钡","48",6,11,-0.315828388842643,-0.316286540674556,-0.000458151831912723,0.000458151831912723,TRUE
"铅钡","48",6,12,-0.393605267546621,-0.386957475294536,0.00664779225208501,0.00664779225208501,TRUE
"铅钡","48",6,13,0.21955960403091,0.150948574189134,-0.0686110298417763,0.0686110298417763,TRUE
"铅钡","48",6,14,-0.476967541457419,-0.467686706127204,0.00928083533021568,0.00928083533021568,TRUE
"铅钡","48",7,8,-0.496838473763456,-0.506947865639686,-0.0101093918762297,0.0101093918762297,TRUE
"铅钡","48",7,9,-0.0657825007642135,-0.0410109754759051,0.0247715252883084,0.0247715252883084,TRUE
"铅钡","48",7,10,-0.332608832894976,-0.32973117741095,0.00287765548402624,0.00287765548402624,TRUE
"铅钡","48",7,11,0.112678882230645,0.115637790870982,0.00295890864033715,0.00295890864033715,TRUE
"铅钡","48",7,12,-0.194445224709006,-0.188741610330591,0.00570361437841452,0.00570361437841452,TRUE
"铅钡","48",7,13,0.218988084043737,0.201730704268786,-0.0172573797749513,0.0172573797749513,TRUE
"铅钡","48",7,14,-0.465323564499552,-0.460131019167894,0.00519254533165847,0.00519254533165847,TRUE
"铅钡","48",8,9,0.131815321030706,0.00967678696277034,-0.122138534067935,0.122138534067935,TRUE
"铅钡","48",8,10,0.220831132098425,0.219317668698097,-0.00151346340032787,0.00151346340032787,TRUE
"铅钡","48",8,11,0.0718740967436118,0.0665807097399729,-0.00529338700363896,0.00529338700363896,TRUE
"铅钡","48",8,12,0.00906971695505722,-0.0257540810611483,-0.0348237980162056,0.0348237980162056,FALSE
"铅钡","48",8,13,-0.56732047651293,-0.457982409019029,0.109338067493902,0.109338067493902,TRUE
"铅钡","48",8,14,0.386127534481157,0.376900130728636,-0.00922740375252146,0.00922740375252146,TRUE
"铅钡","48",9,10,-0.0817406514741246,-0.101968512566777,-0.0202278610926524,0.0202278610926524,TRUE
"铅钡","48",9,11,0.163515564051569,0.162856273251699,-0.000659290799869816,0.000659290799869816,TRUE
"铅钡","48",9,12,0.141694479567348,0.124314074123399,-0.0173804054439491,0.0173804054439491,TRUE
"铅钡","48",9,13,0.00429197339331716,0.184075697218979,0.179783723825662,0.179783723825662,TRUE
"铅钡","48",9,14,0.000932984375030425,-0.0332437247040182,-0.0341767090790486,0.0341767090790486,FALSE
"铅钡","48",10,11,-0.306665140269122,-0.308605796502677,-0.00194065623355544,0.00194065623355544,TRUE
"铅钡","48",10,12,0.00273204655993985,-0.00133647811654788,-0.00406852467648773,0.00406852467648773,FALSE
"铅钡","48",10,13,-0.00151100012354863,0.0279288321736159,0.0294398322971645,0.0294398322971645,FALSE
"铅钡","48",10,14,0.281443293399004,0.277828321633634,-0.0036149717653704,0.0036149717653704,TRUE
"铅钡","48",11,12,0.0612725898186707,0.0593383274897635,-0.00193426232890713,0.00193426232890713,TRUE
"铅钡","48",11,13,-0.156849542999958,-0.165172079863893,-0.00832253686393514,0.00832253686393514,TRUE
"铅钡","48",11,14,0.179640675374564,0.177794971335532,-0.00184570403903167,0.00184570403903167,TRUE
"铅钡","48",12,13,-0.136130144878921,-0.112295702402385,0.023834442476536,0.023834442476536,TRUE
"铅钡","48",12,14,0.111754790810533,0.104154581105338,-0.0076002097051949,0.0076002097051949,TRUE
"铅钡","48",13,14,-0.181384208932658,-0.147582537388676,0.0338016715439821,0.0338016715439821,TRUE
"铅钡","49",1,2,0.387523957612379,0.38380747974502,-0.00371647786735924,0.00371647786735924,TRUE
"铅钡","49",1,3,0.228797605759243,0.212826107222105,-0.0159714985371374,0.0159714985371374,TRUE
"铅钡","49",1,4,-0.355658624390269,-0.348788516699096,0.00687010769117308,0.00687010769117308,TRUE
"铅钡","49",1,5,0.0314736239332106,0.0439372679707415,0.0124636440375308,0.0124636440375308,TRUE
"铅钡","49",1,6,0.523569636177258,0.53294912332056,0.00937948714330239,0.00937948714330239,TRUE
"铅钡","49",1,7,0.00896500867408218,0.0284747788300697,0.0195097701559875,0.0195097701559875,TRUE
"铅钡","49",1,8,-0.078807711440175,-0.0847529170349195,-0.00594520559474453,0.00594520559474453,TRUE
"铅钡","49",1,9,0.0782389207139882,0.0741117813784391,-0.0041271393355491,0.0041271393355491,TRUE
"铅钡","49",1,10,0.0169940233852727,0.0134391385331625,-0.00355488485211026,0.00355488485211026,TRUE
"铅钡","49",1,11,-0.442884846754735,-0.437206929137218,0.00567791761751718,0.00567791761751718,TRUE
"铅钡","49",1,12,-0.405414568376801,-0.403757427472267,0.00165714090453445,0.00165714090453445,TRUE
"铅钡","49",1,13,0.162785470824505,0.153886037906306,-0.00889943291819861,0.00889943291819861,TRUE
"铅钡","49",1,14,-0.393845594224813,-0.407853259305999,-0.0140076650811861,0.0140076650811861,TRUE
"铅钡","49",2,3,0.0597086312240278,0.0511403587105232,-0.00856827251350456,0.00856827251350456,TRUE
"铅钡","49",2,4,-0.306707790289593,-0.297679484293731,0.00902830599586268,0.00902830599586268,TRUE
"铅钡","49",2,5,-0.0283363657795519,-0.000947805426405719,0.0273885603531462,0.0273885603531462,TRUE
"铅钡","49",2,6,0.196520770713179,0.216894826950222,0.0203740562370428,0.0203740562370428,TRUE
"铅钡","49",2,7,-0.244863554505206,-0.215285508386399,0.0295780461188069,0.0295780461188069,TRUE
"铅钡","49",2,8,0.00693077503836697,-0.0112914356140377,-0.0182222106524046,0.0182222106524046,FALSE
"铅钡","49",2,9,-0.179517729608024,-0.210792075307073,-0.0312743456990489,0.0312743456990489,TRUE
"铅钡","49",2,10,0.111941093229568,0.0998665982746871,-0.0120744949548812,0.0120744949548812,TRUE
"铅钡","49",2,11,-0.655999924925786,-0.646292714688688,0.0097072102370972,0.0097072102370972,TRUE
"铅钡","49",2,12,-0.100383893901076,-0.0983349138617477,0.00204898003932852,0.00204898003932852,TRUE
"铅钡","49",2,13,-0.0875873889053817,-0.119711034657065,-0.0321236457516834,0.0321236457516834,TRUE
"铅钡","49",2,14,-0.212223176307397,-0.237846595557832,-0.0256234192504345,0.0256234192504345,TRUE
"铅钡","49",3,4,-0.353780277873086,-0.346718518265021,0.00706175960806471,0.00706175960806471,TRUE
"铅钡","49",3,5,0.116030407125434,0.132338326871773,0.0163079197463392,0.0163079197463392,TRUE
"铅钡","49",3,6,0.420627619904456,0.431474300801984,0.0108466808975285,0.0108466808975285,TRUE
"铅钡","49",3,7,0.00831808266171102,0.0314503941067798,0.0231323114450688,0.0231323114450688,TRUE
"铅钡","49",3,8,-0.218551780512528,-0.226277428769325,-0.00772564825679703,0.00772564825679703,TRUE
"铅钡","49",3,9,-0.293952217550467,-0.302993412664995,-0.00904119511452833,0.00904119511452833,TRUE
"铅钡","49",3,10,-0.0806002332811004,-0.0833578123544422,-0.00275757907334173,0.00275757907334173,TRUE
"铅钡","49",3,11,-0.304723869346192,-0.297445831154373,0.00727803819181888,0.00727803819181888,TRUE
"铅钡","49",3,12,-0.265354112529637,-0.263331729924114,0.0020223826055234,0.0020223826055234,TRUE
"铅钡","49",3,13,0.0419051642023464,0.0313955325093107,-0.0105096316930358,0.0105096316930358,TRUE
"铅钡","49",3,14,-0.0884794205922686,-0.0996921598731691,-0.0112127392809005,0.0112127392809005,TRUE
"铅钡","49",4,5,-0.0145588989726392,-0.0298760958567614,-0.0153171968841222,0.0153171968841222,TRUE
"铅钡","49",4,6,-0.336293156554504,-0.346437446635762,-0.0101442900812585,0.0101442900812585,TRUE
"铅钡","49",4,7,0.20123829444502,0.185072810954483,-0.016165483490537,0.016165483490537,TRUE
"铅钡","49",4,8,-0.279482433659153,-0.274755277470255,0.0047271561888983,0.0047271561888983,TRUE
"铅钡","49",4,9,0.123548152930095,0.136403472286222,0.0128553193561261,0.0128553193561261,TRUE
"铅钡","49",4,10,-0.067251732704916,-0.0617826361865012,0.00546909651841478,0.00546909651841478,TRUE
"铅钡","49",4,11,0.168791870606677,0.154612435021298,-0.0141794355853796,0.0141794355853796,TRUE
"铅钡","49",4,12,0.0779470010722535,0.0746006096368358,-0.00334639143541772,0.00334639143541772,TRUE
"铅钡","49",4,13,0.0370674613678593,0.0535396939105451,0.0164722325426858,0.0164722325426858,TRUE
"铅钡","49",4,14,0.0105264263527887,0.0217208886409099,0.0111944622881212,0.0111944622881212,TRUE
"铅钡","49",5,6,0.410693685597871,0.402745327605212,-0.00794835799265881,0.00794835799265881,TRUE
"铅钡","49",5,7,0.103299298652924,0.0686020583162192,-0.0346972403367047,0.0346972403367047,TRUE
"铅钡","49",5,8,-0.289825620905861,-0.277918915926041,0.0119067049798197,0.0119067049798197,TRUE
"铅钡","49",5,9,-0.206563347984303,-0.187020923511909,0.019542424472394,0.019542424472394,TRUE
"铅钡","49",5,10,-0.52805299936826,-0.52363874255792,0.00441425681033925,0.00441425681033925,TRUE
"铅钡","49",5,11,-0.027404440648597,-0.0573184340476545,-0.0299139933990575,0.0299139933990575,TRUE
"铅钡","49",5,12,0.0205187220803414,0.0171475390961792,-0.00337118298416224,0.00337118298416224,TRUE
"铅钡","49",5,13,0.0894599362647757,0.120706734066684,0.0312467978019084,0.0312467978019084,TRUE
"铅钡","49",5,14,-0.564445233505777,-0.556094435055558,0.00835079845021935,0.00835079845021935,TRUE
"铅钡","49",6,7,0.203664125537772,0.189110785894406,-0.0145533396433663,0.0145533396433663,TRUE
"铅钡","49",6,8,-0.226044414625151,-0.2171952399951,0.00884917463005136,0.00884917463005136,TRUE
"铅钡","49",6,9,-0.266426530914206,-0.2544182390381,0.0120082918761062,0.0120082918761062,TRUE
"铅钡","49",6,10,-0.338008209406635,-0.332220957499466,0.00578725190716861,0.00578725190716861,TRUE
"铅钡","49",6,11,-0.315828388842643,-0.337934098963909,-0.0221057101212662,0.0221057101212662,TRUE
"铅钡","49",6,12,-0.393605267546621,-0.396756185766316,-0.00315091821969515,0.00315091821969515,TRUE
"铅钡","49",6,13,0.21955960403091,0.240579934542823,0.0210203305119125,0.0210203305119125,TRUE
"铅钡","49",6,14,-0.476967541457419,-0.47134298424012,0.00562455721729915,0.00562455721729915,TRUE
"铅钡","49",7,8,-0.496838473763456,-0.489500323541827,0.00733815022162954,0.00733815022162954,TRUE
"铅钡","49",7,9,-0.0657825007642135,-0.0343758570502803,0.0314066437139333,0.0314066437139333,TRUE
"铅钡","49",7,10,-0.332608832894976,-0.324484355418588,0.00812447747638767,0.00812447747638767,TRUE
"铅钡","49",7,11,0.112678882230645,0.07524142212031,-0.0374374601103346,0.0374374601103346,TRUE
"铅钡","49",7,12,-0.194445224709006,-0.206182937338489,-0.0117377126294836,0.0117377126294836,TRUE
"铅钡","49",7,13,0.218988084043737,0.269277728819998,0.0502896447762601,0.0502896447762601,TRUE
"铅钡","49",7,14,-0.465323564499552,-0.452940660655626,0.0123829038439267,0.0123829038439267,TRUE
"铅钡","49",8,9,0.131815321030706,0.116229521356709,-0.0155857996739966,0.0155857996739966,TRUE
"铅钡","49",8,10,0.220831132098425,0.213463843031216,-0.00736728906720896,0.00736728906720896,TRUE
"铅钡","49",8,11,0.0718740967436118,0.0911627765917617,0.0192886798481499,0.0192886798481499,TRUE
"铅钡","49",8,12,0.00906971695505722,0.0104220088383631,0.00135229188330586,0.00135229188330586,TRUE
"铅钡","49",8,13,-0.56732047651293,-0.597862830546202,-0.0305423540332717,0.0305423540332717,TRUE
"铅钡","49",8,14,0.386127534481157,0.378255058151096,-0.00787247633006161,0.00787247633006161,TRUE
"铅钡","49",9,10,-0.0817406514741246,-0.0971605657114377,-0.0154199142373131,0.0154199142373131,TRUE
"铅钡","49",9,11,0.163515564051569,0.192959438650914,0.0294438745993447,0.0294438745993447,TRUE
"铅钡","49",9,12,0.141694479567348,0.14496743466633,0.0032729550989819,0.0032729550989819,TRUE
"铅钡","49",9,13,0.00429197339331716,-0.021983267326977,-0.0262752407202942,0.0262752407202942,FALSE
"铅钡","49",9,14,0.000932984375030425,-0.0178493163018022,-0.0187823006768327,0.0187823006768327,FALSE
"铅钡","49",10,11,-0.306665140269122,-0.299149086589002,0.00751605368011976,0.00751605368011976,TRUE
"铅钡","49",10,12,0.00273204655993985,0.00369459238485811,0.000962545824918261,0.000962545824918261,TRUE
"铅钡","49",10,13,-0.00151100012354863,-0.0157639980895655,-0.0142529979660169,0.0142529979660169,TRUE
"铅钡","49",10,14,0.281443293399004,0.274481314353919,-0.00696197904508522,0.00696197904508522,TRUE
"铅钡","49",11,12,0.0612725898186707,0.0572311156786253,-0.00404147414004538,0.00404147414004538,TRUE
"铅钡","49",11,13,-0.156849542999958,-0.131265996694629,0.0255835463053289,0.0255835463053289,TRUE
"铅钡","49",11,14,0.179640675374564,0.20541174894593,0.0257710735713658,0.0257710735713658,TRUE
"铅钡","49",12,13,-0.136130144878921,-0.134459856804896,0.00167028807402561,0.00167028807402561,TRUE
"铅钡","49",12,14,0.111754790810533,0.115341872529123,0.0035870817185898,0.0035870817185898,TRUE
"铅钡","49",13,14,-0.181384208932658,-0.206770452651428,-0.0253862437187697,0.0253862437187697,TRUE
"铅钡","50",1,2,0.387523957612379,0.386599868782893,-0.000924088829486303,0.000924088829486303,TRUE
"铅钡","50",1,3,0.228797605759243,0.221813940708635,-0.00698366505060746,0.00698366505060746,TRUE
"铅钡","50",1,4,-0.355658624390269,-0.35883530675957,-0.00317668236930058,0.00317668236930058,TRUE
"铅钡","50",1,5,0.0314736239332106,0.0338319451264946,0.00235832119328398,0.00235832119328398,TRUE
"铅钡","50",1,6,0.523569636177258,0.512205346931233,-0.0113642892460245,0.0113642892460245,TRUE
"铅钡","50",1,7,0.00896500867408218,0.0262775764796492,0.017312567805567,0.017312567805567,TRUE
"铅钡","50",1,8,-0.078807711440175,-0.0772940485122662,0.00151366292790883,0.00151366292790883,TRUE
"铅钡","50",1,9,0.0782389207139882,0.0846966878996394,0.00645776718565125,0.00645776718565125,TRUE
"铅钡","50",1,10,0.0169940233852727,0.0253461994793594,0.00835217609408666,0.00835217609408666,TRUE
"铅钡","50",1,11,-0.442884846754735,-0.448606394398555,-0.00572154764382016,0.00572154764382016,TRUE
"铅钡","50",1,12,-0.405414568376801,-0.39695603457885,0.00845853379795142,0.00845853379795142,TRUE
"铅钡","50",1,13,0.162785470824505,0.155403525853042,-0.00738194497146266,0.00738194497146266,TRUE
"铅钡","50",1,14,-0.393845594224813,-0.407274776826332,-0.0134291826015187,0.0134291826015187,TRUE
"铅钡","50",2,3,0.0597086312240278,0.0312572016238065,-0.0284514296002213,0.0284514296002213,TRUE
"铅钡","50",2,4,-0.306707790289593,-0.292427454568748,0.0142803357208451,0.0142803357208451,TRUE
"铅钡","50",2,5,-0.0283363657795519,-0.0159917503497561,0.0123446154297958,0.0123446154297958,TRUE
"铅钡","50",2,6,0.196520770713179,0.196399889940764,-0.000120880772414428,0.000120880772414428,TRUE
"铅钡","50",2,7,-0.244863554505206,-0.259434210987805,-0.0145706564825988,0.0145706564825988,TRUE
"铅钡","50",2,8,0.00693077503836697,0.00782363713326607,0.000892862094899105,0.000892862094899105,TRUE
"铅钡","50",2,9,-0.179517729608024,-0.174389131194611,0.0051285984134129,0.0051285984134129,TRUE
"铅钡","50",2,10,0.111941093229568,0.120277157408161,0.00833606417859277,0.00833606417859277,TRUE
"铅钡","50",2,11,-0.655999924925786,-0.648084770534292,0.00791515439149393,0.00791515439149393,TRUE
"铅钡","50",2,12,-0.100383893901076,-0.0869140600474016,0.0134698338536746,0.0134698338536746,TRUE
"铅钡","50",2,13,-0.0875873889053817,-0.10205655497531,-0.0144691660699287,0.0144691660699287,TRUE
"铅钡","50",2,14,-0.212223176307397,-0.226169741832273,-0.0139465655248762,0.0139465655248762,TRUE
"铅钡","50",3,4,-0.353780277873086,-0.33324102823279,0.0205392496402957,0.0205392496402957,TRUE
"铅钡","50",3,5,0.116030407125434,0.139765048461258,0.0237346413358237,0.0237346413358237,TRUE
"铅钡","50",3,6,0.420627619904456,0.428808745829037,0.00818112592458142,0.00818112592458142,TRUE
"铅钡","50",3,7,0.00831808266171102,-0.00551352728802987,-0.0138316099497409,0.0138316099497409,FALSE
"铅钡","50",3,8,-0.218551780512528,-0.222504721082652,-0.00395294057012385,0.00395294057012385,TRUE
"铅钡","50",3,9,-0.293952217550467,-0.290101524913544,0.00385069263692334,0.00385069263692334,TRUE
"铅钡","50",3,10,-0.0806002332811004,-0.0713273164311147,0.00927291684998575,0.00927291684998575,TRUE
"铅钡","50",3,11,-0.304723869346192,-0.273998669852203,0.0307251994939887,0.0307251994939887,TRUE
"铅钡","50",3,12,-0.265354112529637,-0.249464891959324,0.0158892205703132,0.0158892205703132,TRUE
"铅钡","50",3,13,0.0419051642023464,0.0219418170030226,-0.0199633471993239,0.0199633471993239,TRUE
"铅钡","50",3,14,-0.0884794205922686,-0.108893841532966,-0.0204144209406978,0.0204144209406978,TRUE
"铅钡","50",4,5,-0.0145588989726392,-0.0298730604513589,-0.0153141614787197,0.0153141614787197,TRUE
"铅钡","50",4,6,-0.336293156554504,-0.344957434107678,-0.008664277553174,0.008664277553174,TRUE
"铅钡","50",4,7,0.20123829444502,0.221259923411714,0.0200216289666945,0.0200216289666945,TRUE
"铅钡","50",4,8,-0.279482433659153,-0.283273988721423,-0.00379155506226991,0.00379155506226991,TRUE
"铅钡","50",4,9,0.123548152930095,0.117853121272872,-0.00569503165722358,0.00569503165722358,TRUE
"铅钡","50",4,10,-0.067251732704916,-0.0748690413760683,-0.00761730867115233,0.00761730867115233,TRUE
"铅钡","50",4,11,0.168791870606677,0.142662655027395,-0.0261292155792821,0.0261292155792821,TRUE
"铅钡","50",4,12,0.0779470010722535,0.0649675269467322,-0.0129794741255213,0.0129794741255213,TRUE
"铅钡","50",4,13,0.0370674613678593,0.0513402402355964,0.014272778867737,0.014272778867737,TRUE
"铅钡","50",4,14,0.0105264263527887,0.0226485504067821,0.0121221240539933,0.0121221240539933,TRUE
"铅钡","50",5,6,0.410693685597871,0.41590338922708,0.00520970362920975,0.00520970362920975,TRUE
"铅钡","50",5,7,0.103299298652924,0.115963877922016,0.012664579269092,0.012664579269092,TRUE
"铅钡","50",5,8,-0.289825620905861,-0.291330593000639,-0.00150497209477829,0.00150497209477829,TRUE
"铅钡","50",5,9,-0.206563347984303,-0.212180059565472,-0.00561671158116819,0.00561671158116819,TRUE
"铅钡","50",5,10,-0.52805299936826,-0.535258947043062,-0.00720594767480209,0.00720594767480209,TRUE
"铅钡","50",5,11,-0.027404440648597,-0.0478207303574483,-0.0204162897088513,0.0204162897088513,TRUE
"铅钡","50",5,12,0.0205187220803414,0.0126301162275154,-0.00788860585282605,0.00788860585282605,TRUE
"铅钡","50",5,13,0.0894599362647757,0.0983699622704056,0.00891002600562997,0.00891002600562997,TRUE
"铅钡","50",5,14,-0.564445233505777,-0.561857624231841,0.00258760927393653,0.00258760927393653,TRUE
"铅钡","50",6,7,0.203664125537772,0.230330286344399,0.0266661608066272,0.0266661608066272,TRUE
"铅钡","50",6,8,-0.226044414625151,-0.226448232738176,-0.000403818113025006,0.000403818113025006,TRUE
"铅钡","50",6,9,-0.266426530914206,-0.266527594054527,-0.000101063140320323,0.000101063140320323,TRUE
"铅钡","50",6,10,-0.338008209406635,-0.336269062777191,0.00173914662944374,0.00173914662944374,TRUE
"铅钡","50",6,11,-0.315828388842643,-0.32508438305564,-0.00925599421299633,0.00925599421299633,TRUE
"铅钡","50",6,12,-0.393605267546621,-0.388133748192195,0.00547151935442541,0.00547151935442541,TRUE
"铅钡","50",6,13,0.21955960403091,0.21635969485384,-0.00319990917707011,0.00319990917707011,TRUE
"铅钡","50",6,14,-0.476967541457419,-0.488907510567226,-0.0119399691098067,0.0119399691098067,TRUE
"铅钡","50",7,8,-0.496838473763456,-0.505323744569762,-0.00848527080630568,0.00848527080630568,TRUE
"铅钡","50",7,9,-0.0657825007642135,-0.0653135887465919,0.00046891201762167,0.00046891201762167,TRUE
"铅钡","50",7,10,-0.332608832894976,-0.339093689375377,-0.00648485648040065,0.00648485648040065,TRUE
"铅钡","50",7,11,0.112678882230645,0.134666046335549,0.0219871641049042,0.0219871641049042,TRUE
"铅钡","50",7,12,-0.194445224709006,-0.201180086923653,-0.00673486221464767,0.00673486221464767,TRUE
"铅钡","50",7,13,0.218988084043737,0.220561879687407,0.00157379564366988,0.00157379564366988,TRUE
"铅钡","50",7,14,-0.465323564499552,-0.476804809987642,-0.0114812454880899,0.0114812454880899,TRUE
"铅钡","50",8,9,0.131815321030706,0.13152321892692,-0.000292102103785746,0.000292102103785746,TRUE
"铅钡","50",8,10,0.220831132098425,0.220487162545807,-0.00034396955261809,0.00034396955261809,TRUE
"铅钡","50",8,11,0.0718740967436118,0.0726513300720675,0.000777233328455654,0.000777233328455654,TRUE
"铅钡","50",8,12,0.00906971695505722,0.00753450315335922,-0.001535213801698,0.001535213801698,TRUE
"铅钡","50",8,13,-0.56732047651293,-0.569222713392627,-0.00190223687969704,0.00190223687969704,TRUE
"铅钡","50",8,14,0.386127534481157,0.388112905729382,0.00198537124822473,0.00198537124822473,TRUE
"铅钡","50",9,10,-0.0817406514741246,-0.085036987581815,-0.00329633610769035,0.00329633610769035,TRUE
"铅钡","50",9,11,0.163515564051569,0.157195378927697,-0.00632018512387253,0.00632018512387253,TRUE
"铅钡","50",9,12,0.141694479567348,0.136558949796717,-0.00513552977063148,0.00513552977063148,TRUE
"铅钡","50",9,13,0.00429197339331716,0.00955362418493642,0.00526165079161925,0.00526165079161925,TRUE
"铅钡","50",9,14,0.000932984375030425,0.00524491618241151,0.00431193180738108,0.00431193180738108,TRUE
"铅钡","50",10,11,-0.306665140269122,-0.322868245995367,-0.0162031057262449,0.0162031057262449,TRUE
"铅钡","50",10,12,0.00273204655993985,-0.00496479329144212,-0.00769683985138197,0.00769683985138197,FALSE
"铅钡","50",10,13,-0.00151100012354863,0.00419022239624485,0.00570122251979348,0.00570122251979348,FALSE
"铅钡","50",10,14,0.281443293399004,0.287403315402522,0.00596002200351792,0.00596002200351792,TRUE
"铅钡","50",11,12,0.0612725898186707,0.0429015850856759,-0.0183710047329948,0.0183710047329948,TRUE
"铅钡","50",11,13,-0.156849542999958,-0.142400347330602,0.0144491956693557,0.0144491956693557,TRUE
"铅钡","50",11,14,0.179640675374564,0.200038341003533,0.0203976656289688,0.0203976656289688,TRUE
"铅钡","50",12,13,-0.136130144878921,-0.125694575900452,0.0104355689784693,0.0104355689784693,TRUE
"铅钡","50",12,14,0.111754790810533,0.122714459582479,0.0109596687719462,0.0109596687719462,TRUE
"铅钡","50",13,14,-0.181384208932658,-0.190934440318446,-0.00955023138578809,0.00955023138578809,TRUE
"铅钡","51",1,2,0.387523957612379,0.373818307432433,-0.0137056501799456,0.0137056501799456,TRUE
"铅钡","51",1,3,0.228797605759243,0.200057848334908,-0.0287397574243352,0.0287397574243352,TRUE
"铅钡","51",1,4,-0.355658624390269,-0.35699966172042,-0.00134103733015012,0.00134103733015012,TRUE
"铅钡","51",1,5,0.0314736239332106,0.0510484656514121,0.0195748417182015,0.0195748417182015,TRUE
"铅钡","51",1,6,0.523569636177258,0.533001916067243,0.00943227988998496,0.00943227988998496,TRUE
"铅钡","51",1,7,0.00896500867408218,0.0297427703456232,0.020777761671541,0.020777761671541,TRUE
"铅钡","51",1,8,-0.078807711440175,-0.0815213803131959,-0.00271366887302095,0.00271366887302095,TRUE
"铅钡","51",1,9,0.0782389207139882,0.0714449506586388,-0.00679397005534935,0.00679397005534935,TRUE
"铅钡","51",1,10,0.0169940233852727,0.00698190933360347,-0.0100121140516692,0.0100121140516692,TRUE
"铅钡","51",1,11,-0.442884846754735,-0.438007431438803,0.0048774153159325,0.0048774153159325,TRUE
"铅钡","51",1,12,-0.405414568376801,-0.43335864032853,-0.0279440719517284,0.0279440719517284,TRUE
"铅钡","51",1,13,0.162785470824505,0.241156057614206,0.0783705867897014,0.0783705867897014,TRUE
"铅钡","51",1,14,-0.393845594224813,-0.420225977926552,-0.0263803837017393,0.0263803837017393,TRUE
"铅钡","51",2,3,0.0597086312240278,0.0251857979629612,-0.0345228332610666,0.0345228332610666,TRUE
"铅钡","51",2,4,-0.306707790289593,-0.294754579285027,0.0119532110045661,0.0119532110045661,TRUE
"铅钡","51",2,5,-0.0283363657795519,-0.00327599512712028,0.0250603706524316,0.0250603706524316,TRUE
"铅钡","51",2,6,0.196520770713179,0.203297338772102,0.0067765680589231,0.0067765680589231,TRUE
"铅钡","51",2,7,-0.244863554505206,-0.228044427354295,0.0168191271509109,0.0168191271509109,TRUE
"铅钡","51",2,8,0.00693077503836697,0.00751530420061358,0.000584529162246612,0.000584529162246612,TRUE
"铅钡","51",2,9,-0.179517729608024,-0.180878181113828,-0.00136045150580341,0.00136045150580341,TRUE
"铅钡","51",2,10,0.111941093229568,0.0856222481469637,-0.0263188450826047,0.0263188450826047,TRUE
"铅钡","51",2,11,-0.655999924925786,-0.650902355883573,0.00509756904221215,0.00509756904221215,TRUE
"铅钡","51",2,12,-0.100383893901076,-0.127248113531157,-0.026864219630081,0.026864219630081,TRUE
"铅钡","51",2,13,-0.0875873889053817,-0.0441250449205845,0.0434623439847973,0.0434623439847973,TRUE
"铅钡","51",2,14,-0.212223176307397,-0.231339915519606,-0.0191167392122089,0.0191167392122089,TRUE
"铅钡","51",3,4,-0.353780277873086,-0.3364773778554,0.017302900017686,0.017302900017686,TRUE
"铅钡","51",3,5,0.116030407125434,0.163793444759639,0.047763037634205,0.047763037634205,TRUE
"铅钡","51",3,6,0.420627619904456,0.440378885338512,0.0197512654340561,0.0197512654340561,TRUE
"铅钡","51",3,7,0.00831808266171102,0.045064254691098,0.036746172029387,0.036746172029387,TRUE
"铅钡","51",3,8,-0.218551780512528,-0.22439685856354,-0.00584507805101198,0.00584507805101198,TRUE
"铅钡","51",3,9,-0.293952217550467,-0.302573721533811,-0.00862150398334399,0.00862150398334399,TRUE
"铅钡","51",3,10,-0.0806002332811004,-0.166017229199562,-0.0854169959184618,0.0854169959184618,TRUE
"铅钡","51",3,11,-0.304723869346192,-0.273547430072638,0.0311764392735532,0.0311764392735532,TRUE
"铅钡","51",3,12,-0.265354112529637,-0.3182736541885,-0.0529195416588635,0.0529195416588635,TRUE
"铅钡","51",3,13,0.0419051642023464,0.128440088881131,0.0865349246787847,0.0865349246787847,TRUE
"铅钡","51",3,14,-0.0884794205922686,-0.116785894643416,-0.0283064740511474,0.0283064740511474,TRUE
"铅钡","51",4,5,-0.0145588989726392,-0.0623087773290609,-0.0477498783564217,0.0477498783564217,TRUE
"铅钡","51",4,6,-0.336293156554504,-0.357983993176846,-0.0216908366223418,0.0216908366223418,TRUE
"铅钡","51",4,7,0.20123829444502,0.178560691929469,-0.0226776025155508,0.0226776025155508,TRUE
"铅钡","51",4,8,-0.279482433659153,-0.291766923794065,-0.0122844901349125,0.0122844901349125,TRUE
"铅钡","51",4,9,0.123548152930095,0.0894305922494198,-0.0341175606806756,0.0341175606806756,TRUE
"铅钡","51",4,10,-0.067251732704916,0.0453419180627633,0.112593650767679,0.112593650767679,FALSE
"铅钡","51",4,11,0.168791870606677,0.127679985230678,-0.0411118853759995,0.0411118853759995,TRUE
"铅钡","51",4,12,0.0779470010722535,0.145792080077745,0.0678450790054915,0.0678450790054915,TRUE
"铅钡","51",4,13,0.0370674613678593,0.0174137408723259,-0.0196537204955335,0.0196537204955335,TRUE
"铅钡","51",4,14,0.0105264263527887,0.021654417886008,0.0111279915332193,0.0111279915332193,TRUE
"铅钡","51",5,6,0.410693685597871,0.409276396499619,-0.00141728909825145,0.00141728909825145,TRUE
"铅钡","51",5,7,0.103299298652924,0.0754613783944859,-0.027837920258438,0.027837920258438,TRUE
"铅钡","51",5,8,-0.289825620905861,-0.300835248615785,-0.0110096277099238,0.0110096277099238,TRUE
"铅钡","51",5,9,-0.206563347984303,-0.249339385927642,-0.0427760379433388,0.0427760379433388,TRUE
"铅钡","51",5,10,-0.52805299936826,-0.508641993969652,0.0194110053986075,0.0194110053986075,TRUE
"铅钡","51",5,11,-0.027404440648597,-0.078380203125651,-0.0509757624770541,0.0509757624770541,TRUE
"铅钡","51",5,12,0.0205187220803414,0.0783944071974761,0.0578756851171347,0.0578756851171347,TRUE
"铅钡","51",5,13,0.0894599362647757,0.061970040065395,-0.0274898961993807,0.0274898961993807,TRUE
"铅钡","51",5,14,-0.564445233505777,-0.566663229025092,-0.00221799551931479,0.00221799551931479,TRUE
"铅钡","51",6,7,0.203664125537772,0.199988750627309,-0.00367537491046269,0.00367537491046269,TRUE
"铅钡","51",6,8,-0.226044414625151,-0.228173830351109,-0.00212941572595804,0.00212941572595804,TRUE
"铅钡","51",6,9,-0.266426530914206,-0.285420971382228,-0.0189944404680212,0.0189944404680212,TRUE
"铅钡","51",6,10,-0.338008209406635,-0.355996968796722,-0.0179887593900867,0.0179887593900867,TRUE
"铅钡","51",6,11,-0.315828388842643,-0.336632769458787,-0.0208043806161438,0.0208043806161438,TRUE
"铅钡","51",6,12,-0.393605267546621,-0.393245048814564,0.000360218732056494,0.000360218732056494,TRUE
"铅钡","51",6,13,0.21955960403091,0.234627751182001,0.0150681471510906,0.0150681471510906,TRUE
"铅钡","51",6,14,-0.476967541457419,-0.479237463384113,-0.00226992192669329,0.00226992192669329,TRUE
"铅钡","51",7,8,-0.496838473763456,-0.504882764354811,-0.00804429059135492,0.00804429059135492,TRUE
"铅钡","51",7,9,-0.0657825007642135,-0.0827116217940064,-0.0169291210297929,0.0169291210297929,TRUE
"铅钡","51",7,10,-0.332608832894976,-0.321473901584349,0.0111349313106274,0.0111349313106274,TRUE
"铅钡","51",7,11,0.112678882230645,0.081824088446616,-0.0308547937840287,0.0308547937840287,TRUE
"铅钡","51",7,12,-0.194445224709006,-0.172239870898837,0.0222053538101691,0.0222053538101691,TRUE
"铅钡","51",7,13,0.218988084043737,0.194453418798996,-0.0245346652447412,0.0245346652447412,TRUE
"铅钡","51",7,14,-0.465323564499552,-0.459642267070318,0.00568129742923451,0.00568129742923451,TRUE
"铅钡","51",8,9,0.131815321030706,0.128549873312361,-0.00326544771834503,0.00326544771834503,TRUE
"铅钡","51",8,10,0.220831132098425,0.269645292204086,0.0488141601056606,0.0488141601056606,TRUE
"铅钡","51",8,11,0.0718740967436118,0.0696916951578863,-0.00218240158572557,0.00218240158572557,TRUE
"铅钡","51",8,12,0.00906971695505722,0.0172641472399117,0.00819443028485447,0.00819443028485447,TRUE
"铅钡","51",8,13,-0.56732047651293,-0.602287471130994,-0.0349669946180641,0.0349669946180641,TRUE
"铅钡","51",8,14,0.386127534481157,0.387958697558097,0.00183116307694015,0.00183116307694015,TRUE
"铅钡","51",9,10,-0.0817406514741246,0.0185974219786703,0.100338073452795,0.100338073452795,FALSE
"铅钡","51",9,11,0.163515564051569,0.139721782681934,-0.0237937813696349,0.0237937813696349,TRUE
"铅钡","51",9,12,0.141694479567348,0.209718838975335,0.0680243594079867,0.0680243594079867,TRUE
"铅钡","51",9,13,0.00429197339331716,0.0305882840643474,0.0262963106710302,0.0262963106710302,TRUE
"铅钡","51",9,14,0.000932984375030425,-0.00208055808186378,-0.0030135424568942,0.0030135424568942,FALSE
"铅钡","51",10,11,-0.306665140269122,-0.245420800975753,0.0612443392933688,0.0612443392933688,TRUE
"铅钡","51",10,12,0.00273204655993985,-0.161382929471307,-0.164114976031247,0.164114976031247,FALSE
"铅钡","51",10,13,-0.00151100012354863,0.0136176807800041,0.0151286809035528,0.0151286809035528,FALSE
"铅钡","51",10,14,0.281443293399004,0.310043080930696,0.0285997875316923,0.0285997875316923,TRUE
"铅钡","51",11,12,0.0612725898186707,0.123805457556722,0.0625328677380509,0.0625328677380509,TRUE
"铅钡","51",11,13,-0.156849542999958,-0.21867140610216,-0.0618218631022028,0.0618218631022028,TRUE
"铅钡","51",11,14,0.179640675374564,0.202503154650622,0.0228624792760582,0.0228624792760582,TRUE
"铅钡","51",12,13,-0.136130144878921,-0.146494916418098,-0.0103647715391769,0.0103647715391769,TRUE
"铅钡","51",12,14,0.111754790810533,0.10978980430655,-0.0019649865039828,0.0019649865039828,TRUE
"铅钡","51",13,14,-0.181384208932658,-0.155544483038049,0.0258397258946091,0.0258397258946091,TRUE
"铅钡","52",1,2,0.387523957612379,0.411551479148507,0.0240275215361282,0.0240275215361282,TRUE
"铅钡","52",1,3,0.228797605759243,0.214237433641795,-0.0145601721174478,0.0145601721174478,TRUE
"铅钡","52",1,4,-0.355658624390269,-0.353889670812778,0.00176895357749146,0.00176895357749146,TRUE
"铅钡","52",1,5,0.0314736239332106,0.0371201075622627,0.00564648362905203,0.00564648362905203,TRUE
"铅钡","52",1,6,0.523569636177258,0.516361455867204,-0.00720818031005377,0.00720818031005377,TRUE
"铅钡","52",1,7,0.00896500867408218,0.00949266261190991,0.000527653937827725,0.000527653937827725,TRUE
"铅钡","52",1,8,-0.078807711440175,-0.0842561217809484,-0.00544841034077337,0.00544841034077337,TRUE
"铅钡","52",1,9,0.0782389207139882,0.0818085027076233,0.00356958199363511,0.00356958199363511,TRUE
"铅钡","52",1,10,0.0169940233852727,0.0170674815923137,7.34582070409766e-05,7.34582070409766e-05,TRUE
"铅钡","52",1,11,-0.442884846754735,-0.436054131385025,0.00683071536971014,0.00683071536971014,TRUE
"铅钡","52",1,12,-0.405414568376801,-0.402883749132879,0.00253081924392234,0.00253081924392234,TRUE
"铅钡","52",1,13,0.162785470824505,0.152964477414593,-0.00982099340991224,0.00982099340991224,TRUE
"铅钡","52",1,14,-0.393845594224813,-0.405940802705127,-0.0120952084803142,0.0120952084803142,TRUE
"铅钡","52",2,3,0.0597086312240278,0.0902901926909856,0.0305815614669578,0.0305815614669578,TRUE
"铅钡","52",2,4,-0.306707790289593,-0.316693069534659,-0.00998527924506509,0.00998527924506509,TRUE
"铅钡","52",2,5,-0.0283363657795519,-0.0366626755450658,-0.00832630976551394,0.00832630976551394,TRUE
"铅钡","52",2,6,0.196520770713179,0.24851302673776,0.0519922560245813,0.0519922560245813,TRUE
"铅钡","52",2,7,-0.244863554505206,-0.248585722863014,-0.00372216835780859,0.00372216835780859,TRUE
"铅钡","52",2,8,0.00693077503836697,0.0142113806942712,0.00728060565590424,0.00728060565590424,TRUE
"铅钡","52",2,9,-0.179517729608024,-0.186324510018471,-0.00680678041044677,0.00680678041044677,TRUE
"铅钡","52",2,10,0.111941093229568,0.113359548260704,0.00141845503113527,0.00141845503113527,TRUE
"铅钡","52",2,11,-0.655999924925786,-0.686371298696166,-0.0303713737703802,0.0303713737703802,TRUE
"铅钡","52",2,12,-0.100383893901076,-0.109631318695217,-0.0092474247941409,0.0092474247941409,TRUE
"铅钡","52",2,13,-0.0875873889053817,-0.072022305328783,0.0155650835765987,0.0155650835765987,TRUE
"铅钡","52",2,14,-0.212223176307397,-0.202982559958947,0.00924061634845053,0.00924061634845053,TRUE
"铅钡","52",3,4,-0.353780277873086,-0.352975791325744,0.000804486547341554,0.000804486547341554,TRUE
"铅钡","52",3,5,0.116030407125434,0.127322530982703,0.0112921238572691,0.0112921238572691,TRUE
"铅钡","52",3,6,0.420627619904456,0.393561861003361,-0.0270657589010945,0.0270657589010945,TRUE
"铅钡","52",3,7,0.00831808266171102,0.00926455584015334,0.000946473178442328,0.000946473178442328,TRUE
"铅钡","52",3,8,-0.218551780512528,-0.230753884180385,-0.0122021036678572,0.0122021036678572,TRUE
"铅钡","52",3,9,-0.293952217550467,-0.293713065358583,0.000239152191883696,0.000239152191883696,TRUE
"铅钡","52",3,10,-0.0806002332811004,-0.0819803783117809,-0.00138014503068046,0.00138014503068046,TRUE
"铅钡","52",3,11,-0.304723869346192,-0.290930393551079,0.0137934757951123,0.0137934757951123,TRUE
"铅钡","52",3,12,-0.265354112529637,-0.260948257388037,0.00440585514159986,0.00440585514159986,TRUE
"铅钡","52",3,13,0.0419051642023464,0.0229215811646133,-0.0189835830377331,0.0189835830377331,TRUE
"铅钡","52",3,14,-0.0884794205922686,-0.104787842269102,-0.0163084216768333,0.0163084216768333,TRUE
"铅钡","52",4,5,-0.0145588989726392,-0.0164972899062301,-0.0019383909335909,0.0019383909335909,TRUE
"铅钡","52",4,6,-0.336293156554504,-0.338322595746,-0.00202943919149573,0.00202943919149573,TRUE
"铅钡","52",4,7,0.20123829444502,0.201217328236756,-2.09662082635842e-05,2.09662082635842e-05,TRUE
"铅钡","52",4,8,-0.279482433659153,-0.278245243535088,0.00123719012406548,0.00123719012406548,TRUE
"铅钡","52",4,9,0.123548152930095,0.122601660092719,-0.000946492837376217,0.000946492837376217,TRUE
"铅钡","52",4,10,-0.067251732704916,-0.0672913087144307,-3.95760095146663e-05,3.95760095146663e-05,TRUE
"铅钡","52",4,11,0.168791870606677,0.165685679904556,-0.00310619070212179,0.00310619070212179,TRUE
"铅钡","52",4,12,0.0779470010722535,0.0762051520905873,-0.00174184898166622,0.00174184898166622,TRUE
"铅钡","52",4,13,0.0370674613678593,0.041442904672845,0.00437544330498568,0.00437544330498568,TRUE
"铅钡","52",4,14,0.0105264263527887,0.0135828781848883,0.00305645183209953,0.00305645183209953,TRUE
"铅钡","52",5,6,0.410693685597871,0.439451117542239,0.0287574319443681,0.0287574319443681,TRUE
"铅钡","52",5,7,0.103299298652924,0.103208745838674,-9.0552814250161e-05,9.0552814250161e-05,TRUE
"铅钡","52",5,8,-0.289825620905861,-0.288197705514202,0.0016279153916593,0.0016279153916593,TRUE
"铅钡","52",5,9,-0.206563347984303,-0.208353122606185,-0.0017897746218811,0.0017897746218811,TRUE
"铅钡","52",5,10,-0.52805299936826,-0.528710912906869,-0.000657913538609112,0.000657913538609112,TRUE
"铅钡","52",5,11,-0.027404440648597,-0.0333594229098697,-0.00595498226127278,0.00595498226127278,TRUE
"铅钡","52",5,12,0.0205187220803414,0.0180519389899482,-0.00246678309039319,0.00246678309039319,TRUE
"铅钡","52",5,13,0.0894599362647757,0.0955904448586918,0.00613050859391613,0.00613050859391613,TRUE
"铅钡","52",5,14,-0.564445233505777,-0.562939181398214,0.00150605210756305,0.00150605210756305,TRUE
"铅钡","52",6,7,0.203664125537772,0.212119560106031,0.00845543456825926,0.00845543456825926,TRUE
"铅钡","52",6,8,-0.226044414625151,-0.246634916974003,-0.0205905023488514,0.0205905023488514,TRUE
"铅钡","52",6,9,-0.266426530914206,-0.26832235840248,-0.00189582748827394,0.00189582748827394,TRUE
"铅钡","52",6,10,-0.338008209406635,-0.35012430308809,-0.0121160936814547,0.0121160936814547,TRUE
"铅钡","52",6,11,-0.315828388842643,-0.298493814225968,0.0173345746166753,0.0173345746166753,TRUE
"铅钡","52",6,12,-0.393605267546621,-0.394680113857693,-0.00107484631107224,0.00107484631107224,TRUE
"铅钡","52",6,13,0.21955960403091,0.199384079562391,-0.0201755244685193,0.0201755244685193,TRUE
"铅钡","52",6,14,-0.476967541457419,-0.516972019391348,-0.0400044779339287,0.0400044779339287,TRUE
"铅钡","52",7,8,-0.496838473763456,-0.497158145695982,-0.000319671932525689,0.000319671932525689,TRUE
"铅钡","52",7,9,-0.0657825007642135,-0.0659366886919545,-0.000154187927740954,0.000154187927740954,TRUE
"铅钡","52",7,10,-0.332608832894976,-0.332611070273683,-2.23737870708174e-06,2.23737870708174e-06,TRUE
"铅钡","52",7,11,0.112678882230645,0.112906206151321,0.00022732392067594,0.00022732392067594,TRUE
"铅钡","52",7,12,-0.194445224709006,-0.19491088004236,-0.000465655333353993,0.000465655333353993,TRUE
"铅钡","52",7,13,0.218988084043737,0.22076695941702,0.00177887537328264,0.00177887537328264,TRUE
"铅钡","52",7,14,-0.465323564499552,-0.46644676811327,-0.00112320361371804,0.00112320361371804,TRUE
"铅钡","52",8,9,0.131815321030706,0.13331272670122,0.00149740567051426,0.00149740567051426,TRUE
"铅钡","52",8,10,0.220831132098425,0.22105010502151,0.000218972923084704,0.000218972923084704,TRUE
"铅钡","52",8,11,0.0718740967436118,0.0776132138215768,0.005739117077965,0.005739117077965,TRUE
"铅钡","52",8,12,0.00906971695505722,0.0113703166102032,0.00230059965514602,0.00230059965514602,TRUE
"铅钡","52",8,13,-0.56732047651293,-0.576236879388817,-0.00891640287588635,0.00891640287588635,TRUE
"铅钡","52",8,14,0.386127534481157,0.384122403757809,-0.00200513072334785,0.00200513072334785,TRUE
"铅钡","52",9,10,-0.0817406514741246,-0.0817675925955196,-2.69411213950355e-05,2.69411213950355e-05,TRUE
"铅钡","52",9,11,0.163515564051569,0.161376334936279,-0.00213922911528999,0.00213922911528999,TRUE
"铅钡","52",9,12,0.141694479567348,0.140497371468634,-0.00119710809871462,0.00119710809871462,TRUE
"铅钡","52",9,13,0.00429197339331716,0.00743981418453986,0.00314784079122269,0.00314784079122269,TRUE
"铅钡","52",9,14,0.000932984375030425,0.00321529126604663,0.0022823068910162,0.0022823068910162,TRUE
"铅钡","52",10,11,-0.306665140269122,-0.30862525588603,-0.00196011561690795,0.00196011561690795,TRUE
"铅钡","52",10,12,0.00273204655993985,0.00274697034589633,1.49237859564835e-05,1.49237859564835e-05,TRUE
"铅钡","52",10,13,-0.00151100012354863,-0.0015450192446768,-3.40191211281678e-05,3.40191211281678e-05,TRUE
"铅钡","52",10,14,0.281443293399004,0.282314145828135,0.000870852429131319,0.000870852429131319,TRUE
"铅钡","52",11,12,0.0612725898186707,0.0560466913797168,-0.00522589843895385,0.00522589843895385,TRUE
"铅钡","52",11,13,-0.156849542999958,-0.146380722004152,0.0104688209958056,0.0104688209958056,TRUE
"铅钡","52",11,14,0.179640675374564,0.190444602831732,0.0108039274571678,0.0108039274571678,TRUE
"铅钡","52",12,13,-0.136130144878921,-0.131660112097395,0.00447003278152641,0.00447003278152641,TRUE
"铅钡","52",12,14,0.111754790810533,0.116225289691926,0.00447049888139321,0.00447049888139321,TRUE
"铅钡","52",13,14,-0.181384208932658,-0.191699584116338,-0.0103153751836803,0.0103153751836803,TRUE
"铅钡","53",1,2,0.387523957612379,0.371458387965556,-0.0160655696468232,0.0160655696468232,TRUE
"铅钡","53",1,3,0.228797605759243,0.224679701213727,-0.00411790454551544,0.00411790454551544,TRUE
"铅钡","53",1,4,-0.355658624390269,-0.353605284634149,0.00205333975612076,0.00205333975612076,TRUE
"铅钡","53",1,5,0.0314736239332106,0.014432380357173,-0.0170412435760376,0.0170412435760376,TRUE
"铅钡","53",1,6,0.523569636177258,0.513782823257443,-0.00978681291981509,0.00978681291981509,TRUE
"铅钡","53",1,7,0.00896500867408218,0.0291963949834395,0.0202313863093573,0.0202313863093573,TRUE
"铅钡","53",1,8,-0.078807711440175,-0.0749891875540875,0.00381852388608753,0.00381852388608753,TRUE
"铅钡","53",1,9,0.0782389207139882,0.100532719304619,0.0222937985906312,0.0222937985906312,TRUE
"铅钡","53",1,10,0.0169940233852727,0.0125723731615469,-0.00442165022372581,0.00442165022372581,TRUE
"铅钡","53",1,11,-0.442884846754735,-0.428672143525701,0.0142127032290341,0.0142127032290341,TRUE
"铅钡","53",1,12,-0.405414568376801,-0.412979616361603,-0.00756504798480212,0.00756504798480212,TRUE
"铅钡","53",1,13,0.162785470824505,0.169732180219508,0.00694670939500255,0.00694670939500255,TRUE
"铅钡","53",1,14,-0.393845594224813,-0.391720883024165,0.00212471120064772,0.00212471120064772,TRUE
"铅钡","53",2,3,0.0597086312240278,0.0494369802833722,-0.0102716509406555,0.0102716509406555,TRUE
"铅钡","53",2,4,-0.306707790289593,-0.306005412797848,0.000702377491745509,0.000702377491745509,TRUE
"铅钡","53",2,5,-0.0283363657795519,-0.0639518954124824,-0.0356155296329305,0.0356155296329305,TRUE
"铅钡","53",2,6,0.196520770713179,0.162518470068563,-0.0340023006446162,0.0340023006446162,TRUE
"铅钡","53",2,7,-0.244863554505206,-0.21604117146583,0.028822383039376,0.028822383039376,TRUE
"铅钡","53",2,8,0.00693077503836697,0.0159262663107698,0.00899549127240281,0.00899549127240281,TRUE
"铅钡","53",2,9,-0.179517729608024,-0.146915411631671,0.0326023179763526,0.0326023179763526,TRUE
"铅钡","53",2,10,0.111941093229568,0.106382277581447,-0.00555881564812133,0.00555881564812133,TRUE
"铅钡","53",2,11,-0.655999924925786,-0.634196855623827,0.0218030693019591,0.0218030693019591,TRUE
"铅钡","53",2,12,-0.100383893901076,-0.111603427451156,-0.0112195335500801,0.0112195335500801,TRUE
"铅钡","53",2,13,-0.0875873889053817,-0.0794493162386594,0.00813807266672231,0.00813807266672231,TRUE
"铅钡","53",2,14,-0.212223176307397,-0.207769486535053,0.00445368977234406,0.00445368977234406,TRUE
"铅钡","53",3,4,-0.353780277873086,-0.352483879761018,0.00129639811206739,0.00129639811206739,TRUE
"铅钡","53",3,5,0.116030407125434,0.110358868250833,-0.00567153887460101,0.00567153887460101,TRUE
"铅钡","53",3,6,0.420627619904456,0.418891387437788,-0.00173623246666776,0.00173623246666776,TRUE
"铅钡","53",3,7,0.00831808266171102,0.0163606575110265,0.00804257484931553,0.00804257484931553,TRUE
"铅钡","53",3,8,-0.218551780512528,-0.217186704725466,0.00136507578706274,0.00136507578706274,TRUE
"铅钡","53",3,9,-0.293952217550467,-0.290133892121094,0.00381832542937344,0.00381832542937344,TRUE
"铅钡","53",3,10,-0.0806002332811004,-0.0825575418976899,-0.00195730861658948,0.00195730861658948,TRUE
"铅钡","53",3,11,-0.304723869346192,-0.302370833765006,0.00235303558118521,0.00235303558118521,TRUE
"铅钡","53",3,12,-0.265354112529637,-0.267479433390456,-0.00212532086081862,0.00212532086081862,TRUE
"铅钡","53",3,13,0.0419051642023464,0.0441795538404235,0.00227438963807705,0.00227438963807705,TRUE
"铅钡","53",3,14,-0.0884794205922686,-0.0864667370659249,0.00201268352634373,0.00201268352634373,TRUE
"铅钡","53",4,5,-0.0145588989726392,-0.00894700108095429,0.0056118978916849,0.0056118978916849,TRUE
"铅钡","53",4,6,-0.336293156554504,-0.334520346382748,0.00177281017175551,0.00177281017175551,TRUE
"铅钡","53",4,7,0.20123829444502,0.19740966512679,-0.00382862931822972,0.00382862931822972,TRUE
"铅钡","53",4,8,-0.279482433659153,-0.281366001487501,-0.00188356782834848,0.00188356782834848,TRUE
"铅钡","53",4,9,0.123548152930095,0.118564375589296,-0.00498377734079955,0.00498377734079955,TRUE
"铅钡","53",4,10,-0.067251732704916,-0.0658568020925267,0.00139493061238932,0.00139493061238932,TRUE
"铅钡","53",4,11,0.168791870606677,0.163895429300273,-0.00489644130640407,0.00489644130640407,TRUE
"铅钡","53",4,12,0.0779470010722535,0.0794260052318494,0.00147900415959583,0.00147900415959583,TRUE
"铅钡","53",4,13,0.0370674613678593,0.0353257783865721,-0.00174168298128727,0.00174168298128727,TRUE
"铅钡","53",4,14,0.0105264263527887,0.00871464767242615,-0.00181177868036258,0.00181177868036258,TRUE
"铅钡","53",5,6,0.410693685597871,0.396408796352828,-0.0142848892450422,0.0142848892450422,TRUE
"铅钡","53",5,7,0.103299298652924,0.128217984952599,0.0249186862996753,0.0249186862996753,TRUE
"铅钡","53",5,8,-0.289825620905861,-0.287823639361811,0.00200198154404979,0.00200198154404979,TRUE
"铅钡","53",5,9,-0.206563347984303,-0.188203739896119,0.0183596080881847,0.0183596080881847,TRUE
"铅钡","53",5,10,-0.52805299936826,-0.538753587745021,-0.0107005883767612,0.0107005883767612,TRUE
"铅钡","53",5,11,-0.027404440648597,0.00792598341037589,0.0353304240589729,0.0353304240589729,FALSE
"铅钡","53",5,12,0.0205187220803414,0.016026437532483,-0.0044922845478584,0.0044922845478584,TRUE
"铅钡","53",5,13,0.0894599362647757,0.0966436857268597,0.00718374946208408,0.00718374946208408,TRUE
"铅钡","53",5,14,-0.564445233505777,-0.564288189079027,0.000157044426750463,0.000157044426750463,TRUE
"铅钡","53",6,7,0.203664125537772,0.237467993205958,0.0338038676681856,0.0338038676681856,TRUE
"铅钡","53",6,8,-0.226044414625151,-0.223352322075355,0.00269209254979655,0.00269209254979655,TRUE
"铅钡","53",6,9,-0.266426530914206,-0.245262224609925,0.0211643063042818,0.0211643063042818,TRUE
"铅钡","53",6,10,-0.338008209406635,-0.349768510047088,-0.011760300640453,0.011760300640453,TRUE
"铅钡","53",6,11,-0.315828388842643,-0.285831616605303,0.0299967722373398,0.0299967722373398,TRUE
"铅钡","53",6,12,-0.393605267546621,-0.405666349227166,-0.0120610816805459,0.0120610816805459,TRUE
"铅钡","53",6,13,0.21955960403091,0.23084304904163,0.0112834450107197,0.0112834450107197,TRUE
"铅钡","53",6,14,-0.476967541457419,-0.476880890755419,8.66507020001461e-05,8.66507020001461e-05,TRUE
"铅钡","53",7,8,-0.496838473763456,-0.509256231266586,-0.01241775750313,0.01241775750313,TRUE
"铅钡","53",7,9,-0.0657825007642135,-0.093964122606325,-0.0281816218421115,0.0281816218421115,TRUE
"铅钡","53",7,10,-0.332608832894976,-0.331226845593105,0.001381987301871,0.001381987301871,TRUE
"铅钡","53",7,11,0.112678882230645,0.0763011450404009,-0.0363777371902437,0.0363777371902437,TRUE
"铅钡","53",7,12,-0.194445224709006,-0.19167808841916,0.00276713628984596,0.00276713628984596,TRUE
"铅钡","53",7,13,0.218988084043737,0.214922969350536,-0.00406511469320189,0.00406511469320189,TRUE
"铅钡","53",7,14,-0.465323564499552,-0.478901630150677,-0.0135780656511251,0.0135780656511251,TRUE
"铅钡","53",8,9,0.131815321030706,0.127768283545449,-0.00404703748525614,0.00404703748525614,TRUE
"铅钡","53",8,10,0.220831132098425,0.222429599126876,0.00159846702845093,0.00159846702845093,TRUE
"铅钡","53",8,11,0.0718740967436118,0.0649988587550264,-0.00687523798858539,0.00687523798858539,TRUE
"铅钡","53",8,12,0.00906971695505722,0.0102794541887195,0.00120973723366224,0.00120973723366224,TRUE
"铅钡","53",8,13,-0.56732047651293,-0.569820874633209,-0.00250039812027836,0.00250039812027836,TRUE
"铅钡","53",8,14,0.386127534481157,0.385158927565767,-0.000968606915390469,0.000968606915390469,TRUE
"铅钡","53",9,10,-0.0817406514741246,-0.0768781162598716,0.00486253521425302,0.00486253521425302,TRUE
"铅钡","53",9,11,0.163515564051569,0.128426070337706,-0.0350894937138634,0.0350894937138634,TRUE
"铅钡","53",9,12,0.141694479567348,0.149202564461871,0.0075080848945224,0.0075080848945224,TRUE
"铅钡","53",9,13,0.00429197339331716,-0.0029262119761802,-0.00721818536949736,0.00721818536949736,FALSE
"铅钡","53",9,14,0.000932984375030425,-0.00642323635981514,-0.00735622073484556,0.00735622073484556,FALSE
"铅钡","53",10,11,-0.306665140269122,-0.307555108391939,-0.000889968122817275,0.000889968122817275,TRUE
"铅钡","53",10,12,0.00273204655993985,0.00151456922906899,-0.00121747733087086,0.00121747733087086,TRUE
"铅钡","53",10,13,-0.00151100012354863,9.84711967900945e-05,0.00160947132033872,0.00160947132033872,FALSE
"铅钡","53",10,14,0.281443293399004,0.283543658274879,0.00210036487587517,0.00210036487587517,TRUE
"铅钡","53",11,12,0.0612725898186707,0.0720100297397,0.0107374399210294,0.0107374399210294,TRUE
"铅钡","53",11,13,-0.156849542999958,-0.173652233460882,-0.0168026904609243,0.0168026904609243,TRUE
"铅钡","53",11,14,0.179640675374564,0.174179433455768,-0.00546124191879566,0.00546124191879566,TRUE
"铅钡","53",12,13,-0.136130144878921,-0.134862898256103,0.00126724662281788,0.00126724662281788,TRUE
"铅钡","53",12,14,0.111754790810533,0.113422914084379,0.0016681232738463,0.0016681232738463,TRUE
"铅钡","53",13,14,-0.181384208932658,-0.183714821089002,-0.0023306121563445,0.0023306121563445,TRUE
"铅钡","54",1,2,0.387523957612379,0.379424826826685,-0.0080991307856938,0.0080991307856938,TRUE
"铅钡","54",1,3,0.228797605759243,0.24880555339853,0.020007947639287,0.020007947639287,TRUE
"铅钡","54",1,4,-0.355658624390269,-0.384279406901081,-0.028620782510812,0.028620782510812,TRUE
"铅钡","54",1,5,0.0314736239332106,0.0505932456186282,0.0191196216854175,0.0191196216854175,TRUE
"铅钡","54",1,6,0.523569636177258,0.542948754529592,0.0193791183523349,0.0193791183523349,TRUE
"铅钡","54",1,7,0.00896500867408218,-0.0152301237251741,-0.0241951323992563,0.0241951323992563,FALSE
"铅钡","54",1,8,-0.078807711440175,-0.0817105807685413,-0.00290286932836636,0.00290286932836636,TRUE
"铅钡","54",1,9,0.0782389207139882,0.0956114398637068,0.0173725191497186,0.0173725191497186,TRUE
"铅钡","54",1,10,0.0169940233852727,0.011138410285723,-0.00585561309954975,0.00585561309954975,TRUE
"铅钡","54",1,11,-0.442884846754735,-0.446929810595016,-0.00404496384028036,0.00404496384028036,TRUE
"铅钡","54",1,12,-0.405414568376801,-0.410557689240954,-0.00514312086415242,0.00514312086415242,TRUE
"铅钡","54",1,13,0.162785470824505,0.154110157514106,-0.00867531331039909,0.00867531331039909,TRUE
"铅钡","54",1,14,-0.393845594224813,-0.40651417643024,-0.0126685822054269,0.0126685822054269,TRUE
"铅钡","54",2,3,0.0597086312240278,0.0710918022655355,0.0113831710415077,0.0113831710415077,TRUE
"铅钡","54",2,4,-0.306707790289593,-0.34913210408783,-0.0424243137982365,0.0424243137982365,TRUE
"铅钡","54",2,5,-0.0283363657795519,-0.00564528607695294,0.0226910797025989,0.0226910797025989,TRUE
"铅钡","54",2,6,0.196520770713179,0.214466634476581,0.017945863763402,0.017945863763402,TRUE
"铅钡","54",2,7,-0.244863554505206,-0.278679672039176,-0.0338161175339707,0.0338161175339707,TRUE
"铅钡","54",2,8,0.00693077503836697,0.00979703876168369,0.00286626372331672,0.00286626372331672,TRUE
"铅钡","54",2,9,-0.179517729608024,-0.165147978787981,0.0143697508200432,0.0143697508200432,TRUE
"铅钡","54",2,10,0.111941093229568,0.097996698792374,-0.0139443944371944,0.0139443944371944,TRUE
"铅钡","54",2,11,-0.655999924925786,-0.660442443283157,-0.00444251835737153,0.00444251835737153,TRUE
"铅钡","54",2,12,-0.100383893901076,-0.0735198737334178,0.0268640201676584,0.0268640201676584,TRUE
"铅钡","54",2,13,-0.0875873889053817,-0.0960220905961933,-0.00843470169081152,0.00843470169081152,TRUE
"铅钡","54",2,14,-0.212223176307397,-0.221552734863649,-0.0093295585562515,0.0093295585562515,TRUE
"铅钡","54",3,4,-0.353780277873086,-0.432376553323406,-0.0785962754503203,0.0785962754503203,TRUE
"铅钡","54",3,5,0.116030407125434,0.11759983088595,0.00156942376051634,0.00156942376051634,TRUE
"铅钡","54",3,6,0.420627619904456,0.444022537332719,0.0233949174282637,0.0233949174282637,TRUE
"铅钡","54",3,7,0.00831808266171102,0.0244212476301395,0.0161031649684285,0.0161031649684285,TRUE
"铅钡","54",3,8,-0.218551780512528,-0.211505940857443,0.00704583965508482,0.00704583965508482,TRUE
"铅钡","54",3,9,-0.293952217550467,-0.299676623073805,-0.00572440552333786,0.00572440552333786,TRUE
"铅钡","54",3,10,-0.0806002332811004,-0.128972571872546,-0.0483723385914458,0.0483723385914458,TRUE
"铅钡","54",3,11,-0.304723869346192,-0.314226453726868,-0.00950258438067658,0.00950258438067658,TRUE
"铅钡","54",3,12,-0.265354112529637,-0.282747386926194,-0.0173932743965575,0.0173932743965575,TRUE
"铅钡","54",3,13,0.0419051642023464,0.0578461685657966,0.0159410043634502,0.0159410043634502,TRUE
"铅钡","54",3,14,-0.0884794205922686,-0.0802786316320021,0.00820078896026648,0.00820078896026648,TRUE
"铅钡","54",4,5,-0.0145588989726392,0.0534969321379946,0.0680558311106338,0.0680558311106338,FALSE
"铅钡","54",4,6,-0.336293156554504,-0.29410955430694,0.0421836022475641,0.0421836022475641,TRUE
"铅钡","54",4,7,0.20123829444502,0.190095996548941,-0.0111422978960782,0.0111422978960782,TRUE
"铅钡","54",4,8,-0.279482433659153,-0.260537742062691,0.0189446915964623,0.0189446915964623,TRUE
"铅钡","54",4,9,0.123548152930095,0.257831044703069,0.134282891772973,0.134282891772973,TRUE
"铅钡","54",4,10,-0.067251732704916,-0.30585084681452,-0.238599114109604,0.238599114109604,TRUE
"铅钡","54",4,11,0.168791870606677,0.287555766348549,0.118763895741871,0.118763895741871,TRUE
"铅钡","54",4,12,0.0779470010722535,0.212030872107728,0.134083871035474,0.134083871035474,TRUE
"铅钡","54",4,13,0.0370674613678593,0.0671970316253156,0.0301295702574563,0.0301295702574563,TRUE
"铅钡","54",4,14,0.0105264263527887,0.018694404220041,0.00816797786725222,0.00816797786725222,TRUE
"铅钡","54",5,6,0.410693685597871,0.389082485841629,-0.0216111997562416,0.0216111997562416,TRUE
"铅钡","54",5,7,0.103299298652924,0.155326704759962,0.0520274061070376,0.0520274061070376,TRUE
"铅钡","54",5,8,-0.289825620905861,-0.315650405342306,-0.0258247844364446,0.0258247844364446,TRUE
"铅钡","54",5,9,-0.206563347984303,-0.287974962673965,-0.0814116146896616,0.0814116146896616,TRUE
"铅钡","54",5,10,-0.52805299936826,-0.509590168570173,0.0184628307980867,0.0184628307980867,TRUE
"铅钡","54",5,11,-0.027404440648597,-0.0901004162130539,-0.0626959755644569,0.0626959755644569,TRUE
"铅钡","54",5,12,0.0205187220803414,-0.0596905161931675,-0.0802092382735089,0.0802092382735089,FALSE
"铅钡","54",5,13,0.0894599362647757,0.0953925432085141,0.00593260694373843,0.00593260694373843,TRUE
"铅钡","54",5,14,-0.564445233505777,-0.572197954015291,-0.00775272050951337,0.00775272050951337,TRUE
"铅钡","54",6,7,0.203664125537772,0.240490171576965,0.0368260460391924,0.0368260460391924,TRUE
"铅钡","54",6,8,-0.226044414625151,-0.250684875184329,-0.0246404605591772,0.0246404605591772,TRUE
"铅钡","54",6,9,-0.266426530914206,-0.342304964272325,-0.0758784333581184,0.0758784333581184,TRUE
"铅钡","54",6,10,-0.338008209406635,-0.287246297460854,0.0507619119457809,0.0507619119457809,TRUE
"铅钡","54",6,11,-0.315828388842643,-0.38421022812282,-0.0683818392801764,0.0683818392801764,TRUE
"铅钡","54",6,12,-0.393605267546621,-0.492137903323326,-0.0985326357767051,0.0985326357767051,TRUE
"铅钡","54",6,13,0.21955960403091,0.21869026863715,-0.000869335393760107,0.000869335393760107,TRUE
"铅钡","54",6,14,-0.476967541457419,-0.48571694966902,-0.00874940821160042,0.00874940821160042,TRUE
"铅钡","54",7,8,-0.496838473763456,-0.503886747282756,-0.00704827351929971,0.00704827351929971,TRUE
"铅钡","54",7,9,-0.0657825007642135,-0.0204092297229832,0.0453732710412303,0.0453732710412303,TRUE
"铅钡","54",7,10,-0.332608832894976,-0.452851630259191,-0.120242797364215,0.120242797364215,TRUE
"铅钡","54",7,11,0.112678882230645,0.168473585201085,0.0557947029704408,0.0557947029704408,TRUE
"铅钡","54",7,12,-0.194445224709006,-0.143216262294866,0.0512289624141392,0.0512289624141392,TRUE
"铅钡","54",7,13,0.218988084043737,0.213849945864919,-0.00513813817881886,0.00513813817881886,TRUE
"铅钡","54",7,14,-0.465323564499552,-0.490441561561144,-0.0251179970615912,0.0251179970615912,TRUE
"铅钡","54",8,9,0.131815321030706,0.110290447022127,-0.0215248740085787,0.0215248740085787,TRUE
"铅钡","54",8,10,0.220831132098425,0.305615713277471,0.0847845811790454,0.0847845811790454,TRUE
"铅钡","54",8,11,0.0718740967436118,0.051556024762496,-0.0203180719811159,0.0203180719811159,TRUE
"铅钡","54",8,12,0.00906971695505722,-0.0194573087984312,-0.0285270257534885,0.0285270257534885,FALSE
"铅钡","54",8,13,-0.56732047651293,-0.580111389517457,-0.0127909130045265,0.0127909130045265,TRUE
"铅钡","54",8,14,0.386127534481157,0.387263395017456,0.00113586053629922,0.00113586053629922,TRUE
"铅钡","54",9,10,-0.0817406514741246,0.0606729812236887,0.142413632697813,0.142413632697813,FALSE
"铅钡","54",9,11,0.163515564051569,0.0953665575370526,-0.0681490065145166,0.0681490065145166,TRUE
"铅钡","54",9,12,0.141694479567348,0.0502221503363841,-0.0914723292309642,0.0914723292309642,TRUE
"铅钡","54",9,13,0.00429197339331716,-0.00126205267598492,-0.00555402606930209,0.00555402606930209,FALSE
"铅钡","54",9,14,0.000932984375030425,0.00577046613347629,0.00483748175844586,0.00483748175844586,TRUE
"铅钡","54",10,11,-0.306665140269122,-0.224747906695481,0.0819172335736404,0.0819172335736404,TRUE
"铅钡","54",10,12,0.00273204655993985,0.176918790807632,0.174186744247692,0.174186744247692,TRUE
"铅钡","54",10,13,-0.00151100012354863,0.0201109696569116,0.0216219697804603,0.0216219697804603,FALSE
"铅钡","54",10,14,0.281443293399004,0.319599443329851,0.0381561499308473,0.0381561499308473,TRUE
"铅钡","54",11,12,0.0612725898186707,-0.0293935100206852,-0.0906660998393559,0.0906660998393559,FALSE
"铅钡","54",11,13,-0.156849542999958,-0.165203511435821,-0.00835396843586331,0.00835396843586331,TRUE
"铅钡","54",11,14,0.179640675374564,0.192972068366915,0.0133313929923512,0.0133313929923512,TRUE
"铅钡","54",12,13,-0.136130144878921,-0.145042607945193,-0.00891246306627172,0.00891246306627172,TRUE
"铅钡","54",12,14,0.111754790810533,0.129405077017604,0.0176502862070709,0.0176502862070709,TRUE
"铅钡","54",13,14,-0.181384208932658,-0.189196120036161,-0.00781191110350329,0.00781191110350329,TRUE
"铅钡","55",1,2,0.387523957612379,0.36467323851706,-0.0228507190953196,0.0228507190953196,TRUE
"铅钡","55",1,3,0.228797605759243,0.246942560791999,0.0181449550327558,0.0181449550327558,TRUE
"铅钡","55",1,4,-0.355658624390269,-0.36758275665176,-0.0119241322614905,0.0119241322614905,TRUE
"铅钡","55",1,5,0.0314736239332106,0.0571021537422803,0.0256285298090697,0.0256285298090697,TRUE
"铅钡","55",1,6,0.523569636177258,0.537191649464952,0.0136220132876944,0.0136220132876944,TRUE
"铅钡","55",1,7,0.00896500867408218,0.0289538247843302,0.019988816110248,0.019988816110248,TRUE
"铅钡","55",1,8,-0.078807711440175,-0.0869584502330024,-0.00815073879282746,0.00815073879282746,TRUE
"铅钡","55",1,9,0.0782389207139882,0.0611982157378364,-0.0170407049761518,0.0170407049761518,TRUE
"铅钡","55",1,10,0.0169940233852727,0.00744287717853855,-0.00955114620673415,0.00955114620673415,TRUE
"铅钡","55",1,11,-0.442884846754735,-0.444443814558508,-0.0015589678037724,0.0015589678037724,TRUE
"铅钡","55",1,12,-0.405414568376801,-0.383170478083406,0.022244090293395,0.022244090293395,TRUE
"铅钡","55",1,13,0.162785470824505,0.161854036618644,-0.000931434205860726,0.000931434205860726,TRUE
"铅钡","55",1,14,-0.393845594224813,-0.396874070711171,-0.00302847648635818,0.00302847648635818,TRUE
"铅钡","55",2,3,0.0597086312240278,0.08697705214401,0.0272684209199822,0.0272684209199822,TRUE
"铅钡","55",2,4,-0.306707790289593,-0.330393048850477,-0.023685258560884,0.023685258560884,TRUE
"铅钡","55",2,5,-0.0283363657795519,0.0132045000298714,0.0415408658094233,0.0415408658094233,FALSE
"铅钡","55",2,6,0.196520770713179,0.215491673325296,0.0189709026121174,0.0189709026121174,TRUE
"铅钡","55",2,7,-0.244863554505206,-0.221280330607517,0.0235832238976887,0.0235832238976887,TRUE
"铅钡","55",2,8,0.00693077503836697,-0.00513773817833713,-0.0120685132167041,0.0120685132167041,FALSE
"铅钡","55",2,9,-0.179517729608024,-0.219128447991345,-0.0396107183833205,0.0396107183833205,TRUE
"铅钡","55",2,10,0.111941093229568,0.0991790672827861,-0.0127620259467822,0.0127620259467822,TRUE
"铅钡","55",2,11,-0.655999924925786,-0.672503859710296,-0.0165039347845106,0.0165039347845106,TRUE
"铅钡","55",2,12,-0.100383893901076,-0.0353106128382155,0.0650732810628607,0.0650732810628607,TRUE
"铅钡","55",2,13,-0.0875873889053817,-0.0956454925095042,-0.00805810360412251,0.00805810360412251,TRUE
"铅钡","55",2,14,-0.212223176307397,-0.216782337647722,-0.00455916134032472,0.00455916134032472,TRUE
"铅钡","55",3,4,-0.353780277873086,-0.351292082081765,0.00248819579132026,0.00248819579132026,TRUE
"铅钡","55",3,5,0.116030407125434,0.102983397439432,-0.0130470096860017,0.0130470096860017,TRUE
"铅钡","55",3,6,0.420627619904456,0.418705275740393,-0.00192234416406234,0.00192234416406234,TRUE
"铅钡","55",3,7,0.00831808266171102,-0.00357883146378827,-0.0118969141254993,0.0118969141254993,FALSE
"铅钡","55",3,8,-0.218551780512528,-0.215417552861567,0.00313422765096094,0.00313422765096094,TRUE
"铅钡","55",3,9,-0.293952217550467,-0.286125779107456,0.00782643844301073,0.00782643844301073,TRUE
"铅钡","55",3,10,-0.0806002332811004,-0.0751846034220127,0.00541562985908775,0.00541562985908775,TRUE
"铅钡","55",3,11,-0.304723869346192,-0.308461257181608,-0.00373738783541699,0.00373738783541699,TRUE
"铅钡","55",3,12,-0.265354112529637,-0.301534261529333,-0.0361801489996962,0.0361801489996962,TRUE
"铅钡","55",3,13,0.0419051642023464,0.0438444729184974,0.00193930871615093,0.00193930871615093,TRUE
"铅钡","55",3,14,-0.0884794205922686,-0.0898737313925656,-0.00139431080029702,0.00139431080029702,TRUE
"铅钡","55",4,5,-0.0145588989726392,-0.00713442169166439,0.0074244772809748,0.0074244772809748,TRUE
"铅钡","55",4,6,-0.336293156554504,-0.33488901832971,0.00140413822479402,0.00140413822479402,TRUE
"铅钡","55",4,7,0.20123829444502,0.209198935540569,0.00796064109554923,0.00796064109554923,TRUE
"铅钡","55",4,8,-0.279482433659153,-0.282284723655576,-0.00280228999642274,0.00280228999642274,TRUE
"铅钡","55",4,9,0.123548152930095,0.11888474898538,-0.00466340394471559,0.00466340394471559,TRUE
"铅钡","55",4,10,-0.067251732704916,-0.0704673412790839,-0.00321560857416786,0.00321560857416786,TRUE
"铅钡","55",4,11,0.168791870606677,0.170205921722231,0.00141405111555376,0.00141405111555376,TRUE
"铅钡","55",4,12,0.0779470010722535,0.0937188114307156,0.015771810358462,0.015771810358462,TRUE
"铅钡","55",4,13,0.0370674613678593,0.0362291434702488,-0.000838317897610533,0.000838317897610533,TRUE
"铅钡","55",4,14,0.0105264263527887,0.0110472666399159,0.000520840287127199,0.000520840287127199,TRUE
"铅钡","55",5,6,0.410693685597871,0.40920254711103,-0.00149113848684068,0.00149113848684068,TRUE
"铅钡","55",5,7,0.103299298652924,0.0848196069910523,-0.0184796916618716,0.0184796916618716,TRUE
"铅钡","55",5,8,-0.289825620905861,-0.286429237658916,0.00339638324694458,0.00339638324694458,TRUE
"铅钡","55",5,9,-0.206563347984303,-0.191386903886878,0.0151764440974251,0.0151764440974251,TRUE
"铅钡","55",5,10,-0.52805299936826,-0.525716816574657,0.00233618279360304,0.00233618279360304,TRUE
"铅钡","55",5,11,-0.027404440648597,-0.0317520481003028,-0.00434760745170588,0.00434760745170588,TRUE
"铅钡","55",5,12,0.0205187220803414,-0.0221708515334644,-0.0426895736138058,0.0426895736138058,FALSE
"铅钡","55",5,13,0.0894599362647757,0.0936403416150788,0.00418040535030317,0.00418040535030317,TRUE
"铅钡","55",5,14,-0.564445233505777,-0.573475822272633,-0.00903058876685592,0.00903058876685592,TRUE
"铅钡","55",6,7,0.203664125537772,0.199803291582072,-0.00386083395570005,0.00386083395570005,TRUE
"铅钡","55",6,8,-0.226044414625151,-0.224445814415422,0.00159860020972966,0.00159860020972966,TRUE
"铅钡","55",6,9,-0.266426530914206,-0.26324123339294,0.00318529752126667,0.00318529752126667,TRUE
"铅钡","55",6,10,-0.338008209406635,-0.336190925343519,0.00181728406311588,0.00181728406311588,TRUE
"铅钡","55",6,11,-0.315828388842643,-0.317346928246408,-0.00151853940376512,0.00151853940376512,TRUE
"铅钡","55",6,12,-0.393605267546621,-0.420386749962431,-0.0267814824158102,0.0267814824158102,TRUE
"铅钡","55",6,13,0.21955960403091,0.220653348275181,0.00109374424427017,0.00109374424427017,TRUE
"铅钡","55",6,14,-0.476967541457419,-0.477950722454757,-0.00098318099733774,0.00098318099733774,TRUE
"铅钡","55",7,8,-0.496838473763456,-0.495516423837457,0.00132204992599888,0.00132204992599888,TRUE
"铅钡","55",7,9,-0.0657825007642135,-0.051379541173883,0.0144029595903306,0.0144029595903306,TRUE
"铅钡","55",7,10,-0.332608832894976,-0.327870346130709,0.00473848676426725,0.00473848676426725,TRUE
"铅钡","55",7,11,0.112678882230645,0.110460318835948,-0.00221856339469635,0.00221856339469635,TRUE
"铅钡","55",7,12,-0.194445224709006,-0.237979081029163,-0.043533856320157,0.043533856320157,TRUE
"铅钡","55",7,13,0.218988084043737,0.223225174285394,0.00423709024165614,0.00423709024165614,TRUE
"铅钡","55",7,14,-0.465323564499552,-0.470546243282577,-0.0052226787830249,0.0052226787830249,TRUE
"铅钡","55",8,9,0.131815321030706,0.12735218208159,-0.00446313894911574,0.00446313894911574,TRUE
"铅钡","55",8,10,0.220831132098425,0.218579420192022,-0.00225171190640344,0.00225171190640344,TRUE
"铅钡","55",8,11,0.0718740967436118,0.0731172456770617,0.00124314893344983,0.00124314893344983,TRUE
"铅钡","55",8,12,0.00906971695505722,0.0219552169421422,0.012885499987085,0.012885499987085,TRUE
"铅钡","55",8,13,-0.56732047651293,-0.568890420183649,-0.00156994367071894,0.00156994367071894,TRUE
"铅钡","55",8,14,0.386127534481157,0.387058122359284,0.000930587878126388,0.000930587878126388,TRUE
"铅钡","55",9,10,-0.0817406514741246,-0.0901121043240077,-0.00837145284988307,0.00837145284988307,TRUE
"铅钡","55",9,11,0.163515564051569,0.167715273277266,0.00419970922569651,0.00419970922569651,TRUE
"铅钡","55",9,12,0.141694479567348,0.180483334293795,0.0387888547264465,0.0387888547264465,TRUE
"铅钡","55",9,13,0.00429197339331716,0.00207627865968795,-0.00221569473362922,0.00221569473362922,TRUE
"铅钡","55",9,14,0.000932984375030425,0.00222877796258408,0.00129579358755365,0.00129579358755365,TRUE
"铅钡","55",10,11,-0.306665140269122,-0.305805302296747,0.000859837972374988,0.000859837972374988,TRUE
"铅钡","55",10,12,0.00273204655993985,0.0200524430469842,0.0173203964870444,0.0173203964870444,TRUE
"铅钡","55",10,13,-0.00151100012354863,-0.00270086877838282,-0.00118986865483419,0.00118986865483419,TRUE
"铅钡","55",10,14,0.281443293399004,0.282705619563226,0.00126232616422212,0.00126232616422212,TRUE
"铅钡","55",11,12,0.0612725898186707,0.0567892001825881,-0.00448338963608257,0.00448338963608257,TRUE
"铅钡","55",11,13,-0.156849542999958,-0.156461890748374,0.000387652251583492,0.000387652251583492,TRUE
"铅钡","55",11,14,0.179640675374564,0.179440395563173,-0.000200279811391035,0.000200279811391035,TRUE
"铅钡","55",12,13,-0.136130144878921,-0.136002487822045,0.000127657056876118,0.000127657056876118,TRUE
"铅钡","55",12,14,0.111754790810533,0.112892532811247,0.00113774200071386,0.00113774200071386,TRUE
"铅钡","55",13,14,-0.181384208932658,-0.181225629019354,0.000158579913303841,0.000158579913303841,TRUE
"铅钡","56",1,2,0.387523957612379,0.394523111781045,0.00699915416866581,0.00699915416866581,TRUE
"铅钡","56",1,3,0.228797605759243,0.237684400783524,0.00888679502428172,0.00888679502428172,TRUE
"铅钡","56",1,4,-0.355658624390269,-0.36536527866685,-0.00970665427658057,0.00970665427658057,TRUE
"铅钡","56",1,5,0.0314736239332106,0.0457837428801043,0.0143101189468936,0.0143101189468936,TRUE
"铅钡","56",1,6,0.523569636177258,0.521932647019564,-0.00163698915769317,0.00163698915769317,TRUE
"铅钡","56",1,7,0.00896500867408218,0.0199227170627621,0.0109577083886799,0.0109577083886799,TRUE
"铅钡","56",1,8,-0.078807711440175,-0.0844925282621938,-0.00568481682201886,0.00568481682201886,TRUE
"铅钡","56",1,9,0.0782389207139882,0.0604018839705039,-0.0178370367434843,0.0178370367434843,TRUE
"铅钡","56",1,10,0.0169940233852727,0.00398169636125018,-0.0130123270240225,0.0130123270240225,TRUE
"铅钡","56",1,11,-0.442884846754735,-0.459952559439172,-0.0170677126844362,0.0170677126844362,TRUE
"铅钡","56",1,12,-0.405414568376801,-0.396432844078525,0.00898172429827598,0.00898172429827598,TRUE
"铅钡","56",1,13,0.162785470824505,0.159733417399299,-0.0030520534252057,0.0030520534252057,TRUE
"铅钡","56",1,14,-0.393845594224813,-0.395712590437904,-0.00186699621309122,0.00186699621309122,TRUE
"铅钡","56",2,3,0.0597086312240278,0.0559656546284832,-0.00374297659554457,0.00374297659554457,TRUE
"铅钡","56",2,4,-0.306707790289593,-0.304060924795825,0.00264686549376808,0.00264686549376808,TRUE
"铅钡","56",2,5,-0.0283363657795519,-0.0363604247931092,-0.00802405901355736,0.00802405901355736,TRUE
"铅钡","56",2,6,0.196520770713179,0.199522545633392,0.00300177492021297,0.00300177492021297,TRUE
"铅钡","56",2,7,-0.244863554505206,-0.252880148305503,-0.00801659380029737,0.00801659380029737,TRUE
"铅钡","56",2,8,0.00693077503836697,0.0098482522989356,0.00291747726056863,0.00291747726056863,TRUE
"铅钡","56",2,9,-0.179517729608024,-0.172766562518785,0.00675116708923928,0.00675116708923928,TRUE
"铅钡","56",2,10,0.111941093229568,0.120581242155096,0.00864014892552759,0.00864014892552759,TRUE
"铅钡","56",2,11,-0.655999924925786,-0.655542421194538,0.000457503731247866,0.000457503731247866,TRUE
"铅钡","56",2,12,-0.100383893901076,-0.116512385573231,-0.0161284916721548,0.0161284916721548,TRUE
"铅钡","56",2,13,-0.0875873889053817,-0.0856170767639098,0.00197031214147192,0.00197031214147192,TRUE
"铅钡","56",2,14,-0.212223176307397,-0.212414869359889,-0.000191693052491893,0.000191693052491893,TRUE
"铅钡","56",3,4,-0.353780277873086,-0.349946932465371,0.00383334540771474,0.00383334540771474,TRUE
"铅钡","56",3,5,0.116030407125434,0.106143186987182,-0.00988722013825251,0.00988722013825251,TRUE
"铅钡","56",3,6,0.420627619904456,0.426147462616134,0.00551984271167888,0.00551984271167888,TRUE
"铅钡","56",3,7,0.00831808266171102,-0.00064090914143631,-0.00895899180314732,0.00895899180314732,FALSE
"铅钡","56",3,8,-0.218551780512528,-0.215205173075204,0.00334660743732448,0.00334660743732448,TRUE
"铅钡","56",3,9,-0.293952217550467,-0.284919931419471,0.00903228613099655,0.00903228613099655,TRUE
"铅钡","56",3,10,-0.0806002332811004,-0.0706192115653304,0.00998102171577001,0.00998102171577001,TRUE
"铅钡","56",3,11,-0.304723869346192,-0.298314536566204,0.00640933277998779,0.00640933277998779,TRUE
"铅钡","56",3,12,-0.265354112529637,-0.293689034994393,-0.0283349224647565,0.0283349224647565,TRUE
"铅钡","56",3,13,0.0419051642023464,0.0453138130883659,0.0034086488860195,0.0034086488860195,TRUE
"铅钡","56",3,14,-0.0884794205922686,-0.0886074364274583,-0.00012801583518976,0.00012801583518976,TRUE
"铅钡","56",4,5,-0.0145588989726392,-0.00338480246328194,0.0111740965093573,0.0111740965093573,TRUE
"铅钡","56",4,6,-0.336293156554504,-0.341392623147305,-0.00509946659280058,0.00509946659280058,TRUE
"铅钡","56",4,7,0.20123829444502,0.212130548430858,0.0108922539858385,0.0108922539858385,TRUE
"铅钡","56",4,8,-0.279482433659153,-0.285036093108114,-0.0055536594489608,0.0055536594489608,TRUE
"铅钡","56",4,9,0.123548152930095,0.110303449453175,-0.0132447034769201,0.0132447034769201,TRUE
"铅钡","56",4,10,-0.067251732704916,-0.0790385955491278,-0.0117868628442118,0.0117868628442118,TRUE
"铅钡","56",4,11,0.168791870606677,0.161009761276829,-0.00778210932984838,0.00778210932984838,TRUE
"铅钡","56",4,12,0.0779470010722535,0.0997082082653809,0.0217612071931274,0.0217612071931274,TRUE
"铅钡","56",4,13,0.0370674613678593,0.0340006498106114,-0.00306681155724797,0.00306681155724797,TRUE
"铅钡","56",4,14,0.0105264263527887,0.0104215758658947,-0.000104850486894062,0.000104850486894062,TRUE
"铅钡","56",5,6,0.410693685597871,0.422907371642161,0.0122136860442907,0.0122136860442907,TRUE
"铅钡","56",5,7,0.103299298652924,0.0878036560940198,-0.0154956425589041,0.0154956425589041,TRUE
"铅钡","56",5,8,-0.289825620905861,-0.285133027007972,0.00469259389788879,0.00469259389788879,TRUE
"铅钡","56",5,9,-0.206563347984303,-0.181705207382605,0.0248581406016982,0.0248581406016982,TRUE
"铅钡","56",5,10,-0.52805299936826,-0.51807101343576,0.00998198593249944,0.00998198593249944,TRUE
"铅钡","56",5,11,-0.027404440648597,-0.00928705851878328,0.0181173821298137,0.0181173821298137,TRUE
"铅钡","56",5,12,0.0205187220803414,-0.0157443059061376,-0.036263027986479,0.036263027986479,FALSE
"铅钡","56",5,13,0.0894599362647757,0.0967472087038526,0.00728727243907695,0.00728727243907695,TRUE
"铅钡","56",5,14,-0.564445233505777,-0.570380188538315,-0.00593495503253771,0.00593495503253771,TRUE
"铅钡","56",6,7,0.203664125537772,0.210953347192373,0.00728922165460089,0.00728922165460089,TRUE
"铅钡","56",6,8,-0.226044414625151,-0.229390391257617,-0.00334597663246566,0.00334597663246566,TRUE
"铅钡","56",6,9,-0.266426530914206,-0.283226574274052,-0.0168000433598455,0.0168000433598455,TRUE
"铅钡","56",6,10,-0.338008209406635,-0.348742355982544,-0.0107341465759088,0.0107341465759088,TRUE
"铅钡","56",6,11,-0.315828388842643,-0.324767112303406,-0.00893872346076324,0.00893872346076324,TRUE
"铅钡","56",6,12,-0.393605267546621,-0.39405072871163,-0.000445461165009653,0.000445461165009653,TRUE
"铅钡","56",6,13,0.21955960403091,0.217976700961102,-0.00158290306980868,0.00158290306980868,TRUE
"铅钡","56",6,14,-0.476967541457419,-0.477616305023957,-0.000648763566537314,0.000648763566537314,TRUE
"铅钡","56",7,8,-0.496838473763456,-0.494450223326793,0.00238825043666313,0.00238825043666313,TRUE
"铅钡","56",7,9,-0.0657825007642135,-0.0427033993434666,0.023079101420747,0.023079101420747,TRUE
"铅钡","56",7,10,-0.332608832894976,-0.321622344936283,0.0109864879586931,0.0109864879586931,TRUE
"铅钡","56",7,11,0.112678882230645,0.128965608912578,0.0162867266819335,0.0162867266819335,TRUE
"铅钡","56",7,12,-0.194445224709006,-0.230935959658973,-0.0364907349499673,0.0364907349499673,TRUE
"铅钡","56",7,13,0.218988084043737,0.225556053211673,0.0065679691679352,0.0065679691679352,TRUE
"铅钡","56",7,14,-0.465323564499552,-0.46827455062388,-0.00295098612432787,0.00295098612432787,TRUE
"铅钡","56",8,9,0.131815321030706,0.122992183178026,-0.00882313785267963,0.00882313785267963,TRUE
"铅钡","56",8,10,0.220831132098425,0.215419578420479,-0.00541155367794627,0.00541155367794627,TRUE
"铅钡","56",8,11,0.0718740967436118,0.0655159068605852,-0.00635818988302665,0.00635818988302665,TRUE
"铅钡","56",8,12,0.00906971695505722,0.0233788115322229,0.0143090945771657,0.0143090945771657,TRUE
"铅钡","56",8,13,-0.56732047651293,-0.571061174636003,-0.00374069812307243,0.00374069812307243,TRUE
"铅钡","56",8,14,0.386127534481157,0.386635781226196,0.000508246745039076,0.000508246745039076,TRUE
"铅钡","56",9,10,-0.0817406514741246,-0.115010639238521,-0.033269987764396,0.033269987764396,TRUE
"铅钡","56",9,11,0.163515564051569,0.141641282105118,-0.0218742819464511,0.0218742819464511,TRUE
"铅钡","56",9,12,0.141694479567348,0.202974017547375,0.0612795379800268,0.0612795379800268,TRUE
"铅钡","56",9,13,0.00429197339331716,-0.00459488026965341,-0.00888685366297058,0.00888685366297058,FALSE
"铅钡","56",9,14,0.000932984375030425,0.000574058644257027,-0.000358925730773398,0.000358925730773398,TRUE
"铅钡","56",10,11,-0.306665140269122,-0.330057107482258,-0.0233919672131361,0.0233919672131361,TRUE
"铅钡","56",10,12,0.00273204655993985,0.0384427409974029,0.035710694437463,0.035710694437463,TRUE
"铅钡","56",10,13,-0.00151100012354863,-0.00749710654279695,-0.00598610641924832,0.00598610641924832,TRUE
"铅钡","56",10,14,0.281443293399004,0.284033554306224,0.00259026090722009,0.00259026090722009,TRUE
"铅钡","56",11,12,0.0612725898186707,0.0949852439736003,0.0337126541549297,0.0337126541549297,TRUE
"铅钡","56",11,13,-0.156849542999958,-0.163471391575086,-0.00662184857512874,0.00662184857512874,TRUE
"铅钡","56",11,14,0.179640675374564,0.180825927270583,0.00118525189601895,0.00118525189601895,TRUE
"铅钡","56",12,13,-0.136130144878921,-0.129969720231824,0.00616042464709718,0.00616042464709718,TRUE
"铅钡","56",12,14,0.111754790810533,0.115633095049175,0.00387830423864195,0.00387830423864195,TRUE
"铅钡","56",13,14,-0.181384208932658,-0.181617871523861,-0.000233662591203276,0.000233662591203276,TRUE
"铅钡","57",1,2,0.387523957612379,0.39461841630282,0.00709445869044101,0.00709445869044101,TRUE
"铅钡","57",1,3,0.228797605759243,0.23626740765435,0.00746980189510763,0.00746980189510763,TRUE
"铅钡","57",1,4,-0.355658624390269,-0.375689296693369,-0.0200306723030994,0.0200306723030994,TRUE
"铅钡","57",1,5,0.0314736239332106,0.0471509986166962,0.0156773746834856,0.0156773746834856,TRUE
"铅钡","57",1,6,0.523569636177258,0.514942431702819,-0.00862720447443899,0.00862720447443899,TRUE
"铅钡","57",1,7,0.00896500867408218,0.0205137301914915,0.0115487215174093,0.0115487215174093,TRUE
"铅钡","57",1,8,-0.078807711440175,-0.0948426359240992,-0.0160349244839242,0.0160349244839242,TRUE
"铅钡","57",1,9,0.0782389207139882,0.0444676985086451,-0.0337712222053431,0.0337712222053431,TRUE
"铅钡","57",1,10,0.0169940233852727,-0.00500298541475838,-0.0219970088000311,0.0219970088000311,FALSE
"铅钡","57",1,11,-0.442884846754735,-0.430532362816982,0.0123524839377532,0.0123524839377532,TRUE
"铅钡","57",1,12,-0.405414568376801,-0.39163621276811,0.0137783556086916,0.0137783556086916,TRUE
"铅钡","57",1,13,0.162785470824505,0.153580656329572,-0.00920481449493338,0.00920481449493338,TRUE
"铅钡","57",1,14,-0.393845594224813,-0.400384296616669,-0.0065387023918565,0.0065387023918565,TRUE
"铅钡","57",2,3,0.0597086312240278,0.0583684352179131,-0.00134019600611465,0.00134019600611465,TRUE
"铅钡","57",2,4,-0.306707790289593,-0.305219018586632,0.00148877170296147,0.00148877170296147,TRUE
"铅钡","57",2,5,-0.0283363657795519,-0.0325139112144005,-0.00417754543484858,0.00417754543484858,TRUE
"铅钡","57",2,6,0.196520770713179,0.203618266138603,0.0070974954254244,0.0070974954254244,TRUE
"铅钡","57",2,7,-0.244863554505206,-0.249013091905998,-0.00414953740079196,0.00414953740079196,TRUE
"铅钡","57",2,8,0.00693077503836697,0.0108459389869732,0.00391516394860622,0.00391516394860622,TRUE
"铅钡","57",2,9,-0.179517729608024,-0.17806644771659,0.00145128189143381,0.00145128189143381,TRUE
"铅钡","57",2,10,0.111941093229568,0.119651291617498,0.00771019838792983,0.00771019838792983,TRUE
"铅钡","57",2,11,-0.655999924925786,-0.675184319000216,-0.0191843940744304,0.0191843940744304,TRUE
"铅钡","57",2,12,-0.100383893901076,-0.109163844472535,-0.00877995057145926,0.00877995057145926,TRUE
"铅钡","57",2,13,-0.0875873889053817,-0.0851021287176001,0.00248526018778164,0.00248526018778164,TRUE
"铅钡","57",2,14,-0.212223176307397,-0.211529184089016,0.000693992218381206,0.000693992218381206,TRUE
"铅钡","57",3,4,-0.353780277873086,-0.351319227131402,0.00246105074168401,0.00246105074168401,TRUE
"铅钡","57",3,5,0.116030407125434,0.111527382207347,-0.00450302491808729,0.00450302491808729,TRUE
"铅钡","57",3,6,0.420627619904456,0.432429388763548,0.0118017688590928,0.0118017688590928,TRUE
"铅钡","57",3,7,0.00831808266171102,0.00422436843053857,-0.00409371423117245,0.00409371423117245,TRUE
"铅钡","57",3,8,-0.218551780512528,-0.214975860298094,0.00357592021443387,0.00357592021443387,TRUE
"铅钡","57",3,9,-0.293952217550467,-0.294149137276296,-0.000196919725829192,0.000196919725829192,TRUE
"铅钡","57",3,10,-0.0806002332811004,-0.0738973350067666,0.00670289827433379,0.00670289827433379,TRUE
"铅钡","57",3,11,-0.304723869346192,-0.319626068624497,-0.0149021992783053,0.0149021992783053,TRUE
"铅钡","57",3,12,-0.265354112529637,-0.280417168114699,-0.015063055585062,0.015063055585062,TRUE
"铅钡","57",3,13,0.0419051642023464,0.0461310316330892,0.0042258674307428,0.0042258674307428,TRUE
"铅钡","57",3,14,-0.0884794205922686,-0.0873710948604056,0.00110832573186295,0.00110832573186295,TRUE
"铅钡","57",4,5,-0.0145588989726392,-2.41234365909879e-05,0.0145347755360482,0.0145347755360482,TRUE
"铅钡","57",4,6,-0.336293156554504,-0.360413169456461,-0.0241200129019571,0.0241200129019571,TRUE
"铅钡","57",4,7,0.20123829444502,0.214648992561292,0.0134106981162728,0.0134106981162728,TRUE
"铅钡","57",4,8,-0.279482433659153,-0.297937470780805,-0.0184550371216524,0.0184550371216524,TRUE
"铅钡","57",4,9,0.123548152930095,0.0933063953365101,-0.0302417575935854,0.0302417575935854,TRUE
"铅钡","57",4,10,-0.067251732704916,-0.0905832224596911,-0.0233314897547751,0.0233314897547751,TRUE
"铅钡","57",4,11,0.168791870606677,0.196774172583175,0.0279823019764971,0.0279823019764971,TRUE
"铅钡","57",4,12,0.0779470010722535,0.104859614520978,0.0269126134487247,0.0269126134487247,TRUE
"铅钡","57",4,13,0.0370674613678593,0.0267094497853403,-0.010358011582519,0.010358011582519,TRUE
"铅钡","57",4,14,0.0105264263527887,0.00730489747215962,-0.00322152888062911,0.00322152888062911,TRUE
"铅钡","57",5,6,0.410693685597871,0.436870053972085,0.0261763683742141,0.0261763683742141,TRUE
"铅钡","57",5,7,0.103299298652924,0.0931034662916158,-0.0101958323613081,0.0101958323613081,TRUE
"铅钡","57",5,8,-0.289825620905861,-0.279288525797597,0.0105370951082643,0.0105370951082643,TRUE
"铅钡","57",5,9,-0.206563347984303,-0.179822441366042,0.0267409066182613,0.0267409066182613,TRUE
"铅钡","57",5,10,-0.52805299936826,-0.518376324473306,0.00967667489495361,0.00967667489495361,TRUE
"铅钡","57",5,11,-0.027404440648597,-0.0523427721966172,-0.0249383315480202,0.0249383315480202,TRUE
"铅钡","57",5,12,0.0205187220803414,-0.0043042306668405,-0.0248229527471819,0.0248229527471819,FALSE
"铅钡","57",5,13,0.0894599362647757,0.101583855790164,0.012123919525388,0.012123919525388,TRUE
"铅钡","57",5,14,-0.564445233505777,-0.565531881039137,-0.00108664753335952,0.00108664753335952,TRUE
"铅钡","57",6,7,0.203664125537772,0.220713149302092,0.0170490237643194,0.0170490237643194,TRUE
"铅钡","57",6,8,-0.226044414625151,-0.24826605250796,-0.0222216378828086,0.0222216378828086,TRUE
"铅钡","57",6,9,-0.266426530914206,-0.328067743174159,-0.0616412122599527,0.0616412122599527,TRUE
"铅钡","57",6,10,-0.338008209406635,-0.374574602947402,-0.0365663935407676,0.0365663935407676,TRUE
"铅钡","57",6,11,-0.315828388842643,-0.296023390955057,0.0198049978875862,0.0198049978875862,TRUE
"铅钡","57",6,12,-0.393605267546621,-0.375472078899996,0.0181331886466246,0.0181331886466246,TRUE
"铅钡","57",6,13,0.21955960403091,0.209427011912209,-0.0101325921187017,0.0101325921187017,TRUE
"铅钡","57",6,14,-0.476967541457419,-0.486603346143796,-0.00963580468637654,0.00963580468637654,TRUE
"铅钡","57",7,8,-0.496838473763456,-0.491406594426394,0.0054318793370623,0.0054318793370623,TRUE
"铅钡","57",7,9,-0.0657825007642135,-0.0405535854758595,0.0252289152883541,0.0252289152883541,TRUE
"铅钡","57",7,10,-0.332608832894976,-0.322659093652045,0.0099497392429308,0.0099497392429308,TRUE
"铅钡","57",7,11,0.112678882230645,0.0971054970869303,-0.0155733851437144,0.0155733851437144,TRUE
"铅钡","57",7,12,-0.194445224709006,-0.218523479144062,-0.0240782544350562,0.0240782544350562,TRUE
"铅钡","57",7,13,0.218988084043737,0.229159983924142,0.0101718998804045,0.0101718998804045,TRUE
"铅钡","57",7,14,-0.465323564499552,-0.46494124167361,0.000382322825942361,0.000382322825942361,TRUE
"铅钡","57",8,9,0.131815321030706,0.101807697390545,-0.0300076236401601,0.0300076236401601,TRUE
"铅钡","57",8,10,0.220831132098425,0.204190285698994,-0.0166408463994311,0.0166408463994311,TRUE
"铅钡","57",8,11,0.0718740967436118,0.0974464665287195,0.0255723697851077,0.0255723697851077,TRUE
"铅钡","57",8,12,0.00906971695505722,0.0341796965098097,0.0251099795547525,0.0251099795547525,TRUE
"铅钡","57",8,13,-0.56732047651293,-0.58456903130985,-0.0172485547969196,0.0172485547969196,TRUE
"铅钡","57",8,14,0.386127534481157,0.385746028458682,-0.000381506022475386,0.000381506022475386,TRUE
"铅钡","57",9,10,-0.0817406514741246,-0.142892509948991,-0.0611518584748668,0.0611518584748668,TRUE
"铅钡","57",9,11,0.163515564051569,0.23492334302231,0.0714077789707407,0.0714077789707407,TRUE
"铅钡","57",9,12,0.141694479567348,0.214968041702626,0.0732735621352777,0.0732735621352777,TRUE
"铅钡","57",9,13,0.00429197339331716,-0.0232181454331296,-0.0275101188264468,0.0275101188264468,FALSE
"铅钡","57",9,14,0.000932984375030425,-0.0075183040675975,-0.00845128844262793,0.00845128844262793,FALSE
"铅钡","57",10,11,-0.306665140269122,-0.281959972680394,0.0247051675887277,0.0247051675887277,TRUE
"铅钡","57",10,12,0.00273204655993985,0.0402988904289169,0.037566843868977,0.037566843868977,TRUE
"铅钡","57",10,13,-0.00151100012354863,-0.0178810382701853,-0.0163700381466367,0.0163700381466367,TRUE
"铅钡","57",10,14,0.281443293399004,0.281148855134728,-0.000294438264276164,0.000294438264276164,TRUE
"铅钡","57",11,12,0.0612725898186707,0.0232235767018938,-0.0380490131167769,0.0380490131167769,TRUE
"铅钡","57",11,13,-0.156849542999958,-0.142815364302207,0.0140341786977509,0.0140341786977509,TRUE
"铅钡","57",11,14,0.179640675374564,0.188561271205231,0.00892059583066748,0.00892059583066748,TRUE
"铅钡","57",12,13,-0.136130144878921,-0.120995671963958,0.015134472914963,0.015134472914963,TRUE
"铅钡","57",12,14,0.111754790810533,0.119838785561255,0.00808399475072256,0.00808399475072256,TRUE
"铅钡","57",13,14,-0.181384208932658,-0.184666493318852,-0.00328228438619368,0.00328228438619368,TRUE
"铅钡","58",1,2,0.387523957612379,0.378224821444549,-0.00929913616782962,0.00929913616782962,TRUE
"铅钡","58",1,3,0.228797605759243,0.244660754604902,0.0158631488456592,0.0158631488456592,TRUE
"铅钡","58",1,4,-0.355658624390269,-0.351664862767917,0.00399376162235232,0.00399376162235232,TRUE
"铅钡","58",1,5,0.0314736239332106,0.0390830177375973,0.00760939380438667,0.00760939380438667,TRUE
"铅钡","58",1,6,0.523569636177258,0.519981803132284,-0.00358783304497323,0.00358783304497323,TRUE
"铅钡","58",1,7,0.00896500867408218,0.0197846382901601,0.0108196296160779,0.0108196296160779,TRUE
"铅钡","58",1,8,-0.078807711440175,-0.0709209044818273,0.00788680695834766,0.00788680695834766,TRUE
"铅钡","58",1,9,0.0782389207139882,0.0713483211722823,-0.00689059954170586,0.00689059954170586,TRUE
"铅钡","58",1,10,0.0169940233852727,0.0131987556306592,-0.00379526775461347,0.00379526775461347,TRUE
"铅钡","58",1,11,-0.442884846754735,-0.434216117775256,0.00866872897947918,0.00866872897947918,TRUE
"铅钡","58",1,12,-0.405414568376801,-0.416621299694869,-0.0112067313180681,0.0112067313180681,TRUE
"铅钡","58",1,13,0.162785470824505,0.148785090421817,-0.014000380402688,0.014000380402688,TRUE
"铅钡","58",1,14,-0.393845594224813,-0.410028624742947,-0.0161830305181344,0.0161830305181344,TRUE
"铅钡","58",2,3,0.0597086312240278,0.0740068713762426,0.0142982401522149,0.0142982401522149,TRUE
"铅钡","58",2,4,-0.306707790289593,-0.302149196788971,0.00455859350062299,0.00455859350062299,TRUE
"铅钡","58",2,5,-0.0283363657795519,-0.0209550195566074,0.0073813462229445,0.0073813462229445,TRUE
"铅钡","58",2,6,0.196520770713179,0.189426223507643,-0.00709454720553565,0.00709454720553565,TRUE
"铅钡","58",2,7,-0.244863554505206,-0.236565503388116,0.00829805111708945,0.00829805111708945,TRUE
"铅钡","58",2,8,0.00693077503836697,0.0160618667602254,0.00913109172185841,0.00913109172185841,TRUE
"铅钡","58",2,9,-0.179517729608024,-0.189261136730011,-0.00974340712198687,0.00974340712198687,TRUE
"铅钡","58",2,10,0.111941093229568,0.108779648969331,-0.00316144426023746,0.00316144426023746,TRUE
"铅钡","58",2,11,-0.655999924925786,-0.650394927553976,0.00560499737180997,0.00560499737180997,TRUE
"铅钡","58",2,12,-0.100383893901076,-0.109201354879171,-0.00881746097809452,0.00881746097809452,TRUE
"铅钡","58",2,13,-0.0875873889053817,-0.106651213263132,-0.0190638243577501,0.0190638243577501,TRUE
"铅钡","58",2,14,-0.212223176307397,-0.226928652387824,-0.0147054760804269,0.0147054760804269,TRUE
"铅钡","58",3,4,-0.353780277873086,-0.362830695024028,-0.00905041715094262,0.00905041715094262,TRUE
"铅钡","58",3,5,0.116030407125434,0.110408539865433,-0.00562186726000098,0.00562186726000098,TRUE
"铅钡","58",3,6,0.420627619904456,0.431930688632235,0.0113030687277791,0.0113030687277791,TRUE
"铅钡","58",3,7,0.00831808266171102,-0.00111416147847588,-0.00943224414018689,0.00943224414018689,FALSE
"铅钡","58",3,8,-0.218551780512528,-0.228052395314108,-0.00950061480158004,0.00950061480158004,TRUE
"铅钡","58",3,9,-0.293952217550467,-0.289461314232875,0.00449090331759194,0.00449090331759194,TRUE
"铅钡","58",3,10,-0.0806002332811004,-0.077617697900766,0.00298253538033438,0.00298253538033438,TRUE
"铅钡","58",3,11,-0.304723869346192,-0.322851074775237,-0.0181272054290451,0.0181272054290451,TRUE
"铅钡","58",3,12,-0.265354112529637,-0.26073878885546,0.00461532367417711,0.00461532367417711,TRUE
"铅钡","58",3,13,0.0419051642023464,0.0574189633797138,0.0155137991773674,0.0155137991773674,TRUE
"铅钡","58",3,14,-0.0884794205922686,-0.0791632551069306,0.00931616548533797,0.00931616548533797,TRUE
"铅钡","58",4,5,-0.0145588989726392,-0.0182451748535391,-0.0036862758808999,0.0036862758808999,TRUE
"铅钡","58",4,6,-0.336293156554504,-0.333432747784492,0.0028604087700117,0.0028604087700117,TRUE
"铅钡","58",4,7,0.20123829444502,0.197075179496846,-0.00416311494817401,0.00416311494817401,TRUE
"铅钡","58",4,8,-0.279482433659153,-0.285001379688305,-0.00551894602915176,0.00551894602915176,TRUE
"铅钡","58",4,9,0.123548152930095,0.127793224775679,0.00424507184558344,0.00424507184558344,TRUE
"铅钡","58",4,10,-0.067251732704916,-0.0654590815008673,0.0017926512040487,0.0017926512040487,TRUE
"铅钡","58",4,11,0.168791870606677,0.162766908584606,-0.00602496202207162,0.00602496202207162,TRUE
"铅钡","58",4,12,0.0779470010722535,0.0819507370714186,0.00400373599916508,0.00400373599916508,TRUE
"铅钡","58",4,13,0.0370674613678593,0.045803854524388,0.00873639315652871,0.00873639315652871,TRUE
"铅钡","58",4,14,0.0105264263527887,0.0163107445081967,0.00578431815540796,0.00578431815540796,TRUE
"铅钡","58",5,6,0.410693685597871,0.416961080649257,0.00626739505138618,0.00626739505138618,TRUE
"铅钡","58",5,7,0.103299298652924,0.0984948960497984,-0.00480440260312548,0.00480440260312548,TRUE
"铅钡","58",5,8,-0.289825620905861,-0.295475224755297,-0.00564960384943647,0.00564960384943647,TRUE
"铅钡","58",5,9,-0.206563347984303,-0.2035186809067,0.00304466707760315,0.00304466707760315,TRUE
"铅钡","58",5,10,-0.52805299936826,-0.527327796350487,0.00072520301777268,0.00072520301777268,TRUE
"铅钡","58",5,11,-0.027404440648597,-0.035542612136279,-0.00813817148768203,0.00813817148768203,TRUE
"铅钡","58",5,12,0.0205187220803414,0.0243696004639234,0.00385087838358196,0.00385087838358196,TRUE
"铅钡","58",5,13,0.0894599362647757,0.0989327899171884,0.00947285365241274,0.00947285365241274,TRUE
"铅钡","58",5,14,-0.564445233505777,-0.562255831666025,0.00218940183975269,0.00218940183975269,TRUE
"铅钡","58",6,7,0.203664125537772,0.211481092891743,0.00781696735397056,0.00781696735397056,TRUE
"铅钡","58",6,8,-0.226044414625151,-0.221996566991795,0.00404784763335667,0.00404784763335667,TRUE
"铅钡","58",6,9,-0.266426530914206,-0.27226107236907,-0.00583454145486312,0.00583454145486312,TRUE
"铅钡","58",6,10,-0.338008209406635,-0.341453446709769,-0.00344523730313379,0.00344523730313379,TRUE
"铅钡","58",6,11,-0.315828388842643,-0.309887998985752,0.00594038985689099,0.00594038985689099,TRUE
"铅钡","58",6,12,-0.393605267546621,-0.39992667476664,-0.00632140722001906,0.00632140722001906,TRUE
"铅钡","58",6,13,0.21955960403091,0.212140083686851,-0.00741952034405988,0.00741952034405988,TRUE
"铅钡","58",6,14,-0.476967541457419,-0.48736790676774,-0.0104003653103204,0.0104003653103204,TRUE
"铅钡","58",7,8,-0.496838473763456,-0.506476867443483,-0.00963839368002717,0.00963839368002717,TRUE
"铅钡","58",7,9,-0.0657825007642135,-0.0605558634713177,0.0052266372928958,0.0052266372928958,TRUE
"铅钡","58",7,10,-0.332608832894976,-0.331200994721193,0.00140783817378265,0.00140783817378265,TRUE
"铅钡","58",7,11,0.112678882230645,0.102562677620853,-0.0101162046097917,0.0101162046097917,TRUE
"铅钡","58",7,12,-0.194445224709006,-0.190065481512935,0.00437974319607021,0.00437974319607021,TRUE
"铅钡","58",7,13,0.218988084043737,0.234329214844733,0.0153411308009951,0.0153411308009951,TRUE
"铅钡","58",7,14,-0.465323564499552,-0.460787690921849,0.00453587357770341,0.00453587357770341,TRUE
"铅钡","58",8,9,0.131815321030706,0.136958400353026,0.00514307932232017,0.00514307932232017,TRUE
"铅钡","58",8,10,0.220831132098425,0.223859775656726,0.00302864355830132,0.00302864355830132,TRUE
"铅钡","58",8,11,0.0718740967436118,0.063364156081609,-0.00850994066200285,0.00850994066200285,TRUE
"铅钡","58",8,12,0.00906971695505722,0.0135738895968588,0.0045041726418016,0.0045041726418016,TRUE
"铅钡","58",8,13,-0.56732047651293,-0.564262887571746,0.00305758894118402,0.00305758894118402,TRUE
"铅钡","58",8,14,0.386127534481157,0.395759414972517,0.00963188049135932,0.00963188049135932,TRUE
"铅钡","58",9,10,-0.0817406514741246,-0.0840053783348878,-0.00226472686076323,0.00226472686076323,TRUE
"铅钡","58",9,11,0.163515564051569,0.173377418087178,0.00986185403560894,0.00986185403560894,TRUE
"铅钡","58",9,12,0.141694479567348,0.138327190278916,-0.00336728928843222,0.00336728928843222,TRUE
"铅钡","58",9,13,0.00429197339331716,-0.00443956217735102,-0.00873153557066818,0.00873153557066818,FALSE
"铅钡","58",9,14,0.000932984375030425,-0.00510043203979344,-0.00603341641482387,0.00603341641482387,FALSE
"铅钡","58",10,11,-0.306665140269122,-0.305169347116157,0.00149579315296489,0.00149579315296489,TRUE
"铅钡","58",10,12,0.00273204655993985,0.000715097817216346,-0.0020169487427235,0.0020169487427235,TRUE
"铅钡","58",10,13,-0.00151100012354863,-0.00605589768188649,-0.00454489755833786,0.00454489755833786,TRUE
"铅钡","58",10,14,0.281443293399004,0.279761461859388,-0.00168183153961599,0.00168183153961599,TRUE
"铅钡","58",11,12,0.0612725898186707,0.0699354632186598,0.00866287339998913,0.00866287339998913,TRUE
"铅钡","58",11,13,-0.156849542999958,-0.141695991267973,0.015153551731985,0.015153551731985,TRUE
"铅钡","58",11,14,0.179640675374564,0.194329902295556,0.0146892269209926,0.0146892269209926,TRUE
"铅钡","58",12,13,-0.136130144878921,-0.146337536651636,-0.0102073917727147,0.0102073917727147,TRUE
"铅钡","58",12,14,0.111754790810533,0.106542868889325,-0.00521192192120785,0.00521192192120785,TRUE
"铅钡","58",13,14,-0.181384208932658,-0.197254062241356,-0.0158698533086979,0.0158698533086979,TRUE
